{"type":"Topology","id":"x0402:28214","metadata":{"type":["町丁・字等境界"],"dc:title":"兵庫県宝塚市:フル解像度TopoJSON","dc:source":"r2ka28214.shp","dc:issued":"2022-06-24","dc:subject":["町丁・字境界","国勢調査","政府統計"],"cc:license":"https://www.e-stat.go.jp/terms-of-use","cc:useGuidelines":"https://www.e-stat.go.jp/gis/statmap-search?page=1&type=2&aggregateUnitForBoundary=A&toukeiCode=00200521&toukeiYear=2020&serveyId=A002005212020&coordsys=1&format=shape&datum=2000","cc:attributionText":"「令和2年国勢調査町丁・字等別境界データ」をもとにNIIが加工","cc:attributionURL":"https://www.e-stat.go.jp/"},"objects":{"town":{"type":"GeometryCollection","geometries":[{"type":"Polygon","arcs":[[0,1,2,3,4]],"properties":{"KEY_CODE":"28214101001","PREF":"28","CITY":"214","S_AREA":"101001","PREF_NAME":"兵庫県","CITY_NAME":"宝塚市","S_NAME":"小浜一丁目","KIGO_E":null,"HCODE":8101,"AREA":161849.088,"PERIMETER":1733.524,"R2KAxx":6305,"R2KAxx_ID":6304,"KIHON1":"1010","DUMMY1":"-","KIHON2":"01","KEYCODE1":"214101001","KEYCODE2":"214101001","AREA_MAX_F":"M","KIGO_D":null,"N_KEN":null,"N_CITY":null,"KIGO_I":null,"KBSUM":2,"JINKO":0,"SETAI":0,"X_CODE":135.364306,"Y_CODE":34.80049,"KCODE1":"1010-01"}},{"type":"Polygon","arcs":[[5,-3,6,7,8,9]],"properties":{"KEY_CODE":"28214101002","PREF":"28","CITY":"214","S_AREA":"101002","PREF_NAME":"兵庫県","CITY_NAME":"宝塚市","S_NAME":"小浜二丁目","KIGO_E":null,"HCODE":8101,"AREA":84183.37,"PERIMETER":1687.134,"R2KAxx":6306,"R2KAxx_ID":6305,"KIHON1":"1010","DUMMY1":"-","KIHON2":"02","KEYCODE1":"214101002","KEYCODE2":"214101002","AREA_MAX_F":"M","KIGO_D":null,"N_KEN":null,"N_CITY":null,"KIGO_I":null,"KBSUM":12,"JINKO":1254,"SETAI":532,"X_CODE":135.364935,"Y_CODE":34.802519,"KCODE1":"1010-02"}},{"type":"Polygon","arcs":[[10,-7,11,12,13,14]],"properties":{"KEY_CODE":"28214101003","PREF":"28","CITY":"214","S_AREA":"101003","PREF_NAME":"兵庫県","CITY_NAME":"宝塚市","S_NAME":"小浜三丁目","KIGO_E":null,"HCODE":8101,"AREA":72465.504,"PERIMETER":1284.318,"R2KAxx":6307,"R2KAxx_ID":6306,"KIHON1":"1010","DUMMY1":"-","KIHON2":"03","KEYCODE1":"214101003","KEYCODE2":"214101003","AREA_MAX_F":"M","KIGO_D":null,"N_KEN":null,"N_CITY":null,"KIGO_I":null,"KBSUM":15,"JINKO":514,"SETAI":222,"X_CODE":135.361157,"Y_CODE":34.804546,"KCODE1":"1010-03"}},{"type":"Polygon","arcs":[[15,-9,16,17]],"properties":{"KEY_CODE":"28214101004","PREF":"28","CITY":"214","S_AREA":"101004","PREF_NAME":"兵庫県","CITY_NAME":"宝塚市","S_NAME":"小浜四丁目","KIGO_E":null,"HCODE":8101,"AREA":90693.713,"PERIMETER":1321.996,"R2KAxx":6308,"R2KAxx_ID":6307,"KIHON1":"1010","DUMMY1":"-","KIHON2":"04","KEYCODE1":"214101004","KEYCODE2":"214101004","AREA_MAX_F":"M","KIGO_D":null,"N_KEN":null,"N_CITY":null,"KIGO_I":null,"KBSUM":9,"JINKO":257,"SETAI":99,"X_CODE":135.365799,"Y_CODE":34.80553,"KCODE1":"1010-04"}},{"type":"Polygon","arcs":[[18,-17,-8,-11,19,20,21]],"properties":{"KEY_CODE":"28214101005","PREF":"28","CITY":"214","S_AREA":"101005","PREF_NAME":"兵庫県","CITY_NAME":"宝塚市","S_NAME":"小浜五丁目","KIGO_E":null,"HCODE":8101,"AREA":107853.38,"PERIMETER":1634.826,"R2KAxx":6309,"R2KAxx_ID":6308,"KIHON1":"1010","DUMMY1":"-","KIHON2":"05","KEYCODE1":"214101005","KEYCODE2":"214101005","AREA_MAX_F":"M","KIGO_D":null,"N_KEN":null,"N_CITY":null,"KIGO_I":null,"KBSUM":19,"JINKO":906,"SETAI":384,"X_CODE":135.36367,"Y_CODE":34.807439,"KCODE1":"1010-05"}},{"type":"Polygon","arcs":[[22,23,-12,-2]],"properties":{"KEY_CODE":"28214102001","PREF":"28","CITY":"214","S_AREA":"102001","PREF_NAME":"兵庫県","CITY_NAME":"宝塚市","S_NAME":"美座一丁目","KIGO_E":null,"HCODE":8101,"AREA":66846.668,"PERIMETER":1149.48,"R2KAxx":6310,"R2KAxx_ID":6309,"KIHON1":"1020","DUMMY1":"-","KIHON2":"01","KEYCODE1":"214102001","KEYCODE2":"214102001","AREA_MAX_F":"M","KIGO_D":null,"N_KEN":null,"N_CITY":null,"KIGO_I":null,"KBSUM":4,"JINKO":78,"SETAI":45,"X_CODE":135.360013,"Y_CODE":34.802862,"KCODE1":"1020-01"}},{"type":"Polygon","arcs":[[-24,24,25,26,27,-13]],"properties":{"KEY_CODE":"28214102002","PREF":"28","CITY":"214","S_AREA":"102002","PREF_NAME":"兵庫県","CITY_NAME":"宝塚市","S_NAME":"美座二丁目","KIGO_E":null,"HCODE":8101,"AREA":98146.081,"PERIMETER":1755.294,"R2KAxx":6311,"R2KAxx_ID":6310,"KIHON1":"1020","DUMMY1":"-","KIHON2":"02","KEYCODE1":"214102002","KEYCODE2":"214102002","AREA_MAX_F":"M","KIGO_D":null,"N_KEN":null,"N_CITY":null,"KIGO_I":null,"KBSUM":21,"JINKO":701,"SETAI":247,"X_CODE":135.356384,"Y_CODE":34.804768,"KCODE1":"1020-02"}},{"type":"Polygon","arcs":[[28,29,30,31,32,-27]],"properties":{"KEY_CODE":"282141030","PREF":"28","CITY":"214","S_AREA":"103000","PREF_NAME":"兵庫県","CITY_NAME":"宝塚市","S_NAME":"武庫川町","KIGO_E":null,"HCODE":8101,"AREA":201567.521,"PERIMETER":1860.075,"R2KAxx":6312,"R2KAxx_ID":6311,"KIHON1":"1030","DUMMY1":"-","KIHON2":"00","KEYCODE1":"214103000","KEYCODE2":"2141030","AREA_MAX_F":"M","KIGO_D":null,"N_KEN":null,"N_CITY":null,"KIGO_I":null,"KBSUM":32,"JINKO":3207,"SETAI":1663,"X_CODE":135.350255,"Y_CODE":34.806495,"KCODE1":"1030-00"}},{"type":"Polygon","arcs":[[-32,33,34,35,36]],"properties":{"KEY_CODE":"282141040","PREF":"28","CITY":"214","S_AREA":"104000","PREF_NAME":"兵庫県","CITY_NAME":"宝塚市","S_NAME":"宮の町","KIGO_E":null,"HCODE":8101,"AREA":68668.951,"PERIMETER":1167.073,"R2KAxx":6313,"R2KAxx_ID":6312,"KIHON1":"1040","DUMMY1":"-","KIHON2":"00","KEYCODE1":"214104000","KEYCODE2":"2141040","AREA_MAX_F":"M","KIGO_D":null,"N_KEN":null,"N_CITY":null,"KIGO_I":null,"KBSUM":15,"JINKO":549,"SETAI":278,"X_CODE":135.350026,"Y_CODE":34.808995,"KCODE1":"1040-00"}},{"type":"Polygon","arcs":[[37,-37,38,39,40]],"properties":{"KEY_CODE":"28214105001","PREF":"28","CITY":"214","S_AREA":"105001","PREF_NAME":"兵庫県","CITY_NAME":"宝塚市","S_NAME":"旭町一丁目","KIGO_E":null,"HCODE":8101,"AREA":95636.059,"PERIMETER":1368.985,"R2KAxx":6314,"R2KAxx_ID":6313,"KIHON1":"1050","DUMMY1":"-","KIHON2":"01","KEYCODE1":"214105001","KEYCODE2":"214105001","AREA_MAX_F":"M","KIGO_D":null,"N_KEN":null,"N_CITY":null,"KIGO_I":null,"KBSUM":21,"JINKO":1299,"SETAI":586,"X_CODE":135.354067,"Y_CODE":34.80884,"KCODE1":"1050-01"}},{"type":"Polygon","arcs":[[41,42,43,-41,44]],"properties":{"KEY_CODE":"28214105002","PREF":"28","CITY":"214","S_AREA":"105002","PREF_NAME":"兵庫県","CITY_NAME":"宝塚市","S_NAME":"旭町二丁目","KIGO_E":null,"HCODE":8101,"AREA":82883.208,"PERIMETER":1247.247,"R2KAxx":6315,"R2KAxx_ID":6314,"KIHON1":"1050","DUMMY1":"-","KIHON2":"02","KEYCODE1":"214105002","KEYCODE2":"214105002","AREA_MAX_F":"M","KIGO_D":null,"N_KEN":null,"N_CITY":null,"KIGO_I":null,"KBSUM":23,"JINKO":866,"SETAI":359,"X_CODE":135.356831,"Y_CODE":34.80845,"KCODE1":"1050-02"}},{"type":"Polygon","arcs":[[45,-14,-28,-33,-38,-44]],"properties":{"KEY_CODE":"28214105003","PREF":"28","CITY":"214","S_AREA":"105003","PREF_NAME":"兵庫県","CITY_NAME":"宝塚市","S_NAME":"旭町三丁目","KIGO_E":null,"HCODE":8101,"AREA":81010.327,"PERIMETER":1632.87,"R2KAxx":6316,"R2KAxx_ID":6315,"KIHON1":"1050","DUMMY1":"-","KIHON2":"03","KEYCODE1":"214105003","KEYCODE2":"214105003","AREA_MAX_F":"M","KIGO_D":null,"N_KEN":null,"N_CITY":null,"KIGO_I":null,"KBSUM":20,"JINKO":953,"SETAI":402,"X_CODE":135.35656,"Y_CODE":34.8062,"KCODE1":"1050-03"}},{"type":"Polygon","arcs":[[-21,46,-46,-43,47]],"properties":{"KEY_CODE":"282141060","PREF":"28","CITY":"214","S_AREA":"106000","PREF_NAME":"兵庫県","CITY_NAME":"宝塚市","S_NAME":"鶴の荘","KIGO_E":null,"HCODE":8101,"AREA":89992.908,"PERIMETER":1407.798,"R2KAxx":6317,"R2KAxx_ID":6316,"KIHON1":"1060","DUMMY1":"-","KIHON2":"00","KEYCODE1":"214106000","KEYCODE2":"2141060","AREA_MAX_F":"M","KIGO_D":null,"N_KEN":null,"N_CITY":null,"KIGO_I":null,"KBSUM":24,"JINKO":559,"SETAI":255,"X_CODE":135.359335,"Y_CODE":34.807912,"KCODE1":"1060-00"}},{"type":"Polygon","arcs":[[-15,-47,-20]],"properties":{"KEY_CODE":"282141070","PREF":"28","CITY":"214","S_AREA":"107000","PREF_NAME":"兵庫県","CITY_NAME":"宝塚市","S_NAME":"向月町","KIGO_E":null,"HCODE":8101,"AREA":69137.328,"PERIMETER":1231.712,"R2KAxx":6318,"R2KAxx_ID":6317,"KIHON1":"1070","DUMMY1":"-","KIHON2":"00","KEYCODE1":"214107000","KEYCODE2":"2141070","AREA_MAX_F":"M","KIGO_D":null,"N_KEN":null,"N_CITY":null,"KIGO_I":null,"KBSUM":21,"JINKO":431,"SETAI":197,"X_CODE":135.361507,"Y_CODE":34.806861,"KCODE1":"1070-00"}},{"type":"Polygon","arcs":[[48,-22,-48,-42,49,50,51]],"properties":{"KEY_CODE":"28214108001","PREF":"28","CITY":"214","S_AREA":"108001","PREF_NAME":"兵庫県","CITY_NAME":"宝塚市","S_NAME":"米谷一丁目","KIGO_E":null,"HCODE":8101,"AREA":155469.658,"PERIMETER":1866.87,"R2KAxx":6319,"R2KAxx_ID":6318,"KIHON1":"1080","DUMMY1":"-","KIHON2":"01","KEYCODE1":"214108001","KEYCODE2":"214108001","AREA_MAX_F":"M","KIGO_D":null,"N_KEN":null,"N_CITY":null,"KIGO_I":null,"KBSUM":37,"JINKO":1490,"SETAI":628,"X_CODE":135.362827,"Y_CODE":34.81033,"KCODE1":"1080-01"}},{"type":"Polygon","arcs":[[-45,-40,52,53,54,55,-50]],"properties":{"KEY_CODE":"28214108002","PREF":"28","CITY":"214","S_AREA":"108002","PREF_NAME":"兵庫県","CITY_NAME":"宝塚市","S_NAME":"米谷二丁目","KIGO_E":null,"HCODE":8101,"AREA":91250.155,"PERIMETER":1470.826,"R2KAxx":6320,"R2KAxx_ID":6319,"KIHON1":"1080","DUMMY1":"-","KIHON2":"02","KEYCODE1":"214108002","KEYCODE2":"214108002","AREA_MAX_F":"M","KIGO_D":null,"N_KEN":null,"N_CITY":null,"KIGO_I":null,"KBSUM":18,"JINKO":1249,"SETAI":551,"X_CODE":135.35871,"Y_CODE":34.811343,"KCODE1":"1080-02"}},{"type":"Polygon","arcs":[[56,-52,57,58]],"properties":{"KEY_CODE":"282141090","PREF":"28","CITY":"214","S_AREA":"109000","PREF_NAME":"兵庫県","CITY_NAME":"宝塚市","S_NAME":"寿町","KIGO_E":null,"HCODE":8101,"AREA":54473.413,"PERIMETER":1161.196,"R2KAxx":6321,"R2KAxx_ID":6320,"KIHON1":"1090","DUMMY1":"-","KIHON2":"00","KEYCODE1":"214109000","KEYCODE2":"2141090","AREA_MAX_F":"M","KIGO_D":null,"N_KEN":null,"N_CITY":null,"KIGO_I":null,"KBSUM":10,"JINKO":862,"SETAI":355,"X_CODE":135.366492,"Y_CODE":34.811009,"KCODE1":"1090-00"}},{"type":"Polygon","arcs":[[59,60,61,62,63,-58]],"properties":{"KEY_CODE":"282141100","PREF":"28","CITY":"214","S_AREA":"110000","PREF_NAME":"兵庫県","CITY_NAME":"宝塚市","S_NAME":"星の荘","KIGO_E":null,"HCODE":8101,"AREA":149468.807,"PERIMETER":1583.773,"R2KAxx":6322,"R2KAxx_ID":6321,"KIHON1":"1100","DUMMY1":"-","KIHON2":"00","KEYCODE1":"214110000","KEYCODE2":"2141100","AREA_MAX_F":"M","KIGO_D":null,"N_KEN":null,"N_CITY":null,"KIGO_I":null,"KBSUM":31,"JINKO":1371,"SETAI":647,"X_CODE":135.366636,"Y_CODE":34.814205,"KCODE1":"1100-00"}},{"type":"Polygon","arcs":[[64,-63,65]],"properties":{"KEY_CODE":"282141110","PREF":"28","CITY":"214","S_AREA":"111000","PREF_NAME":"兵庫県","CITY_NAME":"宝塚市","S_NAME":"三笠町","KIGO_E":null,"HCODE":8101,"AREA":39725.305,"PERIMETER":891.554,"R2KAxx":6323,"R2KAxx_ID":6322,"KIHON1":"1110","DUMMY1":"-","KIHON2":"00","KEYCODE1":"214111000","KEYCODE2":"2141110","AREA_MAX_F":"M","KIGO_D":null,"N_KEN":null,"N_CITY":null,"KIGO_I":null,"KBSUM":13,"JINKO":361,"SETAI":166,"X_CODE":135.369171,"Y_CODE":34.813237,"KCODE1":"1110-00"}},{"type":"Polygon","arcs":[[66,67,68,69,-59,-64,-65,70,71]],"properties":{"KEY_CODE":"282141120","PREF":"28","CITY":"214","S_AREA":"112000","PREF_NAME":"兵庫県","CITY_NAME":"宝塚市","S_NAME":"泉町","KIGO_E":null,"HCODE":8101,"AREA":173484.803,"PERIMETER":1829.594,"R2KAxx":6324,"R2KAxx_ID":6323,"KIHON1":"1120","DUMMY1":"-","KIHON2":"00","KEYCODE1":"214112000","KEYCODE2":"2141120","AREA_MAX_F":"M","KIGO_D":null,"N_KEN":null,"N_CITY":null,"KIGO_I":null,"KBSUM":37,"JINKO":2342,"SETAI":1097,"X_CODE":135.369538,"Y_CODE":34.810361,"KCODE1":"1120-00"}},{"type":"Polygon","arcs":[[72,-67]],"properties":{"KEY_CODE":"282141121","PREF":"28","CITY":"214","S_AREA":"112100","PREF_NAME":"兵庫県","CITY_NAME":"宝塚市","S_NAME":"泉町","KIGO_E":null,"HCODE":8101,"AREA":2997.901,"PERIMETER":213.408,"R2KAxx":6325,"R2KAxx_ID":6324,"KIHON1":"1121","DUMMY1":"-","KIHON2":"00","KEYCODE1":"214112100","KEYCODE2":"2141121","AREA_MAX_F":"M","KIGO_D":null,"N_KEN":null,"N_CITY":null,"KIGO_I":null,"KBSUM":1,"JINKO":48,"SETAI":33,"X_CODE":135.371669,"Y_CODE":34.809685,"KCODE1":"1121-00"}},{"type":"Polygon","arcs":[[73,74]],"properties":{"KEY_CODE":"282141130","PREF":"28","CITY":"214","S_AREA":"113000","PREF_NAME":"兵庫県","CITY_NAME":"宝塚市","S_NAME":"弥生町","KIGO_E":"E1","HCODE":8101,"AREA":23411.062,"PERIMETER":653.947,"R2KAxx":6326,"R2KAxx_ID":6325,"KIHON1":"1130","DUMMY1":"-","KIHON2":"00","KEYCODE1":"214113000","KEYCODE2":"2141130","AREA_MAX_F":"M","KIGO_D":null,"N_KEN":null,"N_CITY":null,"KIGO_I":null,"KBSUM":8,"JINKO":1028,"SETAI":371,"X_CODE":135.368745,"Y_CODE":34.796136,"KCODE1":"1130-00"}},{"type":"Polygon","arcs":[[75,-4,-6,76,77]],"properties":{"KEY_CODE":"282141130","PREF":"28","CITY":"214","S_AREA":"113000","PREF_NAME":"兵庫県","CITY_NAME":"宝塚市","S_NAME":"弥生町","KIGO_E":"E2","HCODE":8101,"AREA":8409.469,"PERIMETER":405.927,"R2KAxx":6327,"R2KAxx_ID":6326,"KIHON1":"1130","DUMMY1":"-","KIHON2":"00","KEYCODE1":"214113000","KEYCODE2":"2141130","AREA_MAX_F":null,"KIGO_D":null,"N_KEN":null,"N_CITY":null,"KIGO_I":null,"KBSUM":0,"JINKO":0,"SETAI":0,"X_CODE":135.367893,"Y_CODE":34.798938,"KCODE1":"1130-00"}},{"type":"Polygon","arcs":[[78,-74,79,-78,80]],"properties":{"KEY_CODE":"282141131","PREF":"28","CITY":"214","S_AREA":"113100","PREF_NAME":"兵庫県","CITY_NAME":"宝塚市","S_NAME":"弥生町","KIGO_E":null,"HCODE":8101,"AREA":21325.293,"PERIMETER":628.204,"R2KAxx":6328,"R2KAxx_ID":6327,"KIHON1":"1131","DUMMY1":"-","KIHON2":"00","KEYCODE1":"214113100","KEYCODE2":"2141131","AREA_MAX_F":"M","KIGO_D":null,"N_KEN":null,"N_CITY":null,"KIGO_I":null,"KBSUM":3,"JINKO":267,"SETAI":2,"X_CODE":135.36805,"Y_CODE":34.797572,"KCODE1":"1131-00"}},{"type":"Polygon","arcs":[[-80,-75,-79,81,82,83,84,-5,-76]],"properties":{"KEY_CODE":"282141132","PREF":"28","CITY":"214","S_AREA":"113200","PREF_NAME":"兵庫県","CITY_NAME":"宝塚市","S_NAME":"弥生町","KIGO_E":null,"HCODE":8101,"AREA":102492.803,"PERIMETER":2466.807,"R2KAxx":6329,"R2KAxx_ID":6328,"KIHON1":"1132","DUMMY1":"-","KIHON2":"00","KEYCODE1":"214113200","KEYCODE2":"2141132","AREA_MAX_F":"M","KIGO_D":null,"N_KEN":null,"N_CITY":null,"KIGO_I":null,"KBSUM":1,"JINKO":0,"SETAI":0,"X_CODE":135.36795,"Y_CODE":34.795626,"KCODE1":"1132-00"}},{"type":"Polygon","arcs":[[85,-10,-16,86,87,88]],"properties":{"KEY_CODE":"28214114001","PREF":"28","CITY":"214","S_AREA":"114001","PREF_NAME":"兵庫県","CITY_NAME":"宝塚市","S_NAME":"安倉西一丁目","KIGO_E":null,"HCODE":8101,"AREA":62197.843,"PERIMETER":1600.815,"R2KAxx":6330,"R2KAxx_ID":6329,"KIHON1":"1140","DUMMY1":"-","KIHON2":"01","KEYCODE1":"214114001","KEYCODE2":"214114001","AREA_MAX_F":"M","KIGO_D":null,"N_KEN":null,"N_CITY":null,"KIGO_I":null,"KBSUM":8,"JINKO":4,"SETAI":2,"X_CODE":135.366853,"Y_CODE":34.802337,"KCODE1":"1140-01"}},{"type":"Polygon","arcs":[[89,90,-82,-81,-77,-86,91,92]],"properties":{"KEY_CODE":"28214114002","PREF":"28","CITY":"214","S_AREA":"114002","PREF_NAME":"兵庫県","CITY_NAME":"宝塚市","S_NAME":"安倉西二丁目","KIGO_E":null,"HCODE":8101,"AREA":92100.912,"PERIMETER":1732.991,"R2KAxx":6331,"R2KAxx_ID":6330,"KIHON1":"1140","DUMMY1":"-","KIHON2":"02","KEYCODE1":"214114002","KEYCODE2":"214114002","AREA_MAX_F":"M","KIGO_D":null,"N_KEN":null,"N_CITY":null,"KIGO_I":null,"KBSUM":15,"JINKO":1050,"SETAI":552,"X_CODE":135.370012,"Y_CODE":34.797546,"KCODE1":"1140-02"}},{"type":"Polygon","arcs":[[93,94,95,96,89,-93]],"properties":{"KEY_CODE":"28214114003","PREF":"28","CITY":"214","S_AREA":"114003","PREF_NAME":"兵庫県","CITY_NAME":"宝塚市","S_NAME":"安倉西三丁目","KIGO_E":null,"HCODE":8101,"AREA":68577.655,"PERIMETER":1093.455,"R2KAxx":6332,"R2KAxx_ID":6331,"KIHON1":"1140","DUMMY1":"-","KIHON2":"03","KEYCODE1":"214114003","KEYCODE2":"214114003","AREA_MAX_F":"M","KIGO_D":null,"N_KEN":null,"N_CITY":null,"KIGO_I":null,"KBSUM":11,"JINKO":410,"SETAI":208,"X_CODE":135.372254,"Y_CODE":34.795491,"KCODE1":"1140-03"}},{"type":"Polygon","arcs":[[97,98,99]],"properties":{"KEY_CODE":"28214114004","PREF":"28","CITY":"214","S_AREA":"114004","PREF_NAME":"兵庫県","CITY_NAME":"宝塚市","S_NAME":"安倉西四丁目","KIGO_E":"E3","HCODE":8101,"AREA":2459.969,"PERIMETER":265.565,"R2KAxx":6335,"R2KAxx_ID":6334,"KIHON1":"1140","DUMMY1":"-","KIHON2":"04","KEYCODE1":"214114004","KEYCODE2":"214114004","AREA_MAX_F":null,"KIGO_D":null,"N_KEN":null,"N_CITY":null,"KIGO_I":null,"KBSUM":0,"JINKO":0,"SETAI":0,"X_CODE":135.378301,"Y_CODE":34.791276,"KCODE1":"1140-04"}},{"type":"Polygon","arcs":[[100,101]],"properties":{"KEY_CODE":"28214114004","PREF":"28","CITY":"214","S_AREA":"114004","PREF_NAME":"兵庫県","CITY_NAME":"宝塚市","S_NAME":"安倉西四丁目","KIGO_E":"E4","HCODE":8101,"AREA":331.811,"PERIMETER":78.802,"R2KAxx":6334,"R2KAxx_ID":6333,"KIHON1":"1140","DUMMY1":"-","KIHON2":"04","KEYCODE1":"214114004","KEYCODE2":"214114004","AREA_MAX_F":null,"KIGO_D":null,"N_KEN":null,"N_CITY":null,"KIGO_I":null,"KBSUM":0,"JINKO":0,"SETAI":0,"X_CODE":135.375713,"Y_CODE":34.791569,"KCODE1":"1140-04"}},{"type":"Polygon","arcs":[[102,103,104,-96,105]],"properties":{"KEY_CODE":"28214114004","PREF":"28","CITY":"214","S_AREA":"114004","PREF_NAME":"兵庫県","CITY_NAME":"宝塚市","S_NAME":"安倉西四丁目","KIGO_E":"E1","HCODE":8101,"AREA":79054.427,"PERIMETER":1379.656,"R2KAxx":6337,"R2KAxx_ID":6336,"KIHON1":"1140","DUMMY1":"-","KIHON2":"04","KEYCODE1":"214114004","KEYCODE2":"214114004","AREA_MAX_F":"M","KIGO_D":null,"N_KEN":null,"N_CITY":null,"KIGO_I":null,"KBSUM":20,"JINKO":514,"SETAI":221,"X_CODE":135.374603,"Y_CODE":34.793625,"KCODE1":"1140-04"}},{"type":"Polygon","arcs":[[106,107,108]],"properties":{"KEY_CODE":"28214114004","PREF":"28","CITY":"214","S_AREA":"114004","PREF_NAME":"兵庫県","CITY_NAME":"宝塚市","S_NAME":"安倉西四丁目","KIGO_E":"E2","HCODE":8101,"AREA":4560.93,"PERIMETER":453.369,"R2KAxx":6333,"R2KAxx_ID":6332,"KIHON1":"1140","DUMMY1":"-","KIHON2":"04","KEYCODE1":"214114004","KEYCODE2":"214114004","AREA_MAX_F":null,"KIGO_D":null,"N_KEN":null,"N_CITY":null,"KIGO_I":null,"KBSUM":0,"JINKO":0,"SETAI":0,"X_CODE":135.376385,"Y_CODE":34.791028,"KCODE1":"1140-04"}},{"type":"Polygon","arcs":[[109,110]],"properties":{"KEY_CODE":"28214114004","PREF":"28","CITY":"214","S_AREA":"114004","PREF_NAME":"兵庫県","CITY_NAME":"宝塚市","S_NAME":"安倉西四丁目","KIGO_E":"E5","HCODE":8101,"AREA":2839.389,"PERIMETER":222.153,"R2KAxx":6336,"R2KAxx_ID":6335,"KIHON1":"1140","DUMMY1":"-","KIHON2":"04","KEYCODE1":"214114004","KEYCODE2":"214114004","AREA_MAX_F":null,"KIGO_D":null,"N_KEN":null,"N_CITY":null,"KIGO_I":null,"KBSUM":0,"JINKO":0,"SETAI":0,"X_CODE":135.377261,"Y_CODE":34.791715,"KCODE1":"1140-04"}},{"type":"Polygon","arcs":[[111,-99,112,113]],"properties":{"KEY_CODE":"282141141","PREF":"28","CITY":"214","S_AREA":"114104","PREF_NAME":"兵庫県","CITY_NAME":"宝塚市","S_NAME":"安倉西","KIGO_E":"E2","HCODE":8101,"AREA":2348.162,"PERIMETER":227.931,"R2KAxx":6338,"R2KAxx_ID":6337,"KIHON1":"1141","DUMMY1":"-","KIHON2":"04","KEYCODE1":"214114104","KEYCODE2":"2141141","AREA_MAX_F":null,"KIGO_D":null,"N_KEN":null,"N_CITY":null,"KIGO_I":null,"KBSUM":0,"JINKO":0,"SETAI":0,"X_CODE":135.378305,"Y_CODE":34.790813,"KCODE1":"1141-04"}},{"type":"Polygon","arcs":[[114,115,-108,116,-101,117,118,119]],"properties":{"KEY_CODE":"282141141","PREF":"28","CITY":"214","S_AREA":"114104","PREF_NAME":"兵庫県","CITY_NAME":"宝塚市","S_NAME":"安倉西","KIGO_E":"E1","HCODE":8101,"AREA":3030.934,"PERIMETER":315.168,"R2KAxx":6339,"R2KAxx_ID":6338,"KIHON1":"1141","DUMMY1":"-","KIHON2":"04","KEYCODE1":"214114104","KEYCODE2":"2141141","AREA_MAX_F":"M","KIGO_D":null,"N_KEN":null,"N_CITY":null,"KIGO_I":null,"KBSUM":2,"JINKO":14,"SETAI":5,"X_CODE":135.375918,"Y_CODE":34.791682,"KCODE1":"1141-04"}},{"type":"Polygon","arcs":[[-107,120,-118,-102,-117]],"properties":{"KEY_CODE":"282141142","PREF":"28","CITY":"214","S_AREA":"114204","PREF_NAME":"兵庫県","CITY_NAME":"宝塚市","S_NAME":"安倉西","KIGO_E":"E2","HCODE":8101,"AREA":1867.306,"PERIMETER":207.527,"R2KAxx":6340,"R2KAxx_ID":6339,"KIHON1":"1142","DUMMY1":"-","KIHON2":"04","KEYCODE1":"214114204","KEYCODE2":"2141142","AREA_MAX_F":null,"KIGO_D":null,"N_KEN":null,"N_CITY":null,"KIGO_I":null,"KBSUM":0,"JINKO":0,"SETAI":0,"X_CODE":135.375787,"Y_CODE":34.791416,"KCODE1":"1142-04"}},{"type":"Polygon","arcs":[[121,122,-100,-112,123,-111,124,114,-120,125,-104]],"properties":{"KEY_CODE":"282141142","PREF":"28","CITY":"214","S_AREA":"114204","PREF_NAME":"兵庫県","CITY_NAME":"宝塚市","S_NAME":"安倉西","KIGO_E":"E1","HCODE":8101,"AREA":21479.379,"PERIMETER":1105.195,"R2KAxx":6341,"R2KAxx_ID":6340,"KIHON1":"1142","DUMMY1":"-","KIHON2":"04","KEYCODE1":"214114204","KEYCODE2":"2141142","AREA_MAX_F":"M","KIGO_D":null,"N_KEN":null,"N_CITY":null,"KIGO_I":null,"KBSUM":3,"JINKO":139,"SETAI":84,"X_CODE":135.376472,"Y_CODE":34.791827,"KCODE1":"1142-04"}},{"type":"Polygon","arcs":[[-70,126,127,-87,-18,-19,-49,-57]],"properties":{"KEY_CODE":"28214115001","PREF":"28","CITY":"214","S_AREA":"115001","PREF_NAME":"兵庫県","CITY_NAME":"宝塚市","S_NAME":"安倉北一丁目","KIGO_E":null,"HCODE":8101,"AREA":112628.342,"PERIMETER":2168.293,"R2KAxx":6342,"R2KAxx_ID":6341,"KIHON1":"1150","DUMMY1":"-","KIHON2":"01","KEYCODE1":"214115001","KEYCODE2":"214115001","AREA_MAX_F":"M","KIGO_D":null,"N_KEN":null,"N_CITY":null,"KIGO_I":null,"KBSUM":6,"JINKO":225,"SETAI":92,"X_CODE":135.367775,"Y_CODE":34.806725,"KCODE1":"1150-01"}},{"type":"Polygon","arcs":[[128,129,-88,-128,130,131,132,133]],"properties":{"KEY_CODE":"28214115002","PREF":"28","CITY":"214","S_AREA":"115002","PREF_NAME":"兵庫県","CITY_NAME":"宝塚市","S_NAME":"安倉北二丁目","KIGO_E":null,"HCODE":8101,"AREA":155026.473,"PERIMETER":2265.741,"R2KAxx":6343,"R2KAxx_ID":6342,"KIHON1":"1150","DUMMY1":"-","KIHON2":"02","KEYCODE1":"214115002","KEYCODE2":"214115002","AREA_MAX_F":"M","KIGO_D":null,"N_KEN":null,"N_CITY":null,"KIGO_I":null,"KBSUM":17,"JINKO":729,"SETAI":309,"X_CODE":135.371653,"Y_CODE":34.804731,"KCODE1":"1150-02"}},{"type":"Polygon","arcs":[[134,-131,-127,-69,135]],"properties":{"KEY_CODE":"28214115003","PREF":"28","CITY":"214","S_AREA":"115003","PREF_NAME":"兵庫県","CITY_NAME":"宝塚市","S_NAME":"安倉北三丁目","KIGO_E":null,"HCODE":8101,"AREA":55318.155,"PERIMETER":1305.67,"R2KAxx":6344,"R2KAxx_ID":6343,"KIHON1":"1150","DUMMY1":"-","KIHON2":"03","KEYCODE1":"214115003","KEYCODE2":"214115003","AREA_MAX_F":"M","KIGO_D":null,"N_KEN":null,"N_CITY":null,"KIGO_I":null,"KBSUM":12,"JINKO":676,"SETAI":313,"X_CODE":135.37062,"Y_CODE":34.806985,"KCODE1":"1150-03"}},{"type":"Polygon","arcs":[[-136,-68,-73,-72,136,137,138]],"properties":{"KEY_CODE":"28214115004","PREF":"28","CITY":"214","S_AREA":"115004","PREF_NAME":"兵庫県","CITY_NAME":"宝塚市","S_NAME":"安倉北四丁目","KIGO_E":null,"HCODE":8101,"AREA":118974.723,"PERIMETER":1610.619,"R2KAxx":6345,"R2KAxx_ID":6344,"KIHON1":"1150","DUMMY1":"-","KIHON2":"04","KEYCODE1":"214115004","KEYCODE2":"214115004","AREA_MAX_F":"M","KIGO_D":null,"N_KEN":null,"N_CITY":null,"KIGO_I":null,"KBSUM":3,"JINKO":34,"SETAI":11,"X_CODE":135.37281,"Y_CODE":34.809023,"KCODE1":"1150-04"}},{"type":"Polygon","arcs":[[-135,-139,139,-132]],"properties":{"KEY_CODE":"28214115005","PREF":"28","CITY":"214","S_AREA":"115005","PREF_NAME":"兵庫県","CITY_NAME":"宝塚市","S_NAME":"安倉北五丁目","KIGO_E":null,"HCODE":8101,"AREA":142240.708,"PERIMETER":1526.785,"R2KAxx":6346,"R2KAxx_ID":6345,"KIHON1":"1150","DUMMY1":"-","KIHON2":"05","KEYCODE1":"214115005","KEYCODE2":"214115005","AREA_MAX_F":"M","KIGO_D":null,"N_KEN":null,"N_CITY":null,"KIGO_I":null,"KBSUM":4,"JINKO":79,"SETAI":34,"X_CODE":135.375113,"Y_CODE":34.807256,"KCODE1":"1150-05"}},{"type":"Polygon","arcs":[[140,-89,-130,141]],"properties":{"KEY_CODE":"28214116001","PREF":"28","CITY":"214","S_AREA":"116001","PREF_NAME":"兵庫県","CITY_NAME":"宝塚市","S_NAME":"安倉中一丁目","KIGO_E":null,"HCODE":8101,"AREA":142959.464,"PERIMETER":1550.468,"R2KAxx":6347,"R2KAxx_ID":6346,"KIHON1":"1160","DUMMY1":"-","KIHON2":"01","KEYCODE1":"214116001","KEYCODE2":"214116001","AREA_MAX_F":"M","KIGO_D":null,"N_KEN":null,"N_CITY":null,"KIGO_I":null,"KBSUM":15,"JINKO":393,"SETAI":151,"X_CODE":135.369998,"Y_CODE":34.801878,"KCODE1":"1160-01"}},{"type":"Polygon","arcs":[[142,-94,-92,-141,143,144]],"properties":{"KEY_CODE":"28214116002","PREF":"28","CITY":"214","S_AREA":"116002","PREF_NAME":"兵庫県","CITY_NAME":"宝塚市","S_NAME":"安倉中二丁目","KIGO_E":null,"HCODE":8101,"AREA":71557.463,"PERIMETER":1336.843,"R2KAxx":6348,"R2KAxx_ID":6347,"KIHON1":"1160","DUMMY1":"-","KIHON2":"02","KEYCODE1":"214116002","KEYCODE2":"214116002","AREA_MAX_F":"M","KIGO_D":null,"N_KEN":null,"N_CITY":null,"KIGO_I":null,"KBSUM":13,"JINKO":604,"SETAI":247,"X_CODE":135.371287,"Y_CODE":34.79921,"KCODE1":"1160-02"}},{"type":"Polygon","arcs":[[-142,-129,145,146]],"properties":{"KEY_CODE":"28214116003","PREF":"28","CITY":"214","S_AREA":"116003","PREF_NAME":"兵庫県","CITY_NAME":"宝塚市","S_NAME":"安倉中三丁目","KIGO_E":null,"HCODE":8101,"AREA":62954.26,"PERIMETER":1095.449,"R2KAxx":6349,"R2KAxx_ID":6348,"KIHON1":"1160","DUMMY1":"-","KIHON2":"03","KEYCODE1":"214116003","KEYCODE2":"214116003","AREA_MAX_F":"M","KIGO_D":null,"N_KEN":null,"N_CITY":null,"KIGO_I":null,"KBSUM":13,"JINKO":423,"SETAI":189,"X_CODE":135.373601,"Y_CODE":34.802461,"KCODE1":"1160-03"}},{"type":"Polygon","arcs":[[-144,-147,147,148]],"properties":{"KEY_CODE":"28214116004","PREF":"28","CITY":"214","S_AREA":"116004","PREF_NAME":"兵庫県","CITY_NAME":"宝塚市","S_NAME":"安倉中四丁目","KIGO_E":null,"HCODE":8101,"AREA":80544.196,"PERIMETER":1191.86,"R2KAxx":6350,"R2KAxx_ID":6349,"KIHON1":"1160","DUMMY1":"-","KIHON2":"04","KEYCODE1":"214116004","KEYCODE2":"214116004","AREA_MAX_F":"M","KIGO_D":null,"N_KEN":null,"N_CITY":null,"KIGO_I":null,"KBSUM":20,"JINKO":872,"SETAI":410,"X_CODE":135.374186,"Y_CODE":34.800155,"KCODE1":"1160-04"}},{"type":"Polygon","arcs":[[149,-146,-134,150]],"properties":{"KEY_CODE":"28214116005","PREF":"28","CITY":"214","S_AREA":"116005","PREF_NAME":"兵庫県","CITY_NAME":"宝塚市","S_NAME":"安倉中五丁目","KIGO_E":null,"HCODE":8101,"AREA":143182.4,"PERIMETER":1567.054,"R2KAxx":6351,"R2KAxx_ID":6350,"KIHON1":"1160","DUMMY1":"-","KIHON2":"05","KEYCODE1":"214116005","KEYCODE2":"214116005","AREA_MAX_F":"M","KIGO_D":null,"N_KEN":null,"N_CITY":null,"KIGO_I":null,"KBSUM":26,"JINKO":1215,"SETAI":477,"X_CODE":135.376606,"Y_CODE":34.803767,"KCODE1":"1160-05"}},{"type":"Polygon","arcs":[[151,-148,-150,152,153]],"properties":{"KEY_CODE":"28214116006","PREF":"28","CITY":"214","S_AREA":"116006","PREF_NAME":"兵庫県","CITY_NAME":"宝塚市","S_NAME":"安倉中六丁目","KIGO_E":null,"HCODE":8101,"AREA":144338.841,"PERIMETER":1560.873,"R2KAxx":6352,"R2KAxx_ID":6351,"KIHON1":"1160","DUMMY1":"-","KIHON2":"06","KEYCODE1":"214116006","KEYCODE2":"214116006","AREA_MAX_F":"M","KIGO_D":null,"N_KEN":null,"N_CITY":null,"KIGO_I":null,"KBSUM":10,"JINKO":440,"SETAI":163,"X_CODE":135.378348,"Y_CODE":34.800915,"KCODE1":"1160-06"}},{"type":"Polygon","arcs":[[154,155,156,-145,-149,-152]],"properties":{"KEY_CODE":"28214117001","PREF":"28","CITY":"214","S_AREA":"117001","PREF_NAME":"兵庫県","CITY_NAME":"宝塚市","S_NAME":"安倉南一丁目","KIGO_E":null,"HCODE":8101,"AREA":114652.602,"PERIMETER":1531.536,"R2KAxx":6353,"R2KAxx_ID":6352,"KIHON1":"1170","DUMMY1":"-","KIHON2":"01","KEYCODE1":"214117001","KEYCODE2":"214117001","AREA_MAX_F":"M","KIGO_D":null,"N_KEN":null,"N_CITY":null,"KIGO_I":null,"KBSUM":25,"JINKO":1010,"SETAI":447,"X_CODE":135.375005,"Y_CODE":34.798161,"KCODE1":"1170-01"}},{"type":"Polygon","arcs":[[157,-106,-95,-143,-157,158]],"properties":{"KEY_CODE":"28214117002","PREF":"28","CITY":"214","S_AREA":"117002","PREF_NAME":"兵庫県","CITY_NAME":"宝塚市","S_NAME":"安倉南二丁目","KIGO_E":null,"HCODE":8101,"AREA":89493.769,"PERIMETER":1478.019,"R2KAxx":6354,"R2KAxx_ID":6353,"KIHON1":"1170","DUMMY1":"-","KIHON2":"02","KEYCODE1":"214117002","KEYCODE2":"214117002","AREA_MAX_F":"M","KIGO_D":null,"N_KEN":null,"N_CITY":null,"KIGO_I":null,"KBSUM":21,"JINKO":746,"SETAI":281,"X_CODE":135.375694,"Y_CODE":34.795721,"KCODE1":"1170-02"}},{"type":"Polygon","arcs":[[159,160,161,162,-159,-156,163]],"properties":{"KEY_CODE":"28214117003","PREF":"28","CITY":"214","S_AREA":"117003","PREF_NAME":"兵庫県","CITY_NAME":"宝塚市","S_NAME":"安倉南三丁目","KIGO_E":null,"HCODE":8101,"AREA":65228.636,"PERIMETER":1260.399,"R2KAxx":6355,"R2KAxx_ID":6354,"KIHON1":"1170","DUMMY1":"-","KIHON2":"03","KEYCODE1":"214117003","KEYCODE2":"214117003","AREA_MAX_F":"M","KIGO_D":null,"N_KEN":null,"N_CITY":null,"KIGO_I":null,"KBSUM":10,"JINKO":873,"SETAI":436,"X_CODE":135.378326,"Y_CODE":34.796226,"KCODE1":"1170-03"}},{"type":"Polygon","arcs":[[164,-164,-155,-154,165]],"properties":{"KEY_CODE":"28214117004","PREF":"28","CITY":"214","S_AREA":"117004","PREF_NAME":"兵庫県","CITY_NAME":"宝塚市","S_NAME":"安倉南四丁目","KIGO_E":null,"HCODE":8101,"AREA":167189.084,"PERIMETER":1837.644,"R2KAxx":6356,"R2KAxx_ID":6355,"KIHON1":"1170","DUMMY1":"-","KIHON2":"04","KEYCODE1":"214117004","KEYCODE2":"214117004","AREA_MAX_F":"M","KIGO_D":null,"N_KEN":null,"N_CITY":null,"KIGO_I":null,"KBSUM":35,"JINKO":1917,"SETAI":732,"X_CODE":135.380619,"Y_CODE":34.797481,"KCODE1":"1170-04"}},{"type":"Polygon","arcs":[[166,-161,167]],"properties":{"KEY_CODE":"282141171","PREF":"28","CITY":"214","S_AREA":"117103","PREF_NAME":"兵庫県","CITY_NAME":"宝塚市","S_NAME":"安倉南","KIGO_E":null,"HCODE":8101,"AREA":2025.714,"PERIMETER":181.295,"R2KAxx":6357,"R2KAxx_ID":6356,"KIHON1":"1171","DUMMY1":"-","KIHON2":"03","KEYCODE1":"214117103","KEYCODE2":"2141171","AREA_MAX_F":"M","KIGO_D":null,"N_KEN":null,"N_CITY":null,"KIGO_I":null,"KBSUM":1,"JINKO":45,"SETAI":12,"X_CODE":135.379648,"Y_CODE":34.794483,"KCODE1":"1171-03"}},{"type":"Polygon","arcs":[[-167,168,-162]],"properties":{"KEY_CODE":"282141172","PREF":"28","CITY":"214","S_AREA":"117203","PREF_NAME":"兵庫県","CITY_NAME":"宝塚市","S_NAME":"安倉南","KIGO_E":null,"HCODE":8101,"AREA":2795.447,"PERIMETER":223.75,"R2KAxx":6358,"R2KAxx_ID":6357,"KIHON1":"1172","DUMMY1":"-","KIHON2":"03","KEYCODE1":"214117203","KEYCODE2":"2141172","AREA_MAX_F":"M","KIGO_D":null,"N_KEN":null,"N_CITY":null,"KIGO_I":null,"KBSUM":1,"JINKO":39,"SETAI":23,"X_CODE":135.379341,"Y_CODE":34.794858,"KCODE1":"1172-03"}},{"type":"Polygon","arcs":[[-122,-103,-158,-163,-169,-168,-160,-165,169]],"properties":{"KEY_CODE":"282141180","PREF":"28","CITY":"214","S_AREA":"118000","PREF_NAME":"兵庫県","CITY_NAME":"宝塚市","S_NAME":"金井町","KIGO_E":null,"HCODE":8101,"AREA":76386.835,"PERIMETER":1372.408,"R2KAxx":6359,"R2KAxx_ID":6358,"KIHON1":"1180","DUMMY1":"-","KIHON2":"00","KEYCODE1":"214118000","KEYCODE2":"2141180","AREA_MAX_F":"M","KIGO_D":null,"N_KEN":null,"N_CITY":null,"KIGO_I":null,"KBSUM":6,"JINKO":133,"SETAI":64,"X_CODE":135.37823,"Y_CODE":34.793598,"KCODE1":"1180-00"}},{"type":"Polygon","arcs":[[170,171,172,173,174,175,176]],"properties":{"KEY_CODE":"28214201001","PREF":"28","CITY":"214","S_AREA":"201001","PREF_NAME":"兵庫県","CITY_NAME":"宝塚市","S_NAME":"逆瀬川一丁目","KIGO_E":null,"HCODE":8101,"AREA":94712.648,"PERIMETER":1770.947,"R2KAxx":6360,"R2KAxx_ID":6359,"KIHON1":"2010","DUMMY1":"-","KIHON2":"01","KEYCODE1":"214201001","KEYCODE2":"214201001","AREA_MAX_F":"M","KIGO_D":null,"N_KEN":null,"N_CITY":null,"KIGO_I":null,"KBSUM":18,"JINKO":1597,"SETAI":740,"X_CODE":135.352021,"Y_CODE":34.798738,"KCODE1":"2010-01"}},{"type":"Polygon","arcs":[[177,178,179,180,181,-172]],"properties":{"KEY_CODE":"28214201002","PREF":"28","CITY":"214","S_AREA":"201002","PREF_NAME":"兵庫県","CITY_NAME":"宝塚市","S_NAME":"逆瀬川二丁目","KIGO_E":null,"HCODE":8101,"AREA":71236.423,"PERIMETER":1778.314,"R2KAxx":6361,"R2KAxx_ID":6360,"KIHON1":"2010","DUMMY1":"-","KIHON2":"02","KEYCODE1":"214201002","KEYCODE2":"214201002","AREA_MAX_F":"M","KIGO_D":null,"N_KEN":null,"N_CITY":null,"KIGO_I":null,"KBSUM":10,"JINKO":527,"SETAI":252,"X_CODE":135.34792,"Y_CODE":34.795471,"KCODE1":"2010-02"}},{"type":"Polygon","arcs":[[182,183,184,185,186,187]],"properties":{"KEY_CODE":"28214202001","PREF":"28","CITY":"214","S_AREA":"202001","PREF_NAME":"兵庫県","CITY_NAME":"宝塚市","S_NAME":"千種一丁目","KIGO_E":null,"HCODE":8101,"AREA":110537.773,"PERIMETER":1563.469,"R2KAxx":6362,"R2KAxx_ID":6361,"KIHON1":"2020","DUMMY1":"-","KIHON2":"01","KEYCODE1":"214202001","KEYCODE2":"214202001","AREA_MAX_F":"M","KIGO_D":null,"N_KEN":null,"N_CITY":null,"KIGO_I":null,"KBSUM":19,"JINKO":1046,"SETAI":403,"X_CODE":135.350191,"Y_CODE":34.792101,"KCODE1":"2020-01"}},{"type":"Polygon","arcs":[[188,189,190,191,-185]],"properties":{"KEY_CODE":"28214202002","PREF":"28","CITY":"214","S_AREA":"202002","PREF_NAME":"兵庫県","CITY_NAME":"宝塚市","S_NAME":"千種二丁目","KIGO_E":null,"HCODE":8101,"AREA":102809.033,"PERIMETER":1457.824,"R2KAxx":6363,"R2KAxx_ID":6362,"KIHON1":"2020","DUMMY1":"-","KIHON2":"02","KEYCODE1":"214202002","KEYCODE2":"214202002","AREA_MAX_F":"M","KIGO_D":null,"N_KEN":null,"N_CITY":null,"KIGO_I":null,"KBSUM":8,"JINKO":471,"SETAI":205,"X_CODE":135.350943,"Y_CODE":34.788942,"KCODE1":"2020-02"}},{"type":"Polygon","arcs":[[-192,192,193,194,195,-186]],"properties":{"KEY_CODE":"28214202003","PREF":"28","CITY":"214","S_AREA":"202003","PREF_NAME":"兵庫県","CITY_NAME":"宝塚市","S_NAME":"千種三丁目","KIGO_E":null,"HCODE":8101,"AREA":89779.776,"PERIMETER":1318.437,"R2KAxx":6364,"R2KAxx_ID":6363,"KIHON1":"2020","DUMMY1":"-","KIHON2":"03","KEYCODE1":"214202003","KEYCODE2":"214202003","AREA_MAX_F":"M","KIGO_D":null,"N_KEN":null,"N_CITY":null,"KIGO_I":null,"KBSUM":24,"JINKO":722,"SETAI":287,"X_CODE":135.348088,"Y_CODE":34.789769,"KCODE1":"2020-03"}},{"type":"Polygon","arcs":[[-196,196,197,198,-179,199,-187]],"properties":{"KEY_CODE":"28214202004","PREF":"28","CITY":"214","S_AREA":"202004","PREF_NAME":"兵庫県","CITY_NAME":"宝塚市","S_NAME":"千種四丁目","KIGO_E":null,"HCODE":8101,"AREA":109432.557,"PERIMETER":2036.877,"R2KAxx":6365,"R2KAxx_ID":6364,"KIHON1":"2020","DUMMY1":"-","KIHON2":"04","KEYCODE1":"214202004","KEYCODE2":"214202004","AREA_MAX_F":"M","KIGO_D":null,"N_KEN":null,"N_CITY":null,"KIGO_I":null,"KBSUM":20,"JINKO":814,"SETAI":318,"X_CODE":135.34548,"Y_CODE":34.791866,"KCODE1":"2020-04"}},{"type":"Polygon","arcs":[[200,-188,-200,-178]],"properties":{"KEY_CODE":"282142030","PREF":"28","CITY":"214","S_AREA":"203000","PREF_NAME":"兵庫県","CITY_NAME":"宝塚市","S_NAME":"社町","KIGO_E":null,"HCODE":8101,"AREA":113426.341,"PERIMETER":1514.465,"R2KAxx":6366,"R2KAxx_ID":6365,"KIHON1":"2030","DUMMY1":"-","KIHON2":"00","KEYCODE1":"214203000","KEYCODE2":"2142030","AREA_MAX_F":"M","KIGO_D":null,"N_KEN":null,"N_CITY":null,"KIGO_I":null,"KBSUM":20,"JINKO":893,"SETAI":315,"X_CODE":135.3497,"Y_CODE":34.794837,"KCODE1":"2030-00"}},{"type":"Polygon","arcs":[[201,-177,202,203]],"properties":{"KEY_CODE":"28214204001","PREF":"28","CITY":"214","S_AREA":"204001","PREF_NAME":"兵庫県","CITY_NAME":"宝塚市","S_NAME":"伊孑志一丁目","KIGO_E":null,"HCODE":8101,"AREA":66832.867,"PERIMETER":1400.462,"R2KAxx":6367,"R2KAxx_ID":6366,"KIHON1":"2040","DUMMY1":"-","KIHON2":"01","KEYCODE1":"214204001","KEYCODE2":"214204001","AREA_MAX_F":"M","KIGO_D":null,"N_KEN":null,"N_CITY":null,"KIGO_I":null,"KBSUM":12,"JINKO":646,"SETAI":283,"X_CODE":135.353536,"Y_CODE":34.798905,"KCODE1":"2040-01"}},{"type":"Polygon","arcs":[[-203,-176,204,205]],"properties":{"KEY_CODE":"28214204002","PREF":"28","CITY":"214","S_AREA":"204002","PREF_NAME":"兵庫県","CITY_NAME":"宝塚市","S_NAME":"伊孑志二丁目","KIGO_E":null,"HCODE":8101,"AREA":96861.487,"PERIMETER":1395.476,"R2KAxx":6368,"R2KAxx_ID":6367,"KIHON1":"2040","DUMMY1":"-","KIHON2":"02","KEYCODE1":"214204002","KEYCODE2":"214204002","AREA_MAX_F":"M","KIGO_D":null,"N_KEN":null,"N_CITY":null,"KIGO_I":null,"KBSUM":19,"JINKO":1232,"SETAI":504,"X_CODE":135.355685,"Y_CODE":34.800164,"KCODE1":"2040-02"}},{"type":"Polygon","arcs":[[206,-204,-206,207,208,209]],"properties":{"KEY_CODE":"28214204003","PREF":"28","CITY":"214","S_AREA":"204003","PREF_NAME":"兵庫県","CITY_NAME":"宝塚市","S_NAME":"伊孑志三丁目","KIGO_E":null,"HCODE":8101,"AREA":123994.028,"PERIMETER":1454.652,"R2KAxx":6369,"R2KAxx_ID":6368,"KIHON1":"2040","DUMMY1":"-","KIHON2":"03","KEYCODE1":"214204003","KEYCODE2":"214204003","AREA_MAX_F":"M","KIGO_D":null,"N_KEN":null,"N_CITY":null,"KIGO_I":null,"KBSUM":24,"JINKO":1663,"SETAI":749,"X_CODE":135.356701,"Y_CODE":34.797627,"KCODE1":"2040-03"}},{"type":"Polygon","arcs":[[210,211,212,213]],"properties":{"KEY_CODE":"28214204004","PREF":"28","CITY":"214","S_AREA":"204004","PREF_NAME":"兵庫県","CITY_NAME":"宝塚市","S_NAME":"伊孑志四丁目","KIGO_E":null,"HCODE":8101,"AREA":52400.451,"PERIMETER":1329.964,"R2KAxx":6370,"R2KAxx_ID":6369,"KIHON1":"2040","DUMMY1":"-","KIHON2":"04","KEYCODE1":"214204004","KEYCODE2":"214204004","AREA_MAX_F":"M","KIGO_D":null,"N_KEN":null,"N_CITY":null,"KIGO_I":null,"KBSUM":5,"JINKO":244,"SETAI":135,"X_CODE":135.363683,"Y_CODE":34.795463,"KCODE1":"2040-04"}},{"type":"Polygon","arcs":[[-213,214,215,-210,216]],"properties":{"KEY_CODE":"282142041","PREF":"28","CITY":"214","S_AREA":"204104","PREF_NAME":"兵庫県","CITY_NAME":"宝塚市","S_NAME":"伊孑志","KIGO_E":null,"HCODE":8101,"AREA":46993.115,"PERIMETER":996.001,"R2KAxx":6371,"R2KAxx_ID":6370,"KIHON1":"2041","DUMMY1":"-","KIHON2":"04","KEYCODE1":"214204104","KEYCODE2":"2142041","AREA_MAX_F":"M","KIGO_D":null,"N_KEN":null,"N_CITY":null,"KIGO_I":null,"KBSUM":13,"JINKO":1333,"SETAI":537,"X_CODE":135.360484,"Y_CODE":34.797395,"KCODE1":"2041-04"}},{"type":"Polygon","arcs":[[217,-208,-205,-175,218,-25,-23]],"properties":{"KEY_CODE":"282142050","PREF":"28","CITY":"214","S_AREA":"205000","PREF_NAME":"兵庫県","CITY_NAME":"宝塚市","S_NAME":"末広町","KIGO_E":null,"HCODE":8101,"AREA":156024.231,"PERIMETER":1843.055,"R2KAxx":6372,"R2KAxx_ID":6371,"KIHON1":"2050","DUMMY1":"-","KIHON2":"00","KEYCODE1":"214205000","KEYCODE2":"2142050","AREA_MAX_F":"M","KIGO_D":null,"N_KEN":null,"N_CITY":null,"KIGO_I":null,"KBSUM":5,"JINKO":417,"SETAI":161,"X_CODE":135.357433,"Y_CODE":34.80163,"KCODE1":"2050-00"}},{"type":"Polygon","arcs":[[-214,-217,-209,-218,-1,-85,219]],"properties":{"KEY_CODE":"282142060","PREF":"28","CITY":"214","S_AREA":"206000","PREF_NAME":"兵庫県","CITY_NAME":"宝塚市","S_NAME":"東洋町","KIGO_E":null,"HCODE":8101,"AREA":215710.157,"PERIMETER":2229.968,"R2KAxx":6373,"R2KAxx_ID":6372,"KIHON1":"2060","DUMMY1":"-","KIHON2":"00","KEYCODE1":"214206000","KEYCODE2":"2142060","AREA_MAX_F":"M","KIGO_D":null,"N_KEN":null,"N_CITY":null,"KIGO_I":null,"KBSUM":11,"JINKO":830,"SETAI":246,"X_CODE":135.363288,"Y_CODE":34.797951,"KCODE1":"2060-00"}},{"type":"Polygon","arcs":[[-212,220,221,222,223,-215]],"properties":{"KEY_CODE":"282142070","PREF":"28","CITY":"214","S_AREA":"207000","PREF_NAME":"兵庫県","CITY_NAME":"宝塚市","S_NAME":"亀井町","KIGO_E":null,"HCODE":8101,"AREA":154688.58,"PERIMETER":1806.885,"R2KAxx":6374,"R2KAxx_ID":6373,"KIHON1":"2070","DUMMY1":"-","KIHON2":"00","KEYCODE1":"214207000","KEYCODE2":"2142070","AREA_MAX_F":"M","KIGO_D":null,"N_KEN":null,"N_CITY":null,"KIGO_I":null,"KBSUM":28,"JINKO":2446,"SETAI":1024,"X_CODE":135.362821,"Y_CODE":34.793847,"KCODE1":"2070-00"}},{"type":"Polygon","arcs":[[224,225,226,227,-216,-224]],"properties":{"KEY_CODE":"282142080","PREF":"28","CITY":"214","S_AREA":"208000","PREF_NAME":"兵庫県","CITY_NAME":"宝塚市","S_NAME":"福井町","KIGO_E":null,"HCODE":8101,"AREA":110128.229,"PERIMETER":1453.625,"R2KAxx":6375,"R2KAxx_ID":6374,"KIHON1":"2080","DUMMY1":"-","KIHON2":"00","KEYCODE1":"214208000","KEYCODE2":"2142080","AREA_MAX_F":"M","KIGO_D":null,"N_KEN":null,"N_CITY":null,"KIGO_I":null,"KBSUM":35,"JINKO":1410,"SETAI":652,"X_CODE":135.359719,"Y_CODE":34.794025,"KCODE1":"2080-00"}},{"type":"Polygon","arcs":[[228,229,230,-183,-201,-171]],"properties":{"KEY_CODE":"28214209001","PREF":"28","CITY":"214","S_AREA":"209001","PREF_NAME":"兵庫県","CITY_NAME":"宝塚市","S_NAME":"小林一丁目","KIGO_E":null,"HCODE":8101,"AREA":105742.179,"PERIMETER":1625.972,"R2KAxx":6376,"R2KAxx_ID":6375,"KIHON1":"2090","DUMMY1":"-","KIHON2":"01","KEYCODE1":"214209001","KEYCODE2":"214209001","AREA_MAX_F":"M","KIGO_D":null,"N_KEN":null,"N_CITY":null,"KIGO_I":null,"KBSUM":18,"JINKO":842,"SETAI":406,"X_CODE":135.352816,"Y_CODE":34.794141,"KCODE1":"2090-01"}},{"type":"Polygon","arcs":[[231,232,233,-189,-184,-231]],"properties":{"KEY_CODE":"28214209002","PREF":"28","CITY":"214","S_AREA":"209002","PREF_NAME":"兵庫県","CITY_NAME":"宝塚市","S_NAME":"小林二丁目","KIGO_E":null,"HCODE":8101,"AREA":76714.288,"PERIMETER":1473.535,"R2KAxx":6377,"R2KAxx_ID":6376,"KIHON1":"2090","DUMMY1":"-","KIHON2":"02","KEYCODE1":"214209002","KEYCODE2":"214209002","AREA_MAX_F":"M","KIGO_D":null,"N_KEN":null,"N_CITY":null,"KIGO_I":null,"KBSUM":16,"JINKO":1090,"SETAI":595,"X_CODE":135.353307,"Y_CODE":34.789811,"KCODE1":"2090-02"}},{"type":"Polygon","arcs":[[234,-229,-202,-207,-228]],"properties":{"KEY_CODE":"28214209003","PREF":"28","CITY":"214","S_AREA":"209003","PREF_NAME":"兵庫県","CITY_NAME":"宝塚市","S_NAME":"小林三丁目","KIGO_E":null,"HCODE":8101,"AREA":95495.406,"PERIMETER":1456.828,"R2KAxx":6378,"R2KAxx_ID":6377,"KIHON1":"2090","DUMMY1":"-","KIHON2":"03","KEYCODE1":"214209003","KEYCODE2":"214209003","AREA_MAX_F":"M","KIGO_D":null,"N_KEN":null,"N_CITY":null,"KIGO_I":null,"KBSUM":14,"JINKO":1017,"SETAI":504,"X_CODE":135.356637,"Y_CODE":34.795443,"KCODE1":"2090-03"}},{"type":"Polygon","arcs":[[-227,235,236,-230,-235]],"properties":{"KEY_CODE":"28214209004","PREF":"28","CITY":"214","S_AREA":"209004","PREF_NAME":"兵庫県","CITY_NAME":"宝塚市","S_NAME":"小林四丁目","KIGO_E":null,"HCODE":8101,"AREA":105269.415,"PERIMETER":1358.071,"R2KAxx":6379,"R2KAxx_ID":6378,"KIHON1":"2090","DUMMY1":"-","KIHON2":"04","KEYCODE1":"214209004","KEYCODE2":"214209004","AREA_MAX_F":"M","KIGO_D":null,"N_KEN":null,"N_CITY":null,"KIGO_I":null,"KBSUM":16,"JINKO":1156,"SETAI":568,"X_CODE":135.356142,"Y_CODE":34.793266,"KCODE1":"2090-04"}},{"type":"Polygon","arcs":[[237,-232,-237,238,239]],"properties":{"KEY_CODE":"28214209005","PREF":"28","CITY":"214","S_AREA":"209005","PREF_NAME":"兵庫県","CITY_NAME":"宝塚市","S_NAME":"小林五丁目","KIGO_E":null,"HCODE":8101,"AREA":137069.753,"PERIMETER":1568.013,"R2KAxx":6380,"R2KAxx_ID":6379,"KIHON1":"2090","DUMMY1":"-","KIHON2":"05","KEYCODE1":"214209005","KEYCODE2":"214209005","AREA_MAX_F":"M","KIGO_D":null,"N_KEN":null,"N_CITY":null,"KIGO_I":null,"KBSUM":20,"JINKO":1642,"SETAI":734,"X_CODE":135.35566,"Y_CODE":34.78981,"KCODE1":"2090-05"}},{"type":"Polygon","arcs":[[240,241,-239,-236,-226]],"properties":{"KEY_CODE":"282142100","PREF":"28","CITY":"214","S_AREA":"210000","PREF_NAME":"兵庫県","CITY_NAME":"宝塚市","S_NAME":"光明町","KIGO_E":null,"HCODE":8101,"AREA":161527.859,"PERIMETER":1663.246,"R2KAxx":6381,"R2KAxx_ID":6380,"KIHON1":"2100","DUMMY1":"-","KIHON2":"00","KEYCODE1":"214210000","KEYCODE2":"2142100","AREA_MAX_F":"M","KIGO_D":null,"N_KEN":null,"N_CITY":null,"KIGO_I":null,"KBSUM":30,"JINKO":2157,"SETAI":968,"X_CODE":135.359159,"Y_CODE":34.790027,"KCODE1":"2100-00"}},{"type":"Polygon","arcs":[[-241,-225,-223,242,243,244,245]],"properties":{"KEY_CODE":"282142110","PREF":"28","CITY":"214","S_AREA":"211000","PREF_NAME":"兵庫県","CITY_NAME":"宝塚市","S_NAME":"末成町","KIGO_E":null,"HCODE":8101,"AREA":178966.549,"PERIMETER":1853.356,"R2KAxx":6382,"R2KAxx_ID":6381,"KIHON1":"2110","DUMMY1":"-","KIHON2":"00","KEYCODE1":"214211000","KEYCODE2":"2142110","AREA_MAX_F":"M","KIGO_D":null,"N_KEN":null,"N_CITY":null,"KIGO_I":null,"KBSUM":39,"JINKO":2076,"SETAI":896,"X_CODE":135.363587,"Y_CODE":34.789678,"KCODE1":"2110-00"}},{"type":"Polygon","arcs":[[246,-243,-222,247,248]],"properties":{"KEY_CODE":"282142120","PREF":"28","CITY":"214","S_AREA":"212000","PREF_NAME":"兵庫県","CITY_NAME":"宝塚市","S_NAME":"高松町","KIGO_E":null,"HCODE":8101,"AREA":120305.454,"PERIMETER":1533.112,"R2KAxx":6383,"R2KAxx_ID":6382,"KIHON1":"2120","DUMMY1":"-","KIHON2":"00","KEYCODE1":"214212000","KEYCODE2":"2142120","AREA_MAX_F":"M","KIGO_D":null,"N_KEN":null,"N_CITY":null,"KIGO_I":null,"KBSUM":19,"JINKO":1224,"SETAI":502,"X_CODE":135.366614,"Y_CODE":34.790499,"KCODE1":"2120-00"}},{"type":"Polygon","arcs":[[249,250,-248,-221,-211,-220,-84]],"properties":{"KEY_CODE":"282142130","PREF":"28","CITY":"214","S_AREA":"213000","PREF_NAME":"兵庫県","CITY_NAME":"宝塚市","S_NAME":"御所の前町","KIGO_E":null,"HCODE":8101,"AREA":130346.216,"PERIMETER":1579.305,"R2KAxx":6384,"R2KAxx_ID":6383,"KIHON1":"2130","DUMMY1":"-","KIHON2":"00","KEYCODE1":"214213000","KEYCODE2":"2142130","AREA_MAX_F":"M","KIGO_D":null,"N_KEN":null,"N_CITY":null,"KIGO_I":null,"KBSUM":16,"JINKO":520,"SETAI":231,"X_CODE":135.367996,"Y_CODE":34.792741,"KCODE1":"2130-00"}},{"type":"Polygon","arcs":[[251,-249,-251,252]],"properties":{"KEY_CODE":"282142140","PREF":"28","CITY":"214","S_AREA":"214000","PREF_NAME":"兵庫県","CITY_NAME":"宝塚市","S_NAME":"美幸町","KIGO_E":null,"HCODE":8101,"AREA":171934.361,"PERIMETER":2091.501,"R2KAxx":6385,"R2KAxx_ID":6384,"KIHON1":"2140","DUMMY1":"-","KIHON2":"00","KEYCODE1":"214214000","KEYCODE2":"2142140","AREA_MAX_F":"M","KIGO_D":null,"N_KEN":null,"N_CITY":null,"KIGO_I":null,"KBSUM":11,"JINKO":315,"SETAI":115,"X_CODE":135.370228,"Y_CODE":34.786217,"KCODE1":"2140-00"}},{"type":"Polygon","arcs":[[253,254,-193,-191]],"properties":{"KEY_CODE":"282142150","PREF":"28","CITY":"214","S_AREA":"215000","PREF_NAME":"兵庫県","CITY_NAME":"宝塚市","S_NAME":"塔の町","KIGO_E":null,"HCODE":8101,"AREA":114108.397,"PERIMETER":1577.012,"R2KAxx":6386,"R2KAxx_ID":6385,"KIHON1":"2150","DUMMY1":"-","KIHON2":"00","KEYCODE1":"214215000","KEYCODE2":"2142150","AREA_MAX_F":"M","KIGO_D":null,"N_KEN":null,"N_CITY":null,"KIGO_I":null,"KBSUM":4,"JINKO":326,"SETAI":147,"X_CODE":135.35072,"Y_CODE":34.78636,"KCODE1":"2150-00"}},{"type":"Polygon","arcs":[[255,256,-254,-190,-234,257,258]],"properties":{"KEY_CODE":"282142160","PREF":"28","CITY":"214","S_AREA":"216000","PREF_NAME":"兵庫県","CITY_NAME":"宝塚市","S_NAME":"谷口町","KIGO_E":null,"HCODE":8101,"AREA":40833.532,"PERIMETER":952.941,"R2KAxx":6387,"R2KAxx_ID":6386,"KIHON1":"2160","DUMMY1":"-","KIHON2":"00","KEYCODE1":"214216000","KEYCODE2":"2142160","AREA_MAX_F":"M","KIGO_D":null,"N_KEN":null,"N_CITY":null,"KIGO_I":null,"KBSUM":7,"JINKO":934,"SETAI":453,"X_CODE":135.353863,"Y_CODE":34.785584,"KCODE1":"2160-00"}},{"type":"Polygon","arcs":[[259,260,-258,-233,-238]],"properties":{"KEY_CODE":"282142170","PREF":"28","CITY":"214","S_AREA":"217000","PREF_NAME":"兵庫県","CITY_NAME":"宝塚市","S_NAME":"中野町","KIGO_E":null,"HCODE":8101,"AREA":93803.876,"PERIMETER":1277.965,"R2KAxx":6388,"R2KAxx_ID":6387,"KIHON1":"2170","DUMMY1":"-","KIHON2":"00","KEYCODE1":"214217000","KEYCODE2":"2142170","AREA_MAX_F":"M","KIGO_D":null,"N_KEN":null,"N_CITY":null,"KIGO_I":null,"KBSUM":22,"JINKO":1402,"SETAI":689,"X_CODE":135.355868,"Y_CODE":34.786385,"KCODE1":"2170-00"}},{"type":"Polygon","arcs":[[261,262,-259,-261,263,264,265]],"properties":{"KEY_CODE":"282142180","PREF":"28","CITY":"214","S_AREA":"218000","PREF_NAME":"兵庫県","CITY_NAME":"宝塚市","S_NAME":"大成町","KIGO_E":null,"HCODE":8101,"AREA":68064.286,"PERIMETER":1057.811,"R2KAxx":6389,"R2KAxx_ID":6388,"KIHON1":"2180","DUMMY1":"-","KIHON2":"00","KEYCODE1":"214218000","KEYCODE2":"2142180","AREA_MAX_F":"M","KIGO_D":null,"N_KEN":null,"N_CITY":null,"KIGO_I":null,"KBSUM":11,"JINKO":691,"SETAI":330,"X_CODE":135.356444,"Y_CODE":34.783903,"KCODE1":"2180-00"}},{"type":"Polygon","arcs":[[266,-264,-260,-240,-242,267]],"properties":{"KEY_CODE":"28214219001","PREF":"28","CITY":"214","S_AREA":"219001","PREF_NAME":"兵庫県","CITY_NAME":"宝塚市","S_NAME":"高司一丁目","KIGO_E":null,"HCODE":8101,"AREA":114887.953,"PERIMETER":1384.726,"R2KAxx":6390,"R2KAxx_ID":6389,"KIHON1":"2190","DUMMY1":"-","KIHON2":"01","KEYCODE1":"214219001","KEYCODE2":"214219001","AREA_MAX_F":"M","KIGO_D":null,"N_KEN":null,"N_CITY":null,"KIGO_I":null,"KBSUM":15,"JINKO":1295,"SETAI":632,"X_CODE":135.359329,"Y_CODE":34.786438,"KCODE1":"2190-01"}},{"type":"Polygon","arcs":[[268,-268,-246,269]],"properties":{"KEY_CODE":"28214219002","PREF":"28","CITY":"214","S_AREA":"219002","PREF_NAME":"兵庫県","CITY_NAME":"宝塚市","S_NAME":"高司二丁目","KIGO_E":null,"HCODE":8101,"AREA":117512.055,"PERIMETER":1365.188,"R2KAxx":6391,"R2KAxx_ID":6390,"KIHON1":"2190","DUMMY1":"-","KIHON2":"02","KEYCODE1":"214219002","KEYCODE2":"214219002","AREA_MAX_F":"M","KIGO_D":null,"N_KEN":null,"N_CITY":null,"KIGO_I":null,"KBSUM":19,"JINKO":1170,"SETAI":568,"X_CODE":135.363086,"Y_CODE":34.786397,"KCODE1":"2190-02"}},{"type":"Polygon","arcs":[[270,271,272,-269]],"properties":{"KEY_CODE":"28214219003","PREF":"28","CITY":"214","S_AREA":"219003","PREF_NAME":"兵庫県","CITY_NAME":"宝塚市","S_NAME":"高司三丁目","KIGO_E":null,"HCODE":8101,"AREA":67860.971,"PERIMETER":1070.887,"R2KAxx":6392,"R2KAxx_ID":6391,"KIHON1":"2190","DUMMY1":"-","KIHON2":"03","KEYCODE1":"214219003","KEYCODE2":"214219003","AREA_MAX_F":"M","KIGO_D":null,"N_KEN":null,"N_CITY":null,"KIGO_I":null,"KBSUM":11,"JINKO":1118,"SETAI":482,"X_CODE":135.363109,"Y_CODE":34.783916,"KCODE1":"2190-03"}},{"type":"Polygon","arcs":[[-271,-270,-245,273,274,275]],"properties":{"KEY_CODE":"28214219004","PREF":"28","CITY":"214","S_AREA":"219004","PREF_NAME":"兵庫県","CITY_NAME":"宝塚市","S_NAME":"高司四丁目","KIGO_E":null,"HCODE":8101,"AREA":133174.487,"PERIMETER":1556.4,"R2KAxx":6393,"R2KAxx_ID":6392,"KIHON1":"2190","DUMMY1":"-","KIHON2":"04","KEYCODE1":"214219004","KEYCODE2":"214219004","AREA_MAX_F":"M","KIGO_D":null,"N_KEN":null,"N_CITY":null,"KIGO_I":null,"KBSUM":10,"JINKO":620,"SETAI":261,"X_CODE":135.366316,"Y_CODE":34.785588,"KCODE1":"2190-04"}},{"type":"Polygon","arcs":[[276,-274,-244,-247,-252,277]],"properties":{"KEY_CODE":"28214219005","PREF":"28","CITY":"214","S_AREA":"219005","PREF_NAME":"兵庫県","CITY_NAME":"宝塚市","S_NAME":"高司五丁目","KIGO_E":null,"HCODE":8101,"AREA":100785.093,"PERIMETER":1867.988,"R2KAxx":6394,"R2KAxx_ID":6393,"KIHON1":"2190","DUMMY1":"-","KIHON2":"05","KEYCODE1":"214219005","KEYCODE2":"214219005","AREA_MAX_F":"M","KIGO_D":null,"N_KEN":null,"N_CITY":null,"KIGO_I":null,"KBSUM":12,"JINKO":896,"SETAI":294,"X_CODE":135.368711,"Y_CODE":34.784454,"KCODE1":"2190-05"}},{"type":"Polygon","arcs":[[278,279,-275,-277,280]],"properties":{"KEY_CODE":"282142200","PREF":"28","CITY":"214","S_AREA":"220000","PREF_NAME":"兵庫県","CITY_NAME":"宝塚市","S_NAME":"新明和町","KIGO_E":null,"HCODE":8101,"AREA":156853.645,"PERIMETER":1891.219,"R2KAxx":6395,"R2KAxx_ID":6394,"KIHON1":"2200","DUMMY1":"-","KIHON2":"00","KEYCODE1":"214220000","KEYCODE2":"2142200","AREA_MAX_F":"M","KIGO_D":null,"N_KEN":null,"N_CITY":null,"KIGO_I":null,"KBSUM":3,"JINKO":85,"SETAI":85,"X_CODE":135.368004,"Y_CODE":34.779796,"KCODE1":"2200-00"}},{"type":"Polygon","arcs":[[-280,281,282,283,284,285,-272,-276]],"properties":{"KEY_CODE":"282142210","PREF":"28","CITY":"214","S_AREA":"221000","PREF_NAME":"兵庫県","CITY_NAME":"宝塚市","S_NAME":"駒の町","KIGO_E":null,"HCODE":8101,"AREA":562792.435,"PERIMETER":3053.955,"R2KAxx":6396,"R2KAxx_ID":6395,"KIHON1":"2210","DUMMY1":"-","KIHON2":"00","KEYCODE1":"214221000","KEYCODE2":"2142210","AREA_MAX_F":"M","KIGO_D":null,"N_KEN":null,"N_CITY":null,"KIGO_I":null,"KBSUM":3,"JINKO":45,"SETAI":16,"X_CODE":135.362331,"Y_CODE":34.77984,"KCODE1":"2210-00"}},{"type":"Polygon","arcs":[[-286,-265,-267,-273]],"properties":{"KEY_CODE":"282142220","PREF":"28","CITY":"214","S_AREA":"222000","PREF_NAME":"兵庫県","CITY_NAME":"宝塚市","S_NAME":"大吹町","KIGO_E":null,"HCODE":8101,"AREA":70530.274,"PERIMETER":1073.702,"R2KAxx":6397,"R2KAxx_ID":6396,"KIHON1":"2220","DUMMY1":"-","KIHON2":"00","KEYCODE1":"214222000","KEYCODE2":"2142220","AREA_MAX_F":"M","KIGO_D":null,"N_KEN":null,"N_CITY":null,"KIGO_I":null,"KBSUM":13,"JINKO":969,"SETAI":395,"X_CODE":135.359697,"Y_CODE":34.783826,"KCODE1":"2220-00"}},{"type":"Polygon","arcs":[[286,287,-266,-285,288,289,-256,-263,290,291]],"properties":{"KEY_CODE":"28214223001","PREF":"28","CITY":"214","S_AREA":"223001","PREF_NAME":"兵庫県","CITY_NAME":"宝塚市","S_NAME":"鹿塩一丁目","KIGO_E":null,"HCODE":8101,"AREA":120615.438,"PERIMETER":1978.408,"R2KAxx":6398,"R2KAxx_ID":6397,"KIHON1":"2230","DUMMY1":"-","KIHON2":"01","KEYCODE1":"214223001","KEYCODE2":"214223001","AREA_MAX_F":"M","KIGO_D":null,"N_KEN":null,"N_CITY":null,"KIGO_I":null,"KBSUM":21,"JINKO":1904,"SETAI":890,"X_CODE":135.355746,"Y_CODE":34.781562,"KCODE1":"2230-01"}},{"type":"Polygon","arcs":[[-284,292,293,294,-289]],"properties":{"KEY_CODE":"28214223002","PREF":"28","CITY":"214","S_AREA":"223002","PREF_NAME":"兵庫県","CITY_NAME":"宝塚市","S_NAME":"鹿塩二丁目","KIGO_E":null,"HCODE":8101,"AREA":81233.994,"PERIMETER":1302.839,"R2KAxx":6399,"R2KAxx_ID":6398,"KIHON1":"2230","DUMMY1":"-","KIHON2":"02","KEYCODE1":"214223002","KEYCODE2":"214223002","AREA_MAX_F":"M","KIGO_D":null,"N_KEN":null,"N_CITY":null,"KIGO_I":null,"KBSUM":15,"JINKO":1075,"SETAI":535,"X_CODE":135.356461,"Y_CODE":34.778465,"KCODE1":"2230-02"}},{"type":"Polygon","arcs":[[-292,295]],"properties":{"KEY_CODE":"282142231","PREF":"28","CITY":"214","S_AREA":"223101","PREF_NAME":"兵庫県","CITY_NAME":"宝塚市","S_NAME":"鹿塩","KIGO_E":null,"HCODE":8101,"AREA":2214.228,"PERIMETER":303.166,"R2KAxx":6400,"R2KAxx_ID":6399,"KIHON1":"2231","DUMMY1":"-","KIHON2":"01","KEYCODE1":"214223101","KEYCODE2":"2142231","AREA_MAX_F":"M","KIGO_D":null,"N_KEN":null,"N_CITY":null,"KIGO_I":null,"KBSUM":1,"JINKO":48,"SETAI":13,"X_CODE":135.355682,"Y_CODE":34.782222,"KCODE1":"2231-01"}},{"type":"Polygon","arcs":[[-296,-291,-262,-288,286]],"properties":{"KEY_CODE":"282142232","PREF":"28","CITY":"214","S_AREA":"223201","PREF_NAME":"兵庫県","CITY_NAME":"宝塚市","S_NAME":"鹿塩","KIGO_E":null,"HCODE":8101,"AREA":3159.965,"PERIMETER":258.452,"R2KAxx":6401,"R2KAxx_ID":6400,"KIHON1":"2232","DUMMY1":"-","KIHON2":"01","KEYCODE1":"214223201","KEYCODE2":"2142232","AREA_MAX_F":"M","KIGO_D":null,"N_KEN":null,"N_CITY":null,"KIGO_I":null,"KBSUM":1,"JINKO":92,"SETAI":36,"X_CODE":135.355444,"Y_CODE":34.782573,"KCODE1":"2232-01"}},{"type":"Polygon","arcs":[[-257,-290,296,297,298,299,-194,-255]],"properties":{"KEY_CODE":"282142240","PREF":"28","CITY":"214","S_AREA":"224000","PREF_NAME":"兵庫県","CITY_NAME":"宝塚市","S_NAME":"仁川台","KIGO_E":null,"HCODE":8101,"AREA":227115.393,"PERIMETER":2943.404,"R2KAxx":6402,"R2KAxx_ID":6401,"KIHON1":"2240","DUMMY1":"-","KIHON2":"00","KEYCODE1":"214224000","KEYCODE2":"2142240","AREA_MAX_F":"M","KIGO_D":null,"N_KEN":null,"N_CITY":null,"KIGO_I":null,"KBSUM":8,"JINKO":1128,"SETAI":455,"X_CODE":135.35144,"Y_CODE":34.783119,"KCODE1":"2240-00"}},{"type":"Polygon","arcs":[[-295,300,301,302,303,304,-297]],"properties":{"KEY_CODE":"282142250","PREF":"28","CITY":"214","S_AREA":"225000","PREF_NAME":"兵庫県","CITY_NAME":"宝塚市","S_NAME":"仁川宮西町","KIGO_E":null,"HCODE":8101,"AREA":50549.661,"PERIMETER":1429.438,"R2KAxx":6403,"R2KAxx_ID":6402,"KIHON1":"2250","DUMMY1":"-","KIHON2":"00","KEYCODE1":"214225000","KEYCODE2":"2142250","AREA_MAX_F":"M","KIGO_D":null,"N_KEN":null,"N_CITY":null,"KIGO_I":null,"KBSUM":6,"JINKO":235,"SETAI":112,"X_CODE":135.353346,"Y_CODE":34.779019,"KCODE1":"2250-00"}},{"type":"Polygon","arcs":[[-304,305,306,307]],"properties":{"KEY_CODE":"282142261","PREF":"28","CITY":"214","S_AREA":"226100","PREF_NAME":"兵庫県","CITY_NAME":"宝塚市","S_NAME":"仁川団地","KIGO_E":null,"HCODE":8101,"AREA":26277.932,"PERIMETER":973.801,"R2KAxx":6404,"R2KAxx_ID":6403,"KIHON1":"2261","DUMMY1":"-","KIHON2":"00","KEYCODE1":"214226100","KEYCODE2":"2142261","AREA_MAX_F":"M","KIGO_D":null,"N_KEN":null,"N_CITY":null,"KIGO_I":null,"KBSUM":5,"JINKO":437,"SETAI":265,"X_CODE":135.349917,"Y_CODE":34.78095,"KCODE1":"2261-00"}},{"type":"Polygon","arcs":[[-305,-308,308,-298]],"properties":{"KEY_CODE":"282142262","PREF":"28","CITY":"214","S_AREA":"226200","PREF_NAME":"兵庫県","CITY_NAME":"宝塚市","S_NAME":"仁川団地","KIGO_E":null,"HCODE":8101,"AREA":10638.464,"PERIMETER":493.396,"R2KAxx":6405,"R2KAxx_ID":6404,"KIHON1":"2262","DUMMY1":"-","KIHON2":"00","KEYCODE1":"214226200","KEYCODE2":"2142262","AREA_MAX_F":"M","KIGO_D":null,"N_KEN":null,"N_CITY":null,"KIGO_I":null,"KBSUM":2,"JINKO":138,"SETAI":9,"X_CODE":135.350478,"Y_CODE":34.781532,"KCODE1":"2262-00"}},{"type":"Polygon","arcs":[[-303,309,310,311,-306]],"properties":{"KEY_CODE":"282142263","PREF":"28","CITY":"214","S_AREA":"226300","PREF_NAME":"兵庫県","CITY_NAME":"宝塚市","S_NAME":"仁川清風台","KIGO_E":null,"HCODE":8101,"AREA":67032.03,"PERIMETER":1223.782,"R2KAxx":6406,"R2KAxx_ID":6405,"KIHON1":"2263","DUMMY1":"-","KIHON2":"00","KEYCODE1":"214226300","KEYCODE2":"2142263","AREA_MAX_F":"M","KIGO_D":null,"N_KEN":null,"N_CITY":null,"KIGO_I":null,"KBSUM":2,"JINKO":59,"SETAI":19,"X_CODE":135.350033,"Y_CODE":34.779441,"KCODE1":"2263-00"}},{"type":"Polygon","arcs":[[312,313,-311,314,315]],"properties":{"KEY_CODE":"282142270","PREF":"28","CITY":"214","S_AREA":"227000","PREF_NAME":"兵庫県","CITY_NAME":"宝塚市","S_NAME":"仁川旭ガ丘","KIGO_E":null,"HCODE":8101,"AREA":50803.182,"PERIMETER":1038.46,"R2KAxx":6407,"R2KAxx_ID":6406,"KIHON1":"2270","DUMMY1":"-","KIHON2":"00","KEYCODE1":"214227000","KEYCODE2":"2142270","AREA_MAX_F":"M","KIGO_D":null,"N_KEN":null,"N_CITY":null,"KIGO_I":null,"KBSUM":10,"JINKO":601,"SETAI":238,"X_CODE":135.34889,"Y_CODE":34.777425,"KCODE1":"2270-00"}},{"type":"Polygon","arcs":[[316,317,318,319,-314]],"properties":{"KEY_CODE":"28214228001","PREF":"28","CITY":"214","S_AREA":"228001","PREF_NAME":"兵庫県","CITY_NAME":"宝塚市","S_NAME":"仁川高丸一丁目","KIGO_E":null,"HCODE":8101,"AREA":82327.597,"PERIMETER":1383.1,"R2KAxx":6408,"R2KAxx_ID":6407,"KIHON1":"2280","DUMMY1":"-","KIHON2":"01","KEYCODE1":"214228001","KEYCODE2":"214228001","AREA_MAX_F":"M","KIGO_D":null,"N_KEN":null,"N_CITY":null,"KIGO_I":null,"KBSUM":17,"JINKO":379,"SETAI":154,"X_CODE":135.346485,"Y_CODE":34.778524,"KCODE1":"2280-01"}},{"type":"Polygon","arcs":[[320,321,322,-317,-313]],"properties":{"KEY_CODE":"28214228002","PREF":"28","CITY":"214","S_AREA":"228002","PREF_NAME":"兵庫県","CITY_NAME":"宝塚市","S_NAME":"仁川高丸二丁目","KIGO_E":null,"HCODE":8101,"AREA":83115.918,"PERIMETER":1360.98,"R2KAxx":6409,"R2KAxx_ID":6408,"KIHON1":"2280","DUMMY1":"-","KIHON2":"02","KEYCODE1":"214228002","KEYCODE2":"214228002","AREA_MAX_F":"M","KIGO_D":null,"N_KEN":null,"N_CITY":null,"KIGO_I":null,"KBSUM":22,"JINKO":573,"SETAI":233,"X_CODE":135.346024,"Y_CODE":34.775949,"KCODE1":"2280-02"}},{"type":"Polygon","arcs":[[-318,-323,323,324]],"properties":{"KEY_CODE":"28214228003","PREF":"28","CITY":"214","S_AREA":"228003","PREF_NAME":"兵庫県","CITY_NAME":"宝塚市","S_NAME":"仁川高丸三丁目","KIGO_E":null,"HCODE":8101,"AREA":84698.317,"PERIMETER":1264.101,"R2KAxx":6410,"R2KAxx_ID":6409,"KIHON1":"2280","DUMMY1":"-","KIHON2":"03","KEYCODE1":"214228003","KEYCODE2":"214228003","AREA_MAX_F":"M","KIGO_D":null,"N_KEN":null,"N_CITY":null,"KIGO_I":null,"KBSUM":19,"JINKO":678,"SETAI":249,"X_CODE":135.34332,"Y_CODE":34.777168,"KCODE1":"2280-03"}},{"type":"Polygon","arcs":[[325,326,327,-315,-310,-302]],"properties":{"KEY_CODE":"282142290","PREF":"28","CITY":"214","S_AREA":"229000","PREF_NAME":"兵庫県","CITY_NAME":"宝塚市","S_NAME":"仁川月見ガ丘","KIGO_E":null,"HCODE":8101,"AREA":119862.544,"PERIMETER":1715.609,"R2KAxx":6411,"R2KAxx_ID":6410,"KIHON1":"2290","DUMMY1":"-","KIHON2":"00","KEYCODE1":"214229000","KEYCODE2":"2142290","AREA_MAX_F":"M","KIGO_D":null,"N_KEN":null,"N_CITY":null,"KIGO_I":null,"KBSUM":18,"JINKO":1372,"SETAI":595,"X_CODE":135.352021,"Y_CODE":34.777096,"KCODE1":"2290-00"}},{"type":"Polygon","arcs":[[328,329,330,-327]],"properties":{"KEY_CODE":"28214230001","PREF":"28","CITY":"214","S_AREA":"230001","PREF_NAME":"兵庫県","CITY_NAME":"宝塚市","S_NAME":"仁川高台一丁目","KIGO_E":null,"HCODE":8101,"AREA":104802.162,"PERIMETER":1494.482,"R2KAxx":6412,"R2KAxx_ID":6411,"KIHON1":"2300","DUMMY1":"-","KIHON2":"01","KEYCODE1":"214230001","KEYCODE2":"214230001","AREA_MAX_F":"M","KIGO_D":null,"N_KEN":null,"N_CITY":null,"KIGO_I":null,"KBSUM":14,"JINKO":1115,"SETAI":451,"X_CODE":135.352062,"Y_CODE":34.774491,"KCODE1":"2300-01"}},{"type":"Polygon","arcs":[[-328,-331,331,-321,-316]],"properties":{"KEY_CODE":"28214230002","PREF":"28","CITY":"214","S_AREA":"230002","PREF_NAME":"兵庫県","CITY_NAME":"宝塚市","S_NAME":"仁川高台二丁目","KIGO_E":null,"HCODE":8101,"AREA":64228.072,"PERIMETER":1104.479,"R2KAxx":6413,"R2KAxx_ID":6412,"KIHON1":"2300","DUMMY1":"-","KIHON2":"02","KEYCODE1":"214230002","KEYCODE2":"214230002","AREA_MAX_F":"M","KIGO_D":null,"N_KEN":null,"N_CITY":null,"KIGO_I":null,"KBSUM":6,"JINKO":313,"SETAI":112,"X_CODE":135.348658,"Y_CODE":34.775127,"KCODE1":"2300-02"}},{"type":"Polygon","arcs":[[332,333,-282,-279]],"properties":{"KEY_CODE":"28214231001","PREF":"28","CITY":"214","S_AREA":"231001","PREF_NAME":"兵庫県","CITY_NAME":"宝塚市","S_NAME":"仁川北一丁目","KIGO_E":null,"HCODE":8101,"AREA":45931.366,"PERIMETER":1966.363,"R2KAxx":6414,"R2KAxx_ID":6413,"KIHON1":"2310","DUMMY1":"-","KIHON2":"01","KEYCODE1":"214231001","KEYCODE2":"214231001","AREA_MAX_F":"M","KIGO_D":null,"N_KEN":null,"N_CITY":null,"KIGO_I":null,"KBSUM":7,"JINKO":613,"SETAI":272,"X_CODE":135.367632,"Y_CODE":34.776001,"KCODE1":"2310-01"}},{"type":"Polygon","arcs":[[-283,-334,334,335,-293]],"properties":{"KEY_CODE":"28214231002","PREF":"28","CITY":"214","S_AREA":"231002","PREF_NAME":"兵庫県","CITY_NAME":"宝塚市","S_NAME":"仁川北二丁目","KIGO_E":null,"HCODE":8101,"AREA":117766.597,"PERIMETER":1936.264,"R2KAxx":6415,"R2KAxx_ID":6414,"KIHON1":"2310","DUMMY1":"-","KIHON2":"02","KEYCODE1":"214231002","KEYCODE2":"214231002","AREA_MAX_F":"M","KIGO_D":null,"N_KEN":null,"N_CITY":null,"KIGO_I":null,"KBSUM":22,"JINKO":1996,"SETAI":977,"X_CODE":135.359383,"Y_CODE":34.775952,"KCODE1":"2310-02"}},{"type":"Polygon","arcs":[[-294,-336,336,-329,-326,-301]],"properties":{"KEY_CODE":"28214231003","PREF":"28","CITY":"214","S_AREA":"231003","PREF_NAME":"兵庫県","CITY_NAME":"宝塚市","S_NAME":"仁川北三丁目","KIGO_E":null,"HCODE":8101,"AREA":116839.521,"PERIMETER":1833.527,"R2KAxx":6416,"R2KAxx_ID":6415,"KIHON1":"2310","DUMMY1":"-","KIHON2":"03","KEYCODE1":"214231003","KEYCODE2":"214231003","AREA_MAX_F":"M","KIGO_D":null,"N_KEN":null,"N_CITY":null,"KIGO_I":null,"KBSUM":14,"JINKO":652,"SETAI":301,"X_CODE":135.355123,"Y_CODE":34.774702,"KCODE1":"2310-03"}},{"type":"Polygon","arcs":[[-309,-307,-312,-320,337,338,-299]],"properties":{"KEY_CODE":"282142320","PREF":"28","CITY":"214","S_AREA":"232000","PREF_NAME":"兵庫県","CITY_NAME":"宝塚市","S_NAME":"仁川うぐいす台","KIGO_E":null,"HCODE":8101,"AREA":85033.677,"PERIMETER":1566.073,"R2KAxx":6417,"R2KAxx_ID":6416,"KIHON1":"2320","DUMMY1":"-","KIHON2":"00","KEYCODE1":"214232000","KEYCODE2":"2142320","AREA_MAX_F":"M","KIGO_D":null,"N_KEN":null,"N_CITY":null,"KIGO_I":null,"KBSUM":13,"JINKO":314,"SETAI":125,"X_CODE":135.34792,"Y_CODE":34.781871,"KCODE1":"2320-00"}},{"type":"Polygon","arcs":[[339,340,341,342,343,344]],"properties":{"KEY_CODE":"282143010","PREF":"28","CITY":"214","S_AREA":"301000","PREF_NAME":"兵庫県","CITY_NAME":"宝塚市","S_NAME":"湯本町","KIGO_E":null,"HCODE":8101,"AREA":114308.082,"PERIMETER":1922.559,"R2KAxx":6418,"R2KAxx_ID":6417,"KIHON1":"3010","DUMMY1":"-","KIHON2":"00","KEYCODE1":"214301000","KEYCODE2":"2143010","AREA_MAX_F":"M","KIGO_D":null,"N_KEN":null,"N_CITY":null,"KIGO_I":null,"KBSUM":20,"JINKO":2133,"SETAI":973,"X_CODE":135.342979,"Y_CODE":34.806777,"KCODE1":"3010-00"}},{"type":"Polygon","arcs":[[345,346,347,348,-341]],"properties":{"KEY_CODE":"282143020","PREF":"28","CITY":"214","S_AREA":"302000","PREF_NAME":"兵庫県","CITY_NAME":"宝塚市","S_NAME":"梅野町","KIGO_E":null,"HCODE":8101,"AREA":56135.688,"PERIMETER":1195.29,"R2KAxx":6419,"R2KAxx_ID":6418,"KIHON1":"3020","DUMMY1":"-","KIHON2":"00","KEYCODE1":"214302000","KEYCODE2":"2143020","AREA_MAX_F":"M","KIGO_D":null,"N_KEN":null,"N_CITY":null,"KIGO_I":null,"KBSUM":13,"JINKO":1593,"SETAI":719,"X_CODE":135.34371,"Y_CODE":34.804876,"KCODE1":"3020-00"}},{"type":"Polygon","arcs":[[349,350,351,352,-347,353]],"properties":{"KEY_CODE":"28214303001","PREF":"28","CITY":"214","S_AREA":"303001","PREF_NAME":"兵庫県","CITY_NAME":"宝塚市","S_NAME":"南口一丁目","KIGO_E":null,"HCODE":8101,"AREA":120809.841,"PERIMETER":1689.563,"R2KAxx":6420,"R2KAxx_ID":6419,"KIHON1":"3030","DUMMY1":"-","KIHON2":"01","KEYCODE1":"214303001","KEYCODE2":"214303001","AREA_MAX_F":"M","KIGO_D":null,"N_KEN":null,"N_CITY":null,"KIGO_I":null,"KBSUM":17,"JINKO":992,"SETAI":483,"X_CODE":135.345032,"Y_CODE":34.801951,"KCODE1":"3030-01"}},{"type":"Polygon","arcs":[[-354,-346,-340,-30,354,355]],"properties":{"KEY_CODE":"28214303002","PREF":"28","CITY":"214","S_AREA":"303002","PREF_NAME":"兵庫県","CITY_NAME":"宝塚市","S_NAME":"南口二丁目","KIGO_E":null,"HCODE":8101,"AREA":153114.317,"PERIMETER":1638.975,"R2KAxx":6421,"R2KAxx_ID":6420,"KIHON1":"3030","DUMMY1":"-","KIHON2":"02","KEYCODE1":"214303002","KEYCODE2":"214303002","AREA_MAX_F":"M","KIGO_D":null,"N_KEN":null,"N_CITY":null,"KIGO_I":null,"KBSUM":23,"JINKO":1835,"SETAI":828,"X_CODE":135.34814,"Y_CODE":34.803743,"KCODE1":"3030-02"}},{"type":"Polygon","arcs":[[-182,356,-356,357,-173]],"properties":{"KEY_CODE":"28214304001","PREF":"28","CITY":"214","S_AREA":"304001","PREF_NAME":"兵庫県","CITY_NAME":"宝塚市","S_NAME":"中州一丁目","KIGO_E":null,"HCODE":8101,"AREA":108502.82,"PERIMETER":1349.142,"R2KAxx":6422,"R2KAxx_ID":6421,"KIHON1":"3040","DUMMY1":"-","KIHON2":"01","KEYCODE1":"214304001","KEYCODE2":"214304001","AREA_MAX_F":"M","KIGO_D":null,"N_KEN":null,"N_CITY":null,"KIGO_I":null,"KBSUM":20,"JINKO":1312,"SETAI":600,"X_CODE":135.349823,"Y_CODE":34.800529,"KCODE1":"3040-01"}},{"type":"Polygon","arcs":[[-26,-219,-174,-358,-355,-29]],"properties":{"KEY_CODE":"28214304002","PREF":"28","CITY":"214","S_AREA":"304002","PREF_NAME":"兵庫県","CITY_NAME":"宝塚市","S_NAME":"中州二丁目","KIGO_E":null,"HCODE":8101,"AREA":124580.275,"PERIMETER":1631.064,"R2KAxx":6423,"R2KAxx_ID":6422,"KIHON1":"3040","DUMMY1":"-","KIHON2":"02","KEYCODE1":"214304002","KEYCODE2":"214304002","AREA_MAX_F":"M","KIGO_D":null,"N_KEN":null,"N_CITY":null,"KIGO_I":null,"KBSUM":13,"JINKO":644,"SETAI":279,"X_CODE":135.352509,"Y_CODE":34.803194,"KCODE1":"3040-02"}},{"type":"Polygon","arcs":[[358,359,360,361,362]],"properties":{"KEY_CODE":"28214305001","PREF":"28","CITY":"214","S_AREA":"305001","PREF_NAME":"兵庫県","CITY_NAME":"宝塚市","S_NAME":"野上一丁目","KIGO_E":"E1","HCODE":8101,"AREA":39186.937,"PERIMETER":989.434,"R2KAxx":6424,"R2KAxx_ID":6423,"KIHON1":"3050","DUMMY1":"-","KIHON2":"01","KEYCODE1":"214305001","KEYCODE2":"214305001","AREA_MAX_F":null,"KIGO_D":null,"N_KEN":null,"N_CITY":null,"KIGO_I":null,"KBSUM":10,"JINKO":664,"SETAI":284,"X_CODE":135.345687,"Y_CODE":34.797164,"KCODE1":"3050-01"}},{"type":"Polygon","arcs":[[-181,363,364,-350,-357]],"properties":{"KEY_CODE":"28214305001","PREF":"28","CITY":"214","S_AREA":"305001","PREF_NAME":"兵庫県","CITY_NAME":"宝塚市","S_NAME":"野上一丁目","KIGO_E":"E2","HCODE":8101,"AREA":55450.769,"PERIMETER":1190.577,"R2KAxx":6425,"R2KAxx_ID":6424,"KIHON1":"3050","DUMMY1":"-","KIHON2":"01","KEYCODE1":"214305001","KEYCODE2":"214305001","AREA_MAX_F":"M","KIGO_D":null,"N_KEN":null,"N_CITY":null,"KIGO_I":null,"KBSUM":0,"JINKO":0,"SETAI":0,"X_CODE":135.34772,"Y_CODE":34.799395,"KCODE1":"3050-01"}},{"type":"Polygon","arcs":[[365,-360,366,-364,-180]],"properties":{"KEY_CODE":"28214305002","PREF":"28","CITY":"214","S_AREA":"305002","PREF_NAME":"兵庫県","CITY_NAME":"宝塚市","S_NAME":"野上二丁目","KIGO_E":null,"HCODE":8101,"AREA":78337.568,"PERIMETER":1418.72,"R2KAxx":6426,"R2KAxx_ID":6425,"KIHON1":"3050","DUMMY1":"-","KIHON2":"02","KEYCODE1":"214305002","KEYCODE2":"214305002","AREA_MAX_F":"M","KIGO_D":null,"N_KEN":null,"N_CITY":null,"KIGO_I":null,"KBSUM":6,"JINKO":498,"SETAI":230,"X_CODE":135.346855,"Y_CODE":34.79625,"KCODE1":"3050-02"}},{"type":"Polygon","arcs":[[367,368,-366,-199]],"properties":{"KEY_CODE":"28214305003","PREF":"28","CITY":"214","S_AREA":"305003","PREF_NAME":"兵庫県","CITY_NAME":"宝塚市","S_NAME":"野上三丁目","KIGO_E":null,"HCODE":8101,"AREA":119086.705,"PERIMETER":1529.862,"R2KAxx":6427,"R2KAxx_ID":6426,"KIHON1":"3050","DUMMY1":"-","KIHON2":"03","KEYCODE1":"214305003","KEYCODE2":"214305003","AREA_MAX_F":"M","KIGO_D":null,"N_KEN":null,"N_CITY":null,"KIGO_I":null,"KBSUM":18,"JINKO":1596,"SETAI":565,"X_CODE":135.342986,"Y_CODE":34.792984,"KCODE1":"3050-03"}},{"type":"Polygon","arcs":[[369,370,371,-361,-369]],"properties":{"KEY_CODE":"28214305004","PREF":"28","CITY":"214","S_AREA":"305004","PREF_NAME":"兵庫県","CITY_NAME":"宝塚市","S_NAME":"野上四丁目","KIGO_E":null,"HCODE":8101,"AREA":124633.55,"PERIMETER":1473.936,"R2KAxx":6428,"R2KAxx_ID":6427,"KIHON1":"3050","DUMMY1":"-","KIHON2":"04","KEYCODE1":"214305004","KEYCODE2":"214305004","AREA_MAX_F":"M","KIGO_D":null,"N_KEN":null,"N_CITY":null,"KIGO_I":null,"KBSUM":23,"JINKO":1193,"SETAI":494,"X_CODE":135.341498,"Y_CODE":34.794817,"KCODE1":"3050-04"}},{"type":"Polygon","arcs":[[-370,372,373,374,375]],"properties":{"KEY_CODE":"28214305005","PREF":"28","CITY":"214","S_AREA":"305005","PREF_NAME":"兵庫県","CITY_NAME":"宝塚市","S_NAME":"野上五丁目","KIGO_E":null,"HCODE":8101,"AREA":80386.963,"PERIMETER":1385.069,"R2KAxx":6429,"R2KAxx_ID":6428,"KIHON1":"3050","DUMMY1":"-","KIHON2":"05","KEYCODE1":"214305005","KEYCODE2":"214305005","AREA_MAX_F":"M","KIGO_D":null,"N_KEN":null,"N_CITY":null,"KIGO_I":null,"KBSUM":8,"JINKO":800,"SETAI":311,"X_CODE":135.338347,"Y_CODE":34.793125,"KCODE1":"3050-05"}},{"type":"Polygon","arcs":[[-198,376,377,378,379,-373,-368]],"properties":{"KEY_CODE":"28214305006","PREF":"28","CITY":"214","S_AREA":"305006","PREF_NAME":"兵庫県","CITY_NAME":"宝塚市","S_NAME":"野上六丁目","KIGO_E":null,"HCODE":8101,"AREA":143145.992,"PERIMETER":1828.783,"R2KAxx":6430,"R2KAxx_ID":6429,"KIHON1":"3050","DUMMY1":"-","KIHON2":"06","KEYCODE1":"214305006","KEYCODE2":"214305006","AREA_MAX_F":"M","KIGO_D":null,"N_KEN":null,"N_CITY":null,"KIGO_I":null,"KBSUM":25,"JINKO":1557,"SETAI":810,"X_CODE":135.339588,"Y_CODE":34.79046,"KCODE1":"3050-06"}},{"type":"Polygon","arcs":[[-363,380,381]],"properties":{"KEY_CODE":"282143051","PREF":"28","CITY":"214","S_AREA":"305101","PREF_NAME":"兵庫県","CITY_NAME":"宝塚市","S_NAME":"野上","KIGO_E":null,"HCODE":8101,"AREA":2270.344,"PERIMETER":260.653,"R2KAxx":6431,"R2KAxx_ID":6430,"KIHON1":"3051","DUMMY1":"-","KIHON2":"01","KEYCODE1":"214305101","KEYCODE2":"2143051","AREA_MAX_F":"M","KIGO_D":null,"N_KEN":null,"N_CITY":null,"KIGO_I":null,"KBSUM":1,"JINKO":40,"SETAI":10,"X_CODE":135.345834,"Y_CODE":34.798477,"KCODE1":"3051-01"}},{"type":"Polygon","arcs":[[-367,-359,-382,382,-365]],"properties":{"KEY_CODE":"282143052","PREF":"28","CITY":"214","S_AREA":"305201","PREF_NAME":"兵庫県","CITY_NAME":"宝塚市","S_NAME":"野上","KIGO_E":null,"HCODE":8101,"AREA":24674.03,"PERIMETER":902.909,"R2KAxx":6432,"R2KAxx_ID":6431,"KIHON1":"3052","DUMMY1":"-","KIHON2":"01","KEYCODE1":"214305201","KEYCODE2":"2143052","AREA_MAX_F":"M","KIGO_D":null,"N_KEN":null,"N_CITY":null,"KIGO_I":null,"KBSUM":3,"JINKO":287,"SETAI":124,"X_CODE":135.34738,"Y_CODE":34.798366,"KCODE1":"3052-01"}},{"type":"Polygon","arcs":[[-372,383,384,-351,-383,-381,-362]],"properties":{"KEY_CODE":"28214306001","PREF":"28","CITY":"214","S_AREA":"306001","PREF_NAME":"兵庫県","CITY_NAME":"宝塚市","S_NAME":"宝梅一丁目","KIGO_E":null,"HCODE":8101,"AREA":81837.165,"PERIMETER":1107.66,"R2KAxx":6433,"R2KAxx_ID":6432,"KIHON1":"3060","DUMMY1":"-","KIHON2":"01","KEYCODE1":"214306001","KEYCODE2":"214306001","AREA_MAX_F":"M","KIGO_D":null,"N_KEN":null,"N_CITY":null,"KIGO_I":null,"KBSUM":16,"JINKO":711,"SETAI":286,"X_CODE":135.343733,"Y_CODE":34.798036,"KCODE1":"3060-01"}},{"type":"Polygon","arcs":[[-371,-376,385,386,387,-384]],"properties":{"KEY_CODE":"28214306002","PREF":"28","CITY":"214","S_AREA":"306002","PREF_NAME":"兵庫県","CITY_NAME":"宝塚市","S_NAME":"宝梅二丁目","KIGO_E":null,"HCODE":8101,"AREA":129830.329,"PERIMETER":1588.458,"R2KAxx":6434,"R2KAxx_ID":6433,"KIHON1":"3060","DUMMY1":"-","KIHON2":"02","KEYCODE1":"214306002","KEYCODE2":"214306002","AREA_MAX_F":"M","KIGO_D":null,"N_KEN":null,"N_CITY":null,"KIGO_I":null,"KBSUM":16,"JINKO":1402,"SETAI":520,"X_CODE":135.339893,"Y_CODE":34.797013,"KCODE1":"3060-02"}},{"type":"Polygon","arcs":[[-386,-375,388,389,390,391,392]],"properties":{"KEY_CODE":"28214306003","PREF":"28","CITY":"214","S_AREA":"306003","PREF_NAME":"兵庫県","CITY_NAME":"宝塚市","S_NAME":"宝梅三丁目","KIGO_E":null,"HCODE":8101,"AREA":60437.438,"PERIMETER":1347.41,"R2KAxx":6435,"R2KAxx_ID":6434,"KIHON1":"3060","DUMMY1":"-","KIHON2":"03","KEYCODE1":"214306003","KEYCODE2":"214306003","AREA_MAX_F":"M","KIGO_D":null,"N_KEN":null,"N_CITY":null,"KIGO_I":null,"KBSUM":4,"JINKO":336,"SETAI":125,"X_CODE":135.336732,"Y_CODE":34.796533,"KCODE1":"3060-03"}},{"type":"Polygon","arcs":[[393,394,-392,395,396,397,398]],"properties":{"KEY_CODE":"282143070","PREF":"28","CITY":"214","S_AREA":"307000","PREF_NAME":"兵庫県","CITY_NAME":"宝塚市","S_NAME":"宝松苑","KIGO_E":null,"HCODE":8101,"AREA":101903.723,"PERIMETER":1809.508,"R2KAxx":6436,"R2KAxx_ID":6435,"KIHON1":"3070","DUMMY1":"-","KIHON2":"00","KEYCODE1":"214307000","KEYCODE2":"2143070","AREA_MAX_F":"M","KIGO_D":null,"N_KEN":null,"N_CITY":null,"KIGO_I":null,"KBSUM":21,"JINKO":735,"SETAI":279,"X_CODE":135.337065,"Y_CODE":34.800025,"KCODE1":"3070-00"}},{"type":"Polygon","arcs":[[399,-387,-393,-395]],"properties":{"KEY_CODE":"282143071","PREF":"28","CITY":"214","S_AREA":"307100","PREF_NAME":"兵庫県","CITY_NAME":"宝塚市","S_NAME":"宝松苑","KIGO_E":null,"HCODE":8101,"AREA":54949.949,"PERIMETER":1091.918,"R2KAxx":6437,"R2KAxx_ID":6436,"KIHON1":"3071","DUMMY1":"-","KIHON2":"00","KEYCODE1":"214307100","KEYCODE2":"2143071","AREA_MAX_F":"M","KIGO_D":null,"N_KEN":null,"N_CITY":null,"KIGO_I":null,"KBSUM":5,"JINKO":625,"SETAI":227,"X_CODE":135.338164,"Y_CODE":34.798836,"KCODE1":"3071-00"}},{"type":"Polygon","arcs":[[-352,-385,-388,-400,-394,400]],"properties":{"KEY_CODE":"282143080","PREF":"28","CITY":"214","S_AREA":"308000","PREF_NAME":"兵庫県","CITY_NAME":"宝塚市","S_NAME":"寿楽荘","KIGO_E":null,"HCODE":8101,"AREA":111656.534,"PERIMETER":1626.351,"R2KAxx":6438,"R2KAxx_ID":6437,"KIHON1":"3080","DUMMY1":"-","KIHON2":"00","KEYCODE1":"214308000","KEYCODE2":"2143080","AREA_MAX_F":"M","KIGO_D":null,"N_KEN":null,"N_CITY":null,"KIGO_I":null,"KBSUM":18,"JINKO":1136,"SETAI":429,"X_CODE":135.342419,"Y_CODE":34.80005,"KCODE1":"3080-00"}},{"type":"Polygon","arcs":[[-401,-399,401,402,-348,-353]],"properties":{"KEY_CODE":"28214309001","PREF":"28","CITY":"214","S_AREA":"309001","PREF_NAME":"兵庫県","CITY_NAME":"宝塚市","S_NAME":"武庫山一丁目","KIGO_E":null,"HCODE":8101,"AREA":116166.278,"PERIMETER":1610.583,"R2KAxx":6439,"R2KAxx_ID":6438,"KIHON1":"3090","DUMMY1":"-","KIHON2":"01","KEYCODE1":"214309001","KEYCODE2":"214309001","AREA_MAX_F":"M","KIGO_D":null,"N_KEN":null,"N_CITY":null,"KIGO_I":null,"KBSUM":16,"JINKO":815,"SETAI":317,"X_CODE":135.341039,"Y_CODE":34.802558,"KCODE1":"3090-01"}},{"type":"Polygon","arcs":[[-349,-403,403,404,405,-342]],"properties":{"KEY_CODE":"28214309002","PREF":"28","CITY":"214","S_AREA":"309002","PREF_NAME":"兵庫県","CITY_NAME":"宝塚市","S_NAME":"武庫山二丁目","KIGO_E":null,"HCODE":8101,"AREA":168163.191,"PERIMETER":2027.289,"R2KAxx":6440,"R2KAxx_ID":6439,"KIHON1":"3090","DUMMY1":"-","KIHON2":"02","KEYCODE1":"214309002","KEYCODE2":"214309002","AREA_MAX_F":"M","KIGO_D":null,"N_KEN":null,"N_CITY":null,"KIGO_I":null,"KBSUM":29,"JINKO":2501,"SETAI":951,"X_CODE":135.339556,"Y_CODE":34.805401,"KCODE1":"3090-02"}},{"type":"Polygon","arcs":[[-405,406,407,408]],"properties":{"KEY_CODE":"282143100","PREF":"28","CITY":"214","S_AREA":"310000","PREF_NAME":"兵庫県","CITY_NAME":"宝塚市","S_NAME":"紅葉ガ丘","KIGO_E":null,"HCODE":8101,"AREA":104577.072,"PERIMETER":1599.412,"R2KAxx":6441,"R2KAxx_ID":6440,"KIHON1":"3100","DUMMY1":"-","KIHON2":"00","KEYCODE1":"214310000","KEYCODE2":"2143100","AREA_MAX_F":"M","KIGO_D":null,"N_KEN":null,"N_CITY":null,"KIGO_I":null,"KBSUM":13,"JINKO":460,"SETAI":166,"X_CODE":135.334473,"Y_CODE":34.805905,"KCODE1":"3100-00"}},{"type":"Polygon","arcs":[[-343,-406,-409,409,410]],"properties":{"KEY_CODE":"28214311001","PREF":"28","CITY":"214","S_AREA":"311001","PREF_NAME":"兵庫県","CITY_NAME":"宝塚市","S_NAME":"月見山一丁目","KIGO_E":null,"HCODE":8101,"AREA":119752.32,"PERIMETER":1731.958,"R2KAxx":6442,"R2KAxx_ID":6441,"KIHON1":"3110","DUMMY1":"-","KIHON2":"01","KEYCODE1":"214311001","KEYCODE2":"214311001","AREA_MAX_F":"M","KIGO_D":null,"N_KEN":null,"N_CITY":null,"KIGO_I":null,"KBSUM":19,"JINKO":1070,"SETAI":472,"X_CODE":135.337737,"Y_CODE":34.8082,"KCODE1":"3110-01"}},{"type":"Polygon","arcs":[[-410,-408,411,412,413,414]],"properties":{"KEY_CODE":"28214311002","PREF":"28","CITY":"214","S_AREA":"311002","PREF_NAME":"兵庫県","CITY_NAME":"宝塚市","S_NAME":"月見山二丁目","KIGO_E":null,"HCODE":8101,"AREA":142672.798,"PERIMETER":1732.484,"R2KAxx":6443,"R2KAxx_ID":6442,"KIHON1":"3110","DUMMY1":"-","KIHON2":"02","KEYCODE1":"214311002","KEYCODE2":"214311002","AREA_MAX_F":"M","KIGO_D":null,"N_KEN":null,"N_CITY":null,"KIGO_I":null,"KBSUM":24,"JINKO":1057,"SETAI":388,"X_CODE":135.33544,"Y_CODE":34.809557,"KCODE1":"3110-02"}},{"type":"Polygon","arcs":[[415,416,417,-413]],"properties":{"KEY_CODE":"282143120","PREF":"28","CITY":"214","S_AREA":"312000","PREF_NAME":"兵庫県","CITY_NAME":"宝塚市","S_NAME":"長寿ガ丘","KIGO_E":null,"HCODE":8101,"AREA":155619.965,"PERIMETER":1715.96,"R2KAxx":6444,"R2KAxx_ID":6443,"KIHON1":"3120","DUMMY1":"-","KIHON2":"00","KEYCODE1":"214312000","KEYCODE2":"2143120","AREA_MAX_F":"M","KIGO_D":null,"N_KEN":null,"N_CITY":null,"KIGO_I":null,"KBSUM":17,"JINKO":650,"SETAI":263,"X_CODE":135.332545,"Y_CODE":34.811404,"KCODE1":"3120-00"}},{"type":"Polygon","arcs":[[418,-396,-391,419,420,421]],"properties":{"KEY_CODE":"28214313001","PREF":"28","CITY":"214","S_AREA":"313001","PREF_NAME":"兵庫県","CITY_NAME":"宝塚市","S_NAME":"光ガ丘一丁目","KIGO_E":null,"HCODE":8101,"AREA":121620.358,"PERIMETER":1943.883,"R2KAxx":6445,"R2KAxx_ID":6444,"KIHON1":"3130","DUMMY1":"-","KIHON2":"01","KEYCODE1":"214313001","KEYCODE2":"214313001","AREA_MAX_F":"M","KIGO_D":null,"N_KEN":null,"N_CITY":null,"KIGO_I":null,"KBSUM":21,"JINKO":894,"SETAI":375,"X_CODE":135.332107,"Y_CODE":34.799101,"KCODE1":"3130-01"}},{"type":"Polygon","arcs":[[-419,422,423,-397]],"properties":{"KEY_CODE":"28214313002","PREF":"28","CITY":"214","S_AREA":"313002","PREF_NAME":"兵庫県","CITY_NAME":"宝塚市","S_NAME":"光ガ丘二丁目","KIGO_E":null,"HCODE":8101,"AREA":88470.819,"PERIMETER":1321.85,"R2KAxx":6446,"R2KAxx_ID":6445,"KIHON1":"3130","DUMMY1":"-","KIHON2":"02","KEYCODE1":"214313002","KEYCODE2":"214313002","AREA_MAX_F":"M","KIGO_D":null,"N_KEN":null,"N_CITY":null,"KIGO_I":null,"KBSUM":17,"JINKO":417,"SETAI":189,"X_CODE":135.333417,"Y_CODE":34.801291,"KCODE1":"3130-02"}},{"type":"Polygon","arcs":[[424,425,-420,-390,426]],"properties":{"KEY_CODE":"28214314001","PREF":"28","CITY":"214","S_AREA":"314001","PREF_NAME":"兵庫県","CITY_NAME":"宝塚市","S_NAME":"青葉台一丁目","KIGO_E":null,"HCODE":8101,"AREA":97013.249,"PERIMETER":1268.727,"R2KAxx":6447,"R2KAxx_ID":6446,"KIHON1":"3140","DUMMY1":"-","KIHON2":"01","KEYCODE1":"214314001","KEYCODE2":"214314001","AREA_MAX_F":"M","KIGO_D":null,"N_KEN":null,"N_CITY":null,"KIGO_I":null,"KBSUM":22,"JINKO":597,"SETAI":295,"X_CODE":135.334013,"Y_CODE":34.796341,"KCODE1":"3140-01"}},{"type":"Polygon","arcs":[[427,-421,-426,428]],"properties":{"KEY_CODE":"28214314002","PREF":"28","CITY":"214","S_AREA":"314002","PREF_NAME":"兵庫県","CITY_NAME":"宝塚市","S_NAME":"青葉台二丁目","KIGO_E":null,"HCODE":8101,"AREA":66561.113,"PERIMETER":1302.868,"R2KAxx":6448,"R2KAxx_ID":6447,"KIHON1":"3140","DUMMY1":"-","KIHON2":"02","KEYCODE1":"214314002","KEYCODE2":"214314002","AREA_MAX_F":"M","KIGO_D":null,"N_KEN":null,"N_CITY":null,"KIGO_I":null,"KBSUM":15,"JINKO":523,"SETAI":216,"X_CODE":135.331642,"Y_CODE":34.79624,"KCODE1":"3140-02"}},{"type":"Polygon","arcs":[[429,430,431,432,433,-378,434]],"properties":{"KEY_CODE":"28214315001","PREF":"28","CITY":"214","S_AREA":"315001","PREF_NAME":"兵庫県","CITY_NAME":"宝塚市","S_NAME":"逆瀬台一丁目","KIGO_E":null,"HCODE":8101,"AREA":100308.724,"PERIMETER":2693.224,"R2KAxx":6449,"R2KAxx_ID":6448,"KIHON1":"3150","DUMMY1":"-","KIHON2":"01","KEYCODE1":"214315001","KEYCODE2":"214315001","AREA_MAX_F":"M","KIGO_D":null,"N_KEN":null,"N_CITY":null,"KIGO_I":null,"KBSUM":23,"JINKO":2251,"SETAI":1088,"X_CODE":135.331482,"Y_CODE":34.789026,"KCODE1":"3150-01"}},{"type":"Polygon","arcs":[[435,436,-432,437]],"properties":{"KEY_CODE":"28214315002","PREF":"28","CITY":"214","S_AREA":"315002","PREF_NAME":"兵庫県","CITY_NAME":"宝塚市","S_NAME":"逆瀬台二丁目","KIGO_E":null,"HCODE":8101,"AREA":89922.352,"PERIMETER":1206.478,"R2KAxx":6450,"R2KAxx_ID":6449,"KIHON1":"3150","DUMMY1":"-","KIHON2":"02","KEYCODE1":"214315002","KEYCODE2":"214315002","AREA_MAX_F":"M","KIGO_D":null,"N_KEN":null,"N_CITY":null,"KIGO_I":null,"KBSUM":12,"JINKO":537,"SETAI":231,"X_CODE":135.329717,"Y_CODE":34.790884,"KCODE1":"3150-02"}},{"type":"Polygon","arcs":[[-433,-437,438,439]],"properties":{"KEY_CODE":"28214315003","PREF":"28","CITY":"214","S_AREA":"315003","PREF_NAME":"兵庫県","CITY_NAME":"宝塚市","S_NAME":"逆瀬台三丁目","KIGO_E":null,"HCODE":8101,"AREA":65891.257,"PERIMETER":1394.682,"R2KAxx":6451,"R2KAxx_ID":6450,"KIHON1":"3150","DUMMY1":"-","KIHON2":"03","KEYCODE1":"214315003","KEYCODE2":"214315003","AREA_MAX_F":"M","KIGO_D":null,"N_KEN":null,"N_CITY":null,"KIGO_I":null,"KBSUM":11,"JINKO":435,"SETAI":186,"X_CODE":135.332636,"Y_CODE":34.790936,"KCODE1":"3150-03"}},{"type":"Polygon","arcs":[[-379,-434,-440,440,441]],"properties":{"KEY_CODE":"28214315004","PREF":"28","CITY":"214","S_AREA":"315004","PREF_NAME":"兵庫県","CITY_NAME":"宝塚市","S_NAME":"逆瀬台四丁目","KIGO_E":null,"HCODE":8101,"AREA":68060.081,"PERIMETER":1185.364,"R2KAxx":6452,"R2KAxx_ID":6451,"KIHON1":"3150","DUMMY1":"-","KIHON2":"04","KEYCODE1":"214315004","KEYCODE2":"214315004","AREA_MAX_F":"M","KIGO_D":null,"N_KEN":null,"N_CITY":null,"KIGO_I":null,"KBSUM":16,"JINKO":376,"SETAI":166,"X_CODE":135.335078,"Y_CODE":34.790789,"KCODE1":"3150-04"}},{"type":"Polygon","arcs":[[-374,-380,-442,442,-427,-389]],"properties":{"KEY_CODE":"28214315005","PREF":"28","CITY":"214","S_AREA":"315005","PREF_NAME":"兵庫県","CITY_NAME":"宝塚市","S_NAME":"逆瀬台五丁目","KIGO_E":null,"HCODE":8101,"AREA":109876.558,"PERIMETER":1606.781,"R2KAxx":6453,"R2KAxx_ID":6452,"KIHON1":"3150","DUMMY1":"-","KIHON2":"05","KEYCODE1":"214315005","KEYCODE2":"214315005","AREA_MAX_F":"M","KIGO_D":null,"N_KEN":null,"N_CITY":null,"KIGO_I":null,"KBSUM":26,"JINKO":785,"SETAI":339,"X_CODE":135.335608,"Y_CODE":34.793673,"KCODE1":"3150-05"}},{"type":"Polygon","arcs":[[-441,-439,-436,443,-429,-425,-443]],"properties":{"KEY_CODE":"28214315006","PREF":"28","CITY":"214","S_AREA":"315006","PREF_NAME":"兵庫県","CITY_NAME":"宝塚市","S_NAME":"逆瀬台六丁目","KIGO_E":null,"HCODE":8101,"AREA":99771.604,"PERIMETER":1407.094,"R2KAxx":6454,"R2KAxx_ID":6453,"KIHON1":"3150","DUMMY1":"-","KIHON2":"06","KEYCODE1":"214315006","KEYCODE2":"214315006","AREA_MAX_F":"M","KIGO_D":null,"N_KEN":null,"N_CITY":null,"KIGO_I":null,"KBSUM":15,"JINKO":443,"SETAI":201,"X_CODE":135.33185,"Y_CODE":34.793245,"KCODE1":"3150-06"}},{"type":"Polygon","arcs":[[-430,444,445,446]],"properties":{"KEY_CODE":"28214316001","PREF":"28","CITY":"214","S_AREA":"316001","PREF_NAME":"兵庫県","CITY_NAME":"宝塚市","S_NAME":"ゆずり葉台一丁目","KIGO_E":null,"HCODE":8101,"AREA":162315.949,"PERIMETER":1790.305,"R2KAxx":6455,"R2KAxx_ID":6454,"KIHON1":"3160","DUMMY1":"-","KIHON2":"01","KEYCODE1":"214316001","KEYCODE2":"214316001","AREA_MAX_F":"M","KIGO_D":null,"N_KEN":null,"N_CITY":null,"KIGO_I":null,"KBSUM":3,"JINKO":0,"SETAI":0,"X_CODE":135.323922,"Y_CODE":34.79093,"KCODE1":"3160-01"}},{"type":"Polygon","arcs":[[-446,447,448,449]],"properties":{"KEY_CODE":"28214316002","PREF":"28","CITY":"214","S_AREA":"316002","PREF_NAME":"兵庫県","CITY_NAME":"宝塚市","S_NAME":"ゆずり葉台二丁目","KIGO_E":null,"HCODE":8101,"AREA":107924.371,"PERIMETER":1862.672,"R2KAxx":6456,"R2KAxx_ID":6455,"KIHON1":"3160","DUMMY1":"-","KIHON2":"02","KEYCODE1":"214316002","KEYCODE2":"214316002","AREA_MAX_F":"M","KIGO_D":null,"N_KEN":null,"N_CITY":null,"KIGO_I":null,"KBSUM":15,"JINKO":255,"SETAI":100,"X_CODE":135.318751,"Y_CODE":34.792657,"KCODE1":"3160-02"}},{"type":"Polygon","arcs":[[450,451,-449]],"properties":{"KEY_CODE":"28214316003","PREF":"28","CITY":"214","S_AREA":"316003","PREF_NAME":"兵庫県","CITY_NAME":"宝塚市","S_NAME":"ゆずり葉台三丁目","KIGO_E":null,"HCODE":8101,"AREA":56328.347,"PERIMETER":1153.349,"R2KAxx":6457,"R2KAxx_ID":6456,"KIHON1":"3160","DUMMY1":"-","KIHON2":"03","KEYCODE1":"214316003","KEYCODE2":"214316003","AREA_MAX_F":"M","KIGO_D":null,"N_KEN":null,"N_CITY":null,"KIGO_I":null,"KBSUM":5,"JINKO":451,"SETAI":40,"X_CODE":135.314829,"Y_CODE":34.794305,"KCODE1":"3160-03"}},{"type":"Polygon","arcs":[[452,453,454,455,456]],"properties":{"KEY_CODE":"282144010","PREF":"28","CITY":"214","S_AREA":"401000","PREF_NAME":"兵庫県","CITY_NAME":"宝塚市","S_NAME":"桜ガ丘","KIGO_E":null,"HCODE":8101,"AREA":124136.268,"PERIMETER":1669.888,"R2KAxx":6458,"R2KAxx_ID":6457,"KIHON1":"4010","DUMMY1":"-","KIHON2":"00","KEYCODE1":"214401000","KEYCODE2":"2144010","AREA_MAX_F":"M","KIGO_D":null,"N_KEN":null,"N_CITY":null,"KIGO_I":null,"KBSUM":28,"JINKO":1094,"SETAI":429,"X_CODE":135.337462,"Y_CODE":34.817894,"KCODE1":"4010-00"}},{"type":"Polygon","arcs":[[457,458,459,460,461,462,463,464]],"properties":{"KEY_CODE":"28214402001","PREF":"28","CITY":"214","S_AREA":"402001","PREF_NAME":"兵庫県","CITY_NAME":"宝塚市","S_NAME":"御殿山一丁目","KIGO_E":null,"HCODE":8101,"AREA":129181.563,"PERIMETER":2030.538,"R2KAxx":6459,"R2KAxx_ID":6458,"KIHON1":"4020","DUMMY1":"-","KIHON2":"01","KEYCODE1":"214402001","KEYCODE2":"214402001","AREA_MAX_F":"M","KIGO_D":null,"N_KEN":null,"N_CITY":null,"KIGO_I":null,"KBSUM":3,"JINKO":95,"SETAI":2,"X_CODE":135.349259,"Y_CODE":34.817286,"KCODE1":"4020-01"}},{"type":"Polygon","arcs":[[465,466,467,468,-461]],"properties":{"KEY_CODE":"28214402002","PREF":"28","CITY":"214","S_AREA":"402002","PREF_NAME":"兵庫県","CITY_NAME":"宝塚市","S_NAME":"御殿山二丁目","KIGO_E":null,"HCODE":8101,"AREA":188349.36,"PERIMETER":1991.746,"R2KAxx":6460,"R2KAxx_ID":6459,"KIHON1":"4020","DUMMY1":"-","KIHON2":"02","KEYCODE1":"214402002","KEYCODE2":"214402002","AREA_MAX_F":"M","KIGO_D":null,"N_KEN":null,"N_CITY":null,"KIGO_I":null,"KBSUM":33,"JINKO":1720,"SETAI":702,"X_CODE":135.345402,"Y_CODE":34.815266,"KCODE1":"4020-02"}},{"type":"Polygon","arcs":[[469,-468,470,-453,471,472,473]],"properties":{"KEY_CODE":"28214402003","PREF":"28","CITY":"214","S_AREA":"402003","PREF_NAME":"兵庫県","CITY_NAME":"宝塚市","S_NAME":"御殿山三丁目","KIGO_E":null,"HCODE":8101,"AREA":114247.377,"PERIMETER":1793.092,"R2KAxx":6461,"R2KAxx_ID":6460,"KIHON1":"4020","DUMMY1":"-","KIHON2":"03","KEYCODE1":"214402003","KEYCODE2":"214402003","AREA_MAX_F":"M","KIGO_D":null,"N_KEN":null,"N_CITY":null,"KIGO_I":null,"KBSUM":19,"JINKO":934,"SETAI":386,"X_CODE":135.341724,"Y_CODE":34.816929,"KCODE1":"4020-03"}},{"type":"Polygon","arcs":[[-462,-469,-470,474,475,476]],"properties":{"KEY_CODE":"28214402004","PREF":"28","CITY":"214","S_AREA":"402004","PREF_NAME":"兵庫県","CITY_NAME":"宝塚市","S_NAME":"御殿山四丁目","KIGO_E":null,"HCODE":8101,"AREA":182494.485,"PERIMETER":1956.839,"R2KAxx":6462,"R2KAxx_ID":6461,"KIHON1":"4020","DUMMY1":"-","KIHON2":"04","KEYCODE1":"214402004","KEYCODE2":"214402004","AREA_MAX_F":"M","KIGO_D":null,"N_KEN":null,"N_CITY":null,"KIGO_I":null,"KBSUM":31,"JINKO":820,"SETAI":357,"X_CODE":135.346704,"Y_CODE":34.819702,"KCODE1":"4020-04"}},{"type":"Polygon","arcs":[[-35,477,478,479]],"properties":{"KEY_CODE":"28214403001","PREF":"28","CITY":"214","S_AREA":"403001","PREF_NAME":"兵庫県","CITY_NAME":"宝塚市","S_NAME":"川面一丁目","KIGO_E":null,"HCODE":8101,"AREA":79773.813,"PERIMETER":1315.351,"R2KAxx":6463,"R2KAxx_ID":6462,"KIHON1":"4030","DUMMY1":"-","KIHON2":"01","KEYCODE1":"214403001","KEYCODE2":"214403001","AREA_MAX_F":"M","KIGO_D":null,"N_KEN":null,"N_CITY":null,"KIGO_I":null,"KBSUM":12,"JINKO":356,"SETAI":151,"X_CODE":135.349752,"Y_CODE":34.811152,"KCODE1":"4030-01"}},{"type":"Polygon","arcs":[[-479,480,-459,481]],"properties":{"KEY_CODE":"28214403002","PREF":"28","CITY":"214","S_AREA":"403002","PREF_NAME":"兵庫県","CITY_NAME":"宝塚市","S_NAME":"川面二丁目","KIGO_E":null,"HCODE":8101,"AREA":63275.752,"PERIMETER":1247.515,"R2KAxx":6464,"R2KAxx_ID":6463,"KIHON1":"4030","DUMMY1":"-","KIHON2":"02","KEYCODE1":"214403002","KEYCODE2":"214403002","AREA_MAX_F":"M","KIGO_D":null,"N_KEN":null,"N_CITY":null,"KIGO_I":null,"KBSUM":5,"JINKO":471,"SETAI":174,"X_CODE":135.34995,"Y_CODE":34.813772,"KCODE1":"4030-02"}},{"type":"Polygon","arcs":[[482,483,484,485,-478]],"properties":{"KEY_CODE":"28214403003","PREF":"28","CITY":"214","S_AREA":"403003","PREF_NAME":"兵庫県","CITY_NAME":"宝塚市","S_NAME":"川面三丁目","KIGO_E":null,"HCODE":8101,"AREA":88541.521,"PERIMETER":1333.091,"R2KAxx":6465,"R2KAxx_ID":6464,"KIHON1":"4030","DUMMY1":"-","KIHON2":"03","KEYCODE1":"214403003","KEYCODE2":"214403003","AREA_MAX_F":"M","KIGO_D":null,"N_KEN":null,"N_CITY":null,"KIGO_I":null,"KBSUM":25,"JINKO":1013,"SETAI":456,"X_CODE":135.345849,"Y_CODE":34.811206,"KCODE1":"4030-03"}},{"type":"Polygon","arcs":[[-486,486,-466,-460,-481]],"properties":{"KEY_CODE":"28214403004","PREF":"28","CITY":"214","S_AREA":"403004","PREF_NAME":"兵庫県","CITY_NAME":"宝塚市","S_NAME":"川面四丁目","KIGO_E":null,"HCODE":8101,"AREA":80242.867,"PERIMETER":1677.599,"R2KAxx":6466,"R2KAxx_ID":6465,"KIHON1":"4030","DUMMY1":"-","KIHON2":"04","KEYCODE1":"214403004","KEYCODE2":"214403004","AREA_MAX_F":"M","KIGO_D":null,"N_KEN":null,"N_CITY":null,"KIGO_I":null,"KBSUM":9,"JINKO":693,"SETAI":279,"X_CODE":135.346823,"Y_CODE":34.813194,"KCODE1":"4030-04"}},{"type":"Polygon","arcs":[[487,488,489,-455,490,-485]],"properties":{"KEY_CODE":"28214403005","PREF":"28","CITY":"214","S_AREA":"403005","PREF_NAME":"兵庫県","CITY_NAME":"宝塚市","S_NAME":"川面五丁目","KIGO_E":null,"HCODE":8101,"AREA":116087.745,"PERIMETER":1655.011,"R2KAxx":6467,"R2KAxx_ID":6466,"KIHON1":"4030","DUMMY1":"-","KIHON2":"05","KEYCODE1":"214403005","KEYCODE2":"214403005","AREA_MAX_F":"M","KIGO_D":null,"N_KEN":null,"N_CITY":null,"KIGO_I":null,"KBSUM":27,"JINKO":1618,"SETAI":722,"X_CODE":135.339827,"Y_CODE":34.813117,"KCODE1":"4030-05"}},{"type":"Polygon","arcs":[[-467,-487,-491,-454,-471]],"properties":{"KEY_CODE":"28214403006","PREF":"28","CITY":"214","S_AREA":"403006","PREF_NAME":"兵庫県","CITY_NAME":"宝塚市","S_NAME":"川面六丁目","KIGO_E":null,"HCODE":8101,"AREA":121073.905,"PERIMETER":1813.347,"R2KAxx":6468,"R2KAxx_ID":6467,"KIHON1":"4030","DUMMY1":"-","KIHON2":"06","KEYCODE1":"214403006","KEYCODE2":"214403006","AREA_MAX_F":"M","KIGO_D":null,"N_KEN":null,"N_CITY":null,"KIGO_I":null,"KBSUM":24,"JINKO":1097,"SETAI":492,"X_CODE":135.341028,"Y_CODE":34.814563,"KCODE1":"4030-06"}},{"type":"Polygon","arcs":[[-345,491,-483,-34,-31]],"properties":{"KEY_CODE":"28214404001","PREF":"28","CITY":"214","S_AREA":"404001","PREF_NAME":"兵庫県","CITY_NAME":"宝塚市","S_NAME":"栄町一丁目","KIGO_E":null,"HCODE":8101,"AREA":168936.213,"PERIMETER":1686.367,"R2KAxx":6469,"R2KAxx_ID":6468,"KIHON1":"4040","DUMMY1":"-","KIHON2":"01","KEYCODE1":"214404001","KEYCODE2":"214404001","AREA_MAX_F":"M","KIGO_D":null,"N_KEN":null,"N_CITY":null,"KIGO_I":null,"KBSUM":20,"JINKO":600,"SETAI":363,"X_CODE":135.345237,"Y_CODE":34.808497,"KCODE1":"4040-01"}},{"type":"Polygon","arcs":[[-344,-411,-415,492,-488,-484,-492]],"properties":{"KEY_CODE":"28214404002","PREF":"28","CITY":"214","S_AREA":"404002","PREF_NAME":"兵庫県","CITY_NAME":"宝塚市","S_NAME":"栄町二丁目","KIGO_E":null,"HCODE":8101,"AREA":114921.545,"PERIMETER":1621.573,"R2KAxx":6470,"R2KAxx_ID":6469,"KIHON1":"4040","DUMMY1":"-","KIHON2":"02","KEYCODE1":"214404002","KEYCODE2":"214404002","AREA_MAX_F":"M","KIGO_D":null,"N_KEN":null,"N_CITY":null,"KIGO_I":null,"KBSUM":15,"JINKO":536,"SETAI":282,"X_CODE":135.340892,"Y_CODE":34.810477,"KCODE1":"4040-02"}},{"type":"Polygon","arcs":[[-493,-414,-418,493,-489]],"properties":{"KEY_CODE":"28214404003","PREF":"28","CITY":"214","S_AREA":"404003","PREF_NAME":"兵庫県","CITY_NAME":"宝塚市","S_NAME":"栄町三丁目","KIGO_E":null,"HCODE":8101,"AREA":101387.085,"PERIMETER":1479.687,"R2KAxx":6471,"R2KAxx_ID":6470,"KIHON1":"4040","DUMMY1":"-","KIHON2":"03","KEYCODE1":"214404003","KEYCODE2":"214404003","AREA_MAX_F":"M","KIGO_D":null,"N_KEN":null,"N_CITY":null,"KIGO_I":null,"KBSUM":27,"JINKO":3052,"SETAI":1334,"X_CODE":135.336406,"Y_CODE":34.812745,"KCODE1":"4040-03"}},{"type":"Polygon","arcs":[[-53,-39,-36,-480,494,495]],"properties":{"KEY_CODE":"28214405101","PREF":"28","CITY":"214","S_AREA":"405101","PREF_NAME":"兵庫県","CITY_NAME":"宝塚市","S_NAME":"清荒神一丁目","KIGO_E":null,"HCODE":8101,"AREA":99520.878,"PERIMETER":1418.542,"R2KAxx":6472,"R2KAxx_ID":6471,"KIHON1":"4051","DUMMY1":"-","KIHON2":"01","KEYCODE1":"214405101","KEYCODE2":"214405101","AREA_MAX_F":"M","KIGO_D":null,"N_KEN":null,"N_CITY":null,"KIGO_I":null,"KBSUM":22,"JINKO":1225,"SETAI":563,"X_CODE":135.352856,"Y_CODE":34.811108,"KCODE1":"4051-01"}},{"type":"Polygon","arcs":[[496,497,498,499,-54,-496]],"properties":{"KEY_CODE":"28214405102","PREF":"28","CITY":"214","S_AREA":"405102","PREF_NAME":"兵庫県","CITY_NAME":"宝塚市","S_NAME":"清荒神二丁目","KIGO_E":null,"HCODE":8101,"AREA":115859.997,"PERIMETER":1384.825,"R2KAxx":6473,"R2KAxx_ID":6472,"KIHON1":"4051","DUMMY1":"-","KIHON2":"02","KEYCODE1":"214405102","KEYCODE2":"214405102","AREA_MAX_F":"M","KIGO_D":null,"N_KEN":null,"N_CITY":null,"KIGO_I":null,"KBSUM":28,"JINKO":949,"SETAI":423,"X_CODE":135.355478,"Y_CODE":34.812797,"KCODE1":"4051-02"}},{"type":"Polygon","arcs":[[500,-497,-495,-482,-458,501]],"properties":{"KEY_CODE":"28214405103","PREF":"28","CITY":"214","S_AREA":"405103","PREF_NAME":"兵庫県","CITY_NAME":"宝塚市","S_NAME":"清荒神三丁目","KIGO_E":null,"HCODE":8101,"AREA":88417.716,"PERIMETER":2078.492,"R2KAxx":6474,"R2KAxx_ID":6473,"KIHON1":"4051","DUMMY1":"-","KIHON2":"03","KEYCODE1":"214405103","KEYCODE2":"214405103","AREA_MAX_F":"M","KIGO_D":null,"N_KEN":null,"N_CITY":null,"KIGO_I":null,"KBSUM":16,"JINKO":627,"SETAI":281,"X_CODE":135.352007,"Y_CODE":34.814682,"KCODE1":"4051-03"}},{"type":"Polygon","arcs":[[502,-498,-501,503,504]],"properties":{"KEY_CODE":"28214405104","PREF":"28","CITY":"214","S_AREA":"405104","PREF_NAME":"兵庫県","CITY_NAME":"宝塚市","S_NAME":"清荒神四丁目","KIGO_E":null,"HCODE":8101,"AREA":75820.894,"PERIMETER":1275.464,"R2KAxx":6475,"R2KAxx_ID":6474,"KIHON1":"4051","DUMMY1":"-","KIHON2":"04","KEYCODE1":"214405104","KEYCODE2":"214405104","AREA_MAX_F":"M","KIGO_D":null,"N_KEN":null,"N_CITY":null,"KIGO_I":null,"KBSUM":25,"JINKO":487,"SETAI":220,"X_CODE":135.354271,"Y_CODE":34.815688,"KCODE1":"4051-04"}},{"type":"Polygon","arcs":[[505,506,-504,-502,-465,507,508]],"properties":{"KEY_CODE":"28214405105","PREF":"28","CITY":"214","S_AREA":"405105","PREF_NAME":"兵庫県","CITY_NAME":"宝塚市","S_NAME":"清荒神五丁目","KIGO_E":null,"HCODE":8101,"AREA":88512.57,"PERIMETER":1805.254,"R2KAxx":6476,"R2KAxx_ID":6475,"KIHON1":"4051","DUMMY1":"-","KIHON2":"05","KEYCODE1":"214405105","KEYCODE2":"214405105","AREA_MAX_F":"M","KIGO_D":null,"N_KEN":null,"N_CITY":null,"KIGO_I":null,"KBSUM":16,"JINKO":552,"SETAI":177,"X_CODE":135.352948,"Y_CODE":34.817626,"KCODE1":"4051-05"}},{"type":"Polygon","arcs":[[-56,509,-60,-51]],"properties":{"KEY_CODE":"28214406001","PREF":"28","CITY":"214","S_AREA":"406001","PREF_NAME":"兵庫県","CITY_NAME":"宝塚市","S_NAME":"売布一丁目","KIGO_E":null,"HCODE":8101,"AREA":95796.418,"PERIMETER":1238.015,"R2KAxx":6477,"R2KAxx_ID":6476,"KIHON1":"4060","DUMMY1":"-","KIHON2":"01","KEYCODE1":"214406001","KEYCODE2":"214406001","AREA_MAX_F":"M","KIGO_D":null,"N_KEN":null,"N_CITY":null,"KIGO_I":null,"KBSUM":29,"JINKO":713,"SETAI":328,"X_CODE":135.362753,"Y_CODE":34.812925,"KCODE1":"4060-01"}},{"type":"Polygon","arcs":[[-500,510,511,512,-510,-55]],"properties":{"KEY_CODE":"28214406002","PREF":"28","CITY":"214","S_AREA":"406002","PREF_NAME":"兵庫県","CITY_NAME":"宝塚市","S_NAME":"売布二丁目","KIGO_E":null,"HCODE":8101,"AREA":89351.902,"PERIMETER":1707.7,"R2KAxx":6478,"R2KAxx_ID":6477,"KIHON1":"4060","DUMMY1":"-","KIHON2":"02","KEYCODE1":"214406002","KEYCODE2":"214406002","AREA_MAX_F":"M","KIGO_D":null,"N_KEN":null,"N_CITY":null,"KIGO_I":null,"KBSUM":15,"JINKO":887,"SETAI":417,"X_CODE":135.361511,"Y_CODE":34.814738,"KCODE1":"4060-02"}},{"type":"Polygon","arcs":[[513,-511,-499,-503,514,515]],"properties":{"KEY_CODE":"28214406003","PREF":"28","CITY":"214","S_AREA":"406003","PREF_NAME":"兵庫県","CITY_NAME":"宝塚市","S_NAME":"売布三丁目","KIGO_E":null,"HCODE":8101,"AREA":106165.61,"PERIMETER":1742.109,"R2KAxx":6479,"R2KAxx_ID":6478,"KIHON1":"4060","DUMMY1":"-","KIHON2":"03","KEYCODE1":"214406003","KEYCODE2":"214406003","AREA_MAX_F":"M","KIGO_D":null,"N_KEN":null,"N_CITY":null,"KIGO_I":null,"KBSUM":20,"JINKO":1066,"SETAI":458,"X_CODE":135.358694,"Y_CODE":34.814519,"KCODE1":"4060-03"}},{"type":"Polygon","arcs":[[516,517,-512,-514,518,519,520]],"properties":{"KEY_CODE":"28214406004","PREF":"28","CITY":"214","S_AREA":"406004","PREF_NAME":"兵庫県","CITY_NAME":"宝塚市","S_NAME":"売布四丁目","KIGO_E":null,"HCODE":8101,"AREA":134713.24,"PERIMETER":1878.179,"R2KAxx":6480,"R2KAxx_ID":6479,"KIHON1":"4060","DUMMY1":"-","KIHON2":"04","KEYCODE1":"214406004","KEYCODE2":"214406004","AREA_MAX_F":"M","KIGO_D":null,"N_KEN":null,"N_CITY":null,"KIGO_I":null,"KBSUM":21,"JINKO":1318,"SETAI":609,"X_CODE":135.361779,"Y_CODE":34.818608,"KCODE1":"4060-04"}},{"type":"Polygon","arcs":[[521,522,-515,-505,-507,523]],"properties":{"KEY_CODE":"282144070","PREF":"28","CITY":"214","S_AREA":"407000","PREF_NAME":"兵庫県","CITY_NAME":"宝塚市","S_NAME":"売布ガ丘","KIGO_E":null,"HCODE":8101,"AREA":86732.188,"PERIMETER":1460.38,"R2KAxx":6481,"R2KAxx_ID":6480,"KIHON1":"4070","DUMMY1":"-","KIHON2":"00","KEYCODE1":"214407000","KEYCODE2":"2144070","AREA_MAX_F":"M","KIGO_D":null,"N_KEN":null,"N_CITY":null,"KIGO_I":null,"KBSUM":15,"JINKO":502,"SETAI":226,"X_CODE":135.356886,"Y_CODE":34.816699,"KCODE1":"4070-00"}},{"type":"Polygon","arcs":[[524,525,526,-520,527]],"properties":{"KEY_CODE":"282144080","PREF":"28","CITY":"214","S_AREA":"408000","PREF_NAME":"兵庫県","CITY_NAME":"宝塚市","S_NAME":"泉ガ丘","KIGO_E":null,"HCODE":8101,"AREA":109732.621,"PERIMETER":1701.014,"R2KAxx":6482,"R2KAxx_ID":6481,"KIHON1":"4080","DUMMY1":"-","KIHON2":"00","KEYCODE1":"214408000","KEYCODE2":"2144080","AREA_MAX_F":"M","KIGO_D":null,"N_KEN":null,"N_CITY":null,"KIGO_I":null,"KBSUM":22,"JINKO":895,"SETAI":346,"X_CODE":135.359658,"Y_CODE":34.821571,"KCODE1":"4080-00"}},{"type":"Polygon","arcs":[[-513,-518,528,529,-61]],"properties":{"KEY_CODE":"282144090","PREF":"28","CITY":"214","S_AREA":"409000","PREF_NAME":"兵庫県","CITY_NAME":"宝塚市","S_NAME":"売布東の町","KIGO_E":null,"HCODE":8101,"AREA":123279.252,"PERIMETER":1470.576,"R2KAxx":6483,"R2KAxx_ID":6482,"KIHON1":"4090","DUMMY1":"-","KIHON2":"00","KEYCODE1":"214409000","KEYCODE2":"2144090","AREA_MAX_F":"M","KIGO_D":null,"N_KEN":null,"N_CITY":null,"KIGO_I":null,"KBSUM":20,"JINKO":974,"SETAI":425,"X_CODE":135.365793,"Y_CODE":34.816747,"KCODE1":"4090-00"}},{"type":"Polygon","arcs":[[530,531,-530,532,533,534]],"properties":{"KEY_CODE":"28214410001","PREF":"28","CITY":"214","S_AREA":"410001","PREF_NAME":"兵庫県","CITY_NAME":"宝塚市","S_NAME":"中山寺一丁目","KIGO_E":null,"HCODE":8101,"AREA":83618.133,"PERIMETER":1140.165,"R2KAxx":6484,"R2KAxx_ID":6483,"KIHON1":"4100","DUMMY1":"-","KIHON2":"01","KEYCODE1":"214410001","KEYCODE2":"214410001","AREA_MAX_F":"M","KIGO_D":null,"N_KEN":null,"N_CITY":null,"KIGO_I":null,"KBSUM":19,"JINKO":764,"SETAI":356,"X_CODE":135.369533,"Y_CODE":34.818222,"KCODE1":"4100-01"}},{"type":"Polygon","arcs":[[535,-533,536,537,538]],"properties":{"KEY_CODE":"28214410002","PREF":"28","CITY":"214","S_AREA":"410002","PREF_NAME":"兵庫県","CITY_NAME":"宝塚市","S_NAME":"中山寺二丁目","KIGO_E":null,"HCODE":8101,"AREA":134096.636,"PERIMETER":1728.098,"R2KAxx":6485,"R2KAxx_ID":6484,"KIHON1":"4100","DUMMY1":"-","KIHON2":"02","KEYCODE1":"214410002","KEYCODE2":"214410002","AREA_MAX_F":"M","KIGO_D":null,"N_KEN":null,"N_CITY":null,"KIGO_I":null,"KBSUM":11,"JINKO":276,"SETAI":122,"X_CODE":135.367302,"Y_CODE":34.821136,"KCODE1":"4100-02"}},{"type":"Polygon","arcs":[[-529,-517,539,-537]],"properties":{"KEY_CODE":"28214410003","PREF":"28","CITY":"214","S_AREA":"410003","PREF_NAME":"兵庫県","CITY_NAME":"宝塚市","S_NAME":"中山寺三丁目","KIGO_E":null,"HCODE":8101,"AREA":69324.156,"PERIMETER":1241.079,"R2KAxx":6486,"R2KAxx_ID":6485,"KIHON1":"4100","DUMMY1":"-","KIHON2":"03","KEYCODE1":"214410003","KEYCODE2":"214410003","AREA_MAX_F":"M","KIGO_D":null,"N_KEN":null,"N_CITY":null,"KIGO_I":null,"KBSUM":11,"JINKO":783,"SETAI":334,"X_CODE":135.365298,"Y_CODE":34.818922,"KCODE1":"4100-03"}},{"type":"Polygon","arcs":[[-538,-540,-521,-527,540,541]],"properties":{"KEY_CODE":"282144110","PREF":"28","CITY":"214","S_AREA":"411000","PREF_NAME":"兵庫県","CITY_NAME":"宝塚市","S_NAME":"中山荘園","KIGO_E":null,"HCODE":8101,"AREA":64183.378,"PERIMETER":1139.422,"R2KAxx":6487,"R2KAxx_ID":6486,"KIHON1":"4110","DUMMY1":"-","KIHON2":"00","KEYCODE1":"214411000","KEYCODE2":"2144110","AREA_MAX_F":"M","KIGO_D":null,"N_KEN":null,"N_CITY":null,"KIGO_I":null,"KBSUM":6,"JINKO":277,"SETAI":126,"X_CODE":135.363672,"Y_CODE":34.820913,"KCODE1":"4110-00"}},{"type":"Polygon","arcs":[[542,-525,543,-522,544,545,546]],"properties":{"KEY_CODE":"282144120","PREF":"28","CITY":"214","S_AREA":"412000","PREF_NAME":"兵庫県","CITY_NAME":"宝塚市","S_NAME":"売布きよしガ丘","KIGO_E":null,"HCODE":8101,"AREA":103521.562,"PERIMETER":1580.979,"R2KAxx":6488,"R2KAxx_ID":6487,"KIHON1":"4120","DUMMY1":"-","KIHON2":"00","KEYCODE1":"214412000","KEYCODE2":"2144120","AREA_MAX_F":"M","KIGO_D":null,"N_KEN":null,"N_CITY":null,"KIGO_I":null,"KBSUM":21,"JINKO":628,"SETAI":265,"X_CODE":135.35697,"Y_CODE":34.821686,"KCODE1":"4120-00"}},{"type":"Polygon","arcs":[[-519,-516,-523,-544,-528]],"properties":{"KEY_CODE":"282144130","PREF":"28","CITY":"214","S_AREA":"413000","PREF_NAME":"兵庫県","CITY_NAME":"宝塚市","S_NAME":"売布山手町","KIGO_E":null,"HCODE":8101,"AREA":93014.262,"PERIMETER":1463.623,"R2KAxx":6489,"R2KAxx_ID":6488,"KIHON1":"4130","DUMMY1":"-","KIHON2":"00","KEYCODE1":"214413000","KEYCODE2":"2144130","AREA_MAX_F":"M","KIGO_D":null,"N_KEN":null,"N_CITY":null,"KIGO_I":null,"KBSUM":9,"JINKO":317,"SETAI":121,"X_CODE":135.358698,"Y_CODE":34.817879,"KCODE1":"4130-00"}},{"type":"Polygon","arcs":[[547,-476,548,-473,549,550,551]],"properties":{"KEY_CODE":"28214414001","PREF":"28","CITY":"214","S_AREA":"414001","PREF_NAME":"兵庫県","CITY_NAME":"宝塚市","S_NAME":"すみれガ丘一丁目","KIGO_E":null,"HCODE":8101,"AREA":146514.901,"PERIMETER":1760.414,"R2KAxx":6490,"R2KAxx_ID":6489,"KIHON1":"4140","DUMMY1":"-","KIHON2":"01","KEYCODE1":"214414001","KEYCODE2":"214414001","AREA_MAX_F":"M","KIGO_D":null,"N_KEN":null,"N_CITY":null,"KIGO_I":null,"KBSUM":16,"JINKO":1098,"SETAI":460,"X_CODE":135.342326,"Y_CODE":34.820626,"KCODE1":"4140-01"}},{"type":"Polygon","arcs":[[552,-552,553,554,555]],"properties":{"KEY_CODE":"28214414002","PREF":"28","CITY":"214","S_AREA":"414002","PREF_NAME":"兵庫県","CITY_NAME":"宝塚市","S_NAME":"すみれガ丘二丁目","KIGO_E":null,"HCODE":8101,"AREA":101096.262,"PERIMETER":1859.171,"R2KAxx":6491,"R2KAxx_ID":6490,"KIHON1":"4140","DUMMY1":"-","KIHON2":"02","KEYCODE1":"214414002","KEYCODE2":"214414002","AREA_MAX_F":"M","KIGO_D":null,"N_KEN":null,"N_CITY":null,"KIGO_I":null,"KBSUM":19,"JINKO":1778,"SETAI":751,"X_CODE":135.342542,"Y_CODE":34.822935,"KCODE1":"4140-02"}},{"type":"Polygon","arcs":[[-556,556]],"properties":{"KEY_CODE":"28214414003","PREF":"28","CITY":"214","S_AREA":"414003","PREF_NAME":"兵庫県","CITY_NAME":"宝塚市","S_NAME":"すみれガ丘三丁目","KIGO_E":null,"HCODE":8101,"AREA":204817.286,"PERIMETER":2403.698,"R2KAxx":6492,"R2KAxx_ID":6491,"KIHON1":"4140","DUMMY1":"-","KIHON2":"03","KEYCODE1":"214414003","KEYCODE2":"214414003","AREA_MAX_F":"M","KIGO_D":null,"N_KEN":null,"N_CITY":null,"KIGO_I":null,"KBSUM":29,"JINKO":3993,"SETAI":1568,"X_CODE":135.343235,"Y_CODE":34.824793,"KCODE1":"4140-03"}},{"type":"Polygon","arcs":[[-554,-551,557]],"properties":{"KEY_CODE":"28214414004","PREF":"28","CITY":"214","S_AREA":"414004","PREF_NAME":"兵庫県","CITY_NAME":"宝塚市","S_NAME":"すみれガ丘四丁目","KIGO_E":null,"HCODE":8101,"AREA":74735.112,"PERIMETER":1414.509,"R2KAxx":6493,"R2KAxx_ID":6492,"KIHON1":"4140","DUMMY1":"-","KIHON2":"04","KEYCODE1":"214414004","KEYCODE2":"214414004","AREA_MAX_F":"M","KIGO_D":null,"N_KEN":null,"N_CITY":null,"KIGO_I":null,"KBSUM":2,"JINKO":0,"SETAI":0,"X_CODE":135.337515,"Y_CODE":34.821309,"KCODE1":"4140-04"}},{"type":"Polygon","arcs":[[-545,-524,-506,558,559]],"properties":{"KEY_CODE":"282144151","PREF":"28","CITY":"214","S_AREA":"415100","PREF_NAME":"兵庫県","CITY_NAME":"宝塚市","S_NAME":"布売自由ガ丘","KIGO_E":null,"HCODE":8101,"AREA":31035.764,"PERIMETER":825.351,"R2KAxx":6494,"R2KAxx_ID":6493,"KIHON1":"4151","DUMMY1":"-","KIHON2":"00","KEYCODE1":"214415100","KEYCODE2":"2144151","AREA_MAX_F":"M","KIGO_D":null,"N_KEN":null,"N_CITY":null,"KIGO_I":null,"KBSUM":8,"JINKO":457,"SETAI":129,"X_CODE":135.355079,"Y_CODE":34.819155,"KCODE1":"4151-00"}},{"type":"Polygon","arcs":[[560,-546,-560]],"properties":{"KEY_CODE":"282144152","PREF":"28","CITY":"214","S_AREA":"415201","PREF_NAME":"兵庫県","CITY_NAME":"宝塚市","S_NAME":"布売自由ガ丘","KIGO_E":null,"HCODE":8101,"AREA":34561.77,"PERIMETER":965.917,"R2KAxx":6495,"R2KAxx_ID":6494,"KIHON1":"4152","DUMMY1":"-","KIHON2":"01","KEYCODE1":"214415201","KEYCODE2":"2144152","AREA_MAX_F":"M","KIGO_D":null,"N_KEN":null,"N_CITY":null,"KIGO_I":null,"KBSUM":1,"JINKO":0,"SETAI":0,"X_CODE":135.355415,"Y_CODE":34.820419,"KCODE1":"4152-01"}},{"type":"Polygon","arcs":[[561,-534,-536,562,563]],"properties":{"KEY_CODE":"28214502001","PREF":"28","CITY":"214","S_AREA":"502001","PREF_NAME":"兵庫県","CITY_NAME":"宝塚市","S_NAME":"中筋山手一丁目","KIGO_E":null,"HCODE":8101,"AREA":88437.202,"PERIMETER":1663.932,"R2KAxx":6496,"R2KAxx_ID":6495,"KIHON1":"5020","DUMMY1":"-","KIHON2":"01","KEYCODE1":"214502001","KEYCODE2":"214502001","AREA_MAX_F":"M","KIGO_D":null,"N_KEN":null,"N_CITY":null,"KIGO_I":null,"KBSUM":13,"JINKO":532,"SETAI":245,"X_CODE":135.370558,"Y_CODE":34.821749,"KCODE1":"5020-01"}},{"type":"Polygon","arcs":[[564,-563,565,566,567]],"properties":{"KEY_CODE":"28214502002","PREF":"28","CITY":"214","S_AREA":"502002","PREF_NAME":"兵庫県","CITY_NAME":"宝塚市","S_NAME":"中筋山手二丁目","KIGO_E":null,"HCODE":8101,"AREA":102572.316,"PERIMETER":1582.956,"R2KAxx":6497,"R2KAxx_ID":6496,"KIHON1":"5020","DUMMY1":"-","KIHON2":"02","KEYCODE1":"214502002","KEYCODE2":"214502002","AREA_MAX_F":"M","KIGO_D":null,"N_KEN":null,"N_CITY":null,"KIGO_I":null,"KBSUM":16,"JINKO":823,"SETAI":338,"X_CODE":135.369369,"Y_CODE":34.824396,"KCODE1":"5020-02"}},{"type":"Polygon","arcs":[[568,569,570,571,572,-564,-565,573,574]],"properties":{"KEY_CODE":"28214502003","PREF":"28","CITY":"214","S_AREA":"502003","PREF_NAME":"兵庫県","CITY_NAME":"宝塚市","S_NAME":"中筋山手三丁目","KIGO_E":null,"HCODE":8101,"AREA":97092.539,"PERIMETER":2192.565,"R2KAxx":6498,"R2KAxx_ID":6497,"KIHON1":"5020","DUMMY1":"-","KIHON2":"03","KEYCODE1":"214502003","KEYCODE2":"214502003","AREA_MAX_F":"M","KIGO_D":null,"N_KEN":null,"N_CITY":null,"KIGO_I":null,"KBSUM":10,"JINKO":418,"SETAI":195,"X_CODE":135.373127,"Y_CODE":34.822612,"KCODE1":"5020-03"}},{"type":"Polygon","arcs":[[575,576,-572,577,578,579]],"properties":{"KEY_CODE":"28214502004","PREF":"28","CITY":"214","S_AREA":"502004","PREF_NAME":"兵庫県","CITY_NAME":"宝塚市","S_NAME":"中筋山手四丁目","KIGO_E":null,"HCODE":8101,"AREA":57417.149,"PERIMETER":1467.509,"R2KAxx":6499,"R2KAxx_ID":6498,"KIHON1":"5020","DUMMY1":"-","KIHON2":"04","KEYCODE1":"214502004","KEYCODE2":"214502004","AREA_MAX_F":"M","KIGO_D":null,"N_KEN":null,"N_CITY":null,"KIGO_I":null,"KBSUM":13,"JINKO":436,"SETAI":165,"X_CODE":135.375841,"Y_CODE":34.821711,"KCODE1":"5020-04"}},{"type":"Polygon","arcs":[[580,581,582,583,584,585,586,-579]],"properties":{"KEY_CODE":"28214502005","PREF":"28","CITY":"214","S_AREA":"502005","PREF_NAME":"兵庫県","CITY_NAME":"宝塚市","S_NAME":"中筋山手五丁目","KIGO_E":null,"HCODE":8101,"AREA":34504.726,"PERIMETER":1000.326,"R2KAxx":6500,"R2KAxx_ID":6499,"KIHON1":"5020","DUMMY1":"-","KIHON2":"05","KEYCODE1":"214502005","KEYCODE2":"214502005","AREA_MAX_F":"M","KIGO_D":null,"N_KEN":null,"N_CITY":null,"KIGO_I":null,"KBSUM":6,"JINKO":332,"SETAI":146,"X_CODE":135.375531,"Y_CODE":34.82573,"KCODE1":"5020-05"}},{"type":"Polygon","arcs":[[587,-583,588,-569,589]],"properties":{"KEY_CODE":"28214502006","PREF":"28","CITY":"214","S_AREA":"502006","PREF_NAME":"兵庫県","CITY_NAME":"宝塚市","S_NAME":"中筋山手六丁目","KIGO_E":null,"HCODE":8101,"AREA":7011.445,"PERIMETER":357.431,"R2KAxx":6501,"R2KAxx_ID":6500,"KIHON1":"5020","DUMMY1":"-","KIHON2":"06","KEYCODE1":"214502006","KEYCODE2":"214502006","AREA_MAX_F":"M","KIGO_D":null,"N_KEN":null,"N_CITY":null,"KIGO_I":null,"KBSUM":1,"JINKO":0,"SETAI":0,"X_CODE":135.374393,"Y_CODE":34.825152,"KCODE1":"5020-06"}},{"type":"Polygon","arcs":[[-590,-575,590,591]],"properties":{"KEY_CODE":"28214502007","PREF":"28","CITY":"214","S_AREA":"502007","PREF_NAME":"兵庫県","CITY_NAME":"宝塚市","S_NAME":"中筋山手七丁目","KIGO_E":"E1","HCODE":8101,"AREA":48448.206,"PERIMETER":1338.968,"R2KAxx":6502,"R2KAxx_ID":6501,"KIHON1":"5020","DUMMY1":"-","KIHON2":"07","KEYCODE1":"214502007","KEYCODE2":"214502007","AREA_MAX_F":"M","KIGO_D":null,"N_KEN":null,"N_CITY":null,"KIGO_I":null,"KBSUM":19,"JINKO":932,"SETAI":269,"X_CODE":135.372592,"Y_CODE":34.825435,"KCODE1":"5020-07"}},{"type":"Polygon","arcs":[[592,593]],"properties":{"KEY_CODE":"28214502007","PREF":"28","CITY":"214","S_AREA":"502007","PREF_NAME":"兵庫県","CITY_NAME":"宝塚市","S_NAME":"中筋山手七丁目","KIGO_E":"E2","HCODE":8101,"AREA":13617.927,"PERIMETER":480.552,"R2KAxx":6503,"R2KAxx_ID":6502,"KIHON1":"5020","DUMMY1":"-","KIHON2":"07","KEYCODE1":"214502007","KEYCODE2":"214502007","AREA_MAX_F":null,"KIGO_D":null,"N_KEN":null,"N_CITY":null,"KIGO_I":null,"KBSUM":0,"JINKO":0,"SETAI":0,"X_CODE":135.370724,"Y_CODE":34.827388,"KCODE1":"5020-07"}},{"type":"Polygon","arcs":[[-578,-571,594,-581]],"properties":{"KEY_CODE":"28214502104","PREF":"28","CITY":"214","S_AREA":"502104","PREF_NAME":"兵庫県","CITY_NAME":"宝塚市","S_NAME":"中筋山手四丁目","KIGO_E":null,"HCODE":8101,"AREA":17174.92,"PERIMETER":715.959,"R2KAxx":6504,"R2KAxx_ID":6503,"KIHON1":"5021","DUMMY1":"-","KIHON2":"04","KEYCODE1":"214502104","KEYCODE2":"214502104","AREA_MAX_F":"M","KIGO_D":null,"N_KEN":null,"N_CITY":null,"KIGO_I":null,"KBSUM":2,"JINKO":137,"SETAI":41,"X_CODE":135.375206,"Y_CODE":34.82348,"KCODE1":"5021-04"}},{"type":"Polygon","arcs":[[-595,-570,-589,-582]],"properties":{"KEY_CODE":"28214502106","PREF":"28","CITY":"214","S_AREA":"502106","PREF_NAME":"兵庫県","CITY_NAME":"宝塚市","S_NAME":"中筋山手六丁目","KIGO_E":null,"HCODE":8101,"AREA":17890.001,"PERIMETER":822.586,"R2KAxx":6505,"R2KAxx_ID":6504,"KIHON1":"5021","DUMMY1":"-","KIHON2":"06","KEYCODE1":"214502106","KEYCODE2":"214502106","AREA_MAX_F":"M","KIGO_D":null,"N_KEN":null,"N_CITY":null,"KIGO_I":null,"KBSUM":2,"JINKO":273,"SETAI":94,"X_CODE":135.374352,"Y_CODE":34.824161,"KCODE1":"5021-06"}},{"type":"Polygon","arcs":[[595,-585,596]],"properties":{"KEY_CODE":"28214502107","PREF":"28","CITY":"214","S_AREA":"502107","PREF_NAME":"兵庫県","CITY_NAME":"宝塚市","S_NAME":"中筋山手七丁目","KIGO_E":null,"HCODE":8101,"AREA":10240.596,"PERIMETER":644.656,"R2KAxx":6506,"R2KAxx_ID":6505,"KIHON1":"5021","DUMMY1":"-","KIHON2":"07","KEYCODE1":"214502107","KEYCODE2":"214502107","AREA_MAX_F":"M","KIGO_D":null,"N_KEN":null,"N_CITY":null,"KIGO_I":null,"KBSUM":1,"JINKO":5,"SETAI":2,"X_CODE":135.373888,"Y_CODE":34.826657,"KCODE1":"5021-07"}},{"type":"Polygon","arcs":[[597,-597,-584,-588,-592,598,-594,599,600,601]],"properties":{"KEY_CODE":"282145022","PREF":"28","CITY":"214","S_AREA":"502207","PREF_NAME":"兵庫県","CITY_NAME":"宝塚市","S_NAME":"中筋山手","KIGO_E":null,"HCODE":8101,"AREA":39924.294,"PERIMETER":2253.377,"R2KAxx":6507,"R2KAxx_ID":6506,"KIHON1":"5022","DUMMY1":"-","KIHON2":"07","KEYCODE1":"214502207","KEYCODE2":"2145022","AREA_MAX_F":"M","KIGO_D":null,"N_KEN":null,"N_CITY":null,"KIGO_I":null,"KBSUM":1,"JINKO":0,"SETAI":0,"X_CODE":135.372167,"Y_CODE":34.827273,"KCODE1":"5022-07"}},{"type":"Polygon","arcs":[[602,-567,603,604,605,606]],"properties":{"KEY_CODE":"28214503001","PREF":"28","CITY":"214","S_AREA":"503001","PREF_NAME":"兵庫県","CITY_NAME":"宝塚市","S_NAME":"中山台一丁目","KIGO_E":null,"HCODE":8101,"AREA":166790.07,"PERIMETER":2190.654,"R2KAxx":6508,"R2KAxx_ID":6507,"KIHON1":"5030","DUMMY1":"-","KIHON2":"01","KEYCODE1":"214503001","KEYCODE2":"214503001","AREA_MAX_F":"M","KIGO_D":null,"N_KEN":null,"N_CITY":null,"KIGO_I":null,"KBSUM":26,"JINKO":813,"SETAI":345,"X_CODE":135.365149,"Y_CODE":34.82739,"KCODE1":"5030-01"}},{"type":"Polygon","arcs":[[-600,-593,-599,-591,-574,-568,-603,607]],"properties":{"KEY_CODE":"28214503002","PREF":"28","CITY":"214","S_AREA":"503002","PREF_NAME":"兵庫県","CITY_NAME":"宝塚市","S_NAME":"中山台二丁目","KIGO_E":null,"HCODE":8101,"AREA":106405.588,"PERIMETER":1867.329,"R2KAxx":6509,"R2KAxx_ID":6508,"KIHON1":"5030","DUMMY1":"-","KIHON2":"02","KEYCODE1":"214503002","KEYCODE2":"214503002","AREA_MAX_F":"M","KIGO_D":null,"N_KEN":null,"N_CITY":null,"KIGO_I":null,"KBSUM":22,"JINKO":682,"SETAI":272,"X_CODE":135.36892,"Y_CODE":34.827299,"KCODE1":"5030-02"}},{"type":"Polygon","arcs":[[608,609,-576,610,611]],"properties":{"KEY_CODE":"28214504101","PREF":"28","CITY":"214","S_AREA":"504101","PREF_NAME":"兵庫県","CITY_NAME":"宝塚市","S_NAME":"山本西一丁目","KIGO_E":null,"HCODE":8101,"AREA":49536.025,"PERIMETER":1185.405,"R2KAxx":6510,"R2KAxx_ID":6509,"KIHON1":"5041","DUMMY1":"-","KIHON2":"01","KEYCODE1":"214504101","KEYCODE2":"214504101","AREA_MAX_F":"M","KIGO_D":null,"N_KEN":null,"N_CITY":null,"KIGO_I":null,"KBSUM":13,"JINKO":304,"SETAI":122,"X_CODE":135.37825,"Y_CODE":34.821599,"KCODE1":"5041-01"}},{"type":"Polygon","arcs":[[612,613,614,615,-610,616,617]],"properties":{"KEY_CODE":"28214504102","PREF":"28","CITY":"214","S_AREA":"504102","PREF_NAME":"兵庫県","CITY_NAME":"宝塚市","S_NAME":"山本西二丁目","KIGO_E":null,"HCODE":8101,"AREA":51106.057,"PERIMETER":1036.795,"R2KAxx":6511,"R2KAxx_ID":6510,"KIHON1":"5041","DUMMY1":"-","KIHON2":"02","KEYCODE1":"214504102","KEYCODE2":"214504102","AREA_MAX_F":"M","KIGO_D":null,"N_KEN":null,"N_CITY":null,"KIGO_I":null,"KBSUM":14,"JINKO":899,"SETAI":361,"X_CODE":135.379847,"Y_CODE":34.819718,"KCODE1":"5041-02"}},{"type":"Polygon","arcs":[[618,619,620,621,622,623,624,625,626,627,628],[629]],"properties":{"KEY_CODE":"28214504103","PREF":"28","CITY":"214","S_AREA":"504103","PREF_NAME":"兵庫県","CITY_NAME":"宝塚市","S_NAME":"山本西三丁目","KIGO_E":null,"HCODE":8101,"AREA":46339.741,"PERIMETER":1179.259,"R2KAxx":6512,"R2KAxx_ID":6511,"KIHON1":"5041","DUMMY1":"-","KIHON2":"03","KEYCODE1":"214504103","KEYCODE2":"214504103","AREA_MAX_F":"M","KIGO_D":null,"N_KEN":null,"N_CITY":null,"KIGO_I":null,"KBSUM":15,"JINKO":790,"SETAI":300,"X_CODE":135.381046,"Y_CODE":34.81707,"KCODE1":"5041-03"}},{"type":"Polygon","arcs":[[-618,630]],"properties":{"KEY_CODE":"28214504202","PREF":"28","CITY":"214","S_AREA":"504202","PREF_NAME":"兵庫県","CITY_NAME":"宝塚市","S_NAME":"山本西二丁目","KIGO_E":null,"HCODE":8101,"AREA":2648.621,"PERIMETER":235.798,"R2KAxx":6513,"R2KAxx_ID":6512,"KIHON1":"5042","DUMMY1":"-","KIHON2":"02","KEYCODE1":"214504202","KEYCODE2":"214504202","AREA_MAX_F":"M","KIGO_D":null,"N_KEN":null,"N_CITY":null,"KIGO_I":null,"KBSUM":1,"JINKO":18,"SETAI":1,"X_CODE":135.380967,"Y_CODE":34.819593,"KCODE1":"5042-02"}},{"type":"Polygon","arcs":[[-630]],"properties":{"KEY_CODE":"28214504203","PREF":"28","CITY":"214","S_AREA":"504203","PREF_NAME":"兵庫県","CITY_NAME":"宝塚市","S_NAME":"山本西三丁目","KIGO_E":null,"HCODE":8101,"AREA":1796.822,"PERIMETER":175.755,"R2KAxx":6514,"R2KAxx_ID":6513,"KIHON1":"5042","DUMMY1":"-","KIHON2":"03","KEYCODE1":"214504203","KEYCODE2":"214504203","AREA_MAX_F":"M","KIGO_D":null,"N_KEN":null,"N_CITY":null,"KIGO_I":null,"KBSUM":1,"JINKO":0,"SETAI":0,"X_CODE":135.381595,"Y_CODE":34.816783,"KCODE1":"5042-03"}},{"type":"Polygon","arcs":[[631,-609,632,633,634,635,636]],"properties":{"KEY_CODE":"28214505001","PREF":"28","CITY":"214","S_AREA":"505001","PREF_NAME":"兵庫県","CITY_NAME":"宝塚市","S_NAME":"山本中一丁目","KIGO_E":null,"HCODE":8101,"AREA":92008.934,"PERIMETER":1836.766,"R2KAxx":6515,"R2KAxx_ID":6514,"KIHON1":"5050","DUMMY1":"-","KIHON2":"01","KEYCODE1":"214505001","KEYCODE2":"214505001","AREA_MAX_F":"M","KIGO_D":null,"N_KEN":null,"N_CITY":null,"KIGO_I":null,"KBSUM":20,"JINKO":755,"SETAI":282,"X_CODE":135.382571,"Y_CODE":34.822027,"KCODE1":"5050-01"}},{"type":"Polygon","arcs":[[637,638,-613,-631,-617,-632]],"properties":{"KEY_CODE":"28214505002","PREF":"28","CITY":"214","S_AREA":"505002","PREF_NAME":"兵庫県","CITY_NAME":"宝塚市","S_NAME":"山本中二丁目","KIGO_E":null,"HCODE":8101,"AREA":89366.324,"PERIMETER":1246.917,"R2KAxx":6516,"R2KAxx_ID":6515,"KIHON1":"5050","DUMMY1":"-","KIHON2":"02","KEYCODE1":"214505002","KEYCODE2":"214505002","AREA_MAX_F":"M","KIGO_D":null,"N_KEN":null,"N_CITY":null,"KIGO_I":null,"KBSUM":15,"JINKO":909,"SETAI":367,"X_CODE":135.383127,"Y_CODE":34.819645,"KCODE1":"5050-02"}},{"type":"Polygon","arcs":[[639,-629,-614,-639,640]],"properties":{"KEY_CODE":"28214505003","PREF":"28","CITY":"214","S_AREA":"505003","PREF_NAME":"兵庫県","CITY_NAME":"宝塚市","S_NAME":"山本中三丁目","KIGO_E":null,"HCODE":8101,"AREA":94649.996,"PERIMETER":1690.002,"R2KAxx":6517,"R2KAxx_ID":6516,"KIHON1":"5050","DUMMY1":"-","KIHON2":"03","KEYCODE1":"214505003","KEYCODE2":"214505003","AREA_MAX_F":"M","KIGO_D":null,"N_KEN":null,"N_CITY":null,"KIGO_I":null,"KBSUM":17,"JINKO":856,"SETAI":329,"X_CODE":135.383951,"Y_CODE":34.817827,"KCODE1":"5050-03"}},{"type":"Polygon","arcs":[[-633,-612,641,642]],"properties":{"KEY_CODE":"28214506101","PREF":"28","CITY":"214","S_AREA":"506101","PREF_NAME":"兵庫県","CITY_NAME":"宝塚市","S_NAME":"山本台一丁目","KIGO_E":null,"HCODE":8101,"AREA":75666.804,"PERIMETER":1342.51,"R2KAxx":6518,"R2KAxx_ID":6517,"KIHON1":"5061","DUMMY1":"-","KIHON2":"01","KEYCODE1":"214506101","KEYCODE2":"214506101","AREA_MAX_F":"M","KIGO_D":null,"N_KEN":null,"N_CITY":null,"KIGO_I":null,"KBSUM":15,"JINKO":421,"SETAI":182,"X_CODE":135.379881,"Y_CODE":34.822807,"KCODE1":"5061-01"}},{"type":"Polygon","arcs":[[643,-634,-643,644]],"properties":{"KEY_CODE":"28214506102","PREF":"28","CITY":"214","S_AREA":"506102","PREF_NAME":"兵庫県","CITY_NAME":"宝塚市","S_NAME":"山本台二丁目","KIGO_E":null,"HCODE":8101,"AREA":48637.848,"PERIMETER":1092.136,"R2KAxx":6519,"R2KAxx_ID":6518,"KIHON1":"5061","DUMMY1":"-","KIHON2":"02","KEYCODE1":"214506102","KEYCODE2":"214506102","AREA_MAX_F":"M","KIGO_D":null,"N_KEN":null,"N_CITY":null,"KIGO_I":null,"KBSUM":13,"JINKO":407,"SETAI":179,"X_CODE":135.380142,"Y_CODE":34.82488,"KCODE1":"5061-02"}},{"type":"Polygon","arcs":[[-642,-611,-580,645,646,647,648,-645]],"properties":{"KEY_CODE":"28214506103","PREF":"28","CITY":"214","S_AREA":"506103","PREF_NAME":"兵庫県","CITY_NAME":"宝塚市","S_NAME":"山本台三丁目","KIGO_E":null,"HCODE":8101,"AREA":78263.561,"PERIMETER":1693.466,"R2KAxx":6520,"R2KAxx_ID":6519,"KIHON1":"5061","DUMMY1":"-","KIHON2":"03","KEYCODE1":"214506103","KEYCODE2":"214506103","AREA_MAX_F":"M","KIGO_D":null,"N_KEN":null,"N_CITY":null,"KIGO_I":null,"KBSUM":18,"JINKO":976,"SETAI":353,"X_CODE":135.377739,"Y_CODE":34.824554,"KCODE1":"5061-03"}},{"type":"Polygon","arcs":[[649,-647]],"properties":{"KEY_CODE":"282145062","PREF":"28","CITY":"214","S_AREA":"506203","PREF_NAME":"兵庫県","CITY_NAME":"宝塚市","S_NAME":"山本台","KIGO_E":null,"HCODE":8101,"AREA":4347.734,"PERIMETER":291.246,"R2KAxx":6521,"R2KAxx_ID":6520,"KIHON1":"5062","DUMMY1":"-","KIHON2":"03","KEYCODE1":"214506203","KEYCODE2":"2145062","AREA_MAX_F":"M","KIGO_D":null,"N_KEN":null,"N_CITY":null,"KIGO_I":null,"KBSUM":1,"JINKO":0,"SETAI":0,"X_CODE":135.377135,"Y_CODE":34.8246,"KCODE1":"5062-03"}},{"type":"Polygon","arcs":[[650,-637,651,652,653,654]],"properties":{"KEY_CODE":"28214507101","PREF":"28","CITY":"214","S_AREA":"507101","PREF_NAME":"兵庫県","CITY_NAME":"宝塚市","S_NAME":"山本東一丁目","KIGO_E":null,"HCODE":8101,"AREA":101227.14,"PERIMETER":1630.336,"R2KAxx":6522,"R2KAxx_ID":6521,"KIHON1":"5071","DUMMY1":"-","KIHON2":"01","KEYCODE1":"214507101","KEYCODE2":"214507101","AREA_MAX_F":"M","KIGO_D":null,"N_KEN":null,"N_CITY":null,"KIGO_I":null,"KBSUM":16,"JINKO":344,"SETAI":163,"X_CODE":135.385021,"Y_CODE":34.822781,"KCODE1":"5071-01"}},{"type":"Polygon","arcs":[[655,-638,-651,656]],"properties":{"KEY_CODE":"28214507102","PREF":"28","CITY":"214","S_AREA":"507102","PREF_NAME":"兵庫県","CITY_NAME":"宝塚市","S_NAME":"山本東二丁目","KIGO_E":null,"HCODE":8101,"AREA":58632.884,"PERIMETER":1184.549,"R2KAxx":6523,"R2KAxx_ID":6522,"KIHON1":"5071","DUMMY1":"-","KIHON2":"02","KEYCODE1":"214507102","KEYCODE2":"214507102","AREA_MAX_F":"M","KIGO_D":null,"N_KEN":null,"N_CITY":null,"KIGO_I":null,"KBSUM":10,"JINKO":355,"SETAI":135,"X_CODE":135.386845,"Y_CODE":34.820427,"KCODE1":"5071-02"}},{"type":"Polygon","arcs":[[657,658,659,660,661,662,-641,-656,663,664]],"properties":{"KEY_CODE":"28214507103","PREF":"28","CITY":"214","S_AREA":"507103","PREF_NAME":"兵庫県","CITY_NAME":"宝塚市","S_NAME":"山本東三丁目","KIGO_E":null,"HCODE":8101,"AREA":88777.191,"PERIMETER":1567.936,"R2KAxx":6524,"R2KAxx_ID":6523,"KIHON1":"5071","DUMMY1":"-","KIHON2":"03","KEYCODE1":"214507103","KEYCODE2":"214507103","AREA_MAX_F":"M","KIGO_D":null,"N_KEN":null,"N_CITY":null,"KIGO_I":null,"KBSUM":16,"JINKO":720,"SETAI":301,"X_CODE":135.388585,"Y_CODE":34.819627,"KCODE1":"5071-03"}},{"type":"Polygon","arcs":[[665,-659]],"properties":{"KEY_CODE":"282145072","PREF":"28","CITY":"214","S_AREA":"507203","PREF_NAME":"兵庫県","CITY_NAME":"宝塚市","S_NAME":"山本東","KIGO_E":"E1","HCODE":8101,"AREA":6739.81,"PERIMETER":385.684,"R2KAxx":6525,"R2KAxx_ID":6524,"KIHON1":"5072","DUMMY1":"-","KIHON2":"03","KEYCODE1":"214507203","KEYCODE2":"2145072","AREA_MAX_F":"M","KIGO_D":null,"N_KEN":null,"N_CITY":null,"KIGO_I":null,"KBSUM":2,"JINKO":0,"SETAI":0,"X_CODE":135.390362,"Y_CODE":34.819744,"KCODE1":"5072-03"}},{"type":"Polygon","arcs":[[666,-665,667]],"properties":{"KEY_CODE":"282145072","PREF":"28","CITY":"214","S_AREA":"507203","PREF_NAME":"兵庫県","CITY_NAME":"宝塚市","S_NAME":"山本東","KIGO_E":"E2","HCODE":8101,"AREA":5238.944,"PERIMETER":468.49,"R2KAxx":6526,"R2KAxx_ID":6525,"KIHON1":"5072","DUMMY1":"-","KIHON2":"03","KEYCODE1":"214507203","KEYCODE2":"2145072","AREA_MAX_F":null,"KIGO_D":null,"N_KEN":null,"N_CITY":null,"KIGO_I":null,"KBSUM":0,"JINKO":0,"SETAI":0,"X_CODE":135.391542,"Y_CODE":34.820586,"KCODE1":"5072-03"}},{"type":"Polygon","arcs":[[668,669,670,-655,671,672]],"properties":{"KEY_CODE":"28214508101","PREF":"28","CITY":"214","S_AREA":"508101","PREF_NAME":"兵庫県","CITY_NAME":"宝塚市","S_NAME":"平井一丁目","KIGO_E":null,"HCODE":8101,"AREA":120731.375,"PERIMETER":2673.965,"R2KAxx":6527,"R2KAxx_ID":6526,"KIHON1":"5081","DUMMY1":"-","KIHON2":"01","KEYCODE1":"214508101","KEYCODE2":"214508101","AREA_MAX_F":"M","KIGO_D":null,"N_KEN":null,"N_CITY":null,"KIGO_I":null,"KBSUM":31,"JINKO":873,"SETAI":404,"X_CODE":135.387091,"Y_CODE":34.824738,"KCODE1":"5081-01"}},{"type":"Polygon","arcs":[[673,674,-670,675]],"properties":{"KEY_CODE":"28214508102","PREF":"28","CITY":"214","S_AREA":"508102","PREF_NAME":"兵庫県","CITY_NAME":"宝塚市","S_NAME":"平井二丁目","KIGO_E":null,"HCODE":8101,"AREA":109156.413,"PERIMETER":1605.942,"R2KAxx":6528,"R2KAxx_ID":6527,"KIHON1":"5081","DUMMY1":"-","KIHON2":"02","KEYCODE1":"214508102","KEYCODE2":"214508102","AREA_MAX_F":"M","KIGO_D":null,"N_KEN":null,"N_CITY":null,"KIGO_I":null,"KBSUM":18,"JINKO":829,"SETAI":391,"X_CODE":135.389747,"Y_CODE":34.824311,"KCODE1":"5081-02"}},{"type":"Polygon","arcs":[[676,677,-674,678,679]],"properties":{"KEY_CODE":"28214508103","PREF":"28","CITY":"214","S_AREA":"508103","PREF_NAME":"兵庫県","CITY_NAME":"宝塚市","S_NAME":"平井三丁目","KIGO_E":null,"HCODE":8101,"AREA":70180.98,"PERIMETER":1307.504,"R2KAxx":6529,"R2KAxx_ID":6528,"KIHON1":"5081","DUMMY1":"-","KIHON2":"03","KEYCODE1":"214508103","KEYCODE2":"214508103","AREA_MAX_F":"M","KIGO_D":null,"N_KEN":null,"N_CITY":null,"KIGO_I":null,"KBSUM":18,"JINKO":651,"SETAI":249,"X_CODE":135.393063,"Y_CODE":34.824393,"KCODE1":"5081-03"}},{"type":"Polygon","arcs":[[680,681,682,-680,683,684]],"properties":{"KEY_CODE":"28214508104","PREF":"28","CITY":"214","S_AREA":"508104","PREF_NAME":"兵庫県","CITY_NAME":"宝塚市","S_NAME":"平井四丁目","KIGO_E":null,"HCODE":8101,"AREA":107779.408,"PERIMETER":1653.297,"R2KAxx":6530,"R2KAxx_ID":6529,"KIHON1":"5081","DUMMY1":"-","KIHON2":"04","KEYCODE1":"214508104","KEYCODE2":"214508104","AREA_MAX_F":"M","KIGO_D":null,"N_KEN":null,"N_CITY":null,"KIGO_I":null,"KBSUM":20,"JINKO":717,"SETAI":246,"X_CODE":135.394931,"Y_CODE":34.825665,"KCODE1":"5081-04"}},{"type":"Polygon","arcs":[[685,-668,-664,-657,-671,-675,-678,686]],"properties":{"KEY_CODE":"28214508105","PREF":"28","CITY":"214","S_AREA":"508105","PREF_NAME":"兵庫県","CITY_NAME":"宝塚市","S_NAME":"平井五丁目","KIGO_E":null,"HCODE":8101,"AREA":65427.644,"PERIMETER":1252.798,"R2KAxx":6531,"R2KAxx_ID":6530,"KIHON1":"5081","DUMMY1":"-","KIHON2":"05","KEYCODE1":"214508105","KEYCODE2":"214508105","AREA_MAX_F":"M","KIGO_D":null,"N_KEN":null,"N_CITY":null,"KIGO_I":null,"KBSUM":12,"JINKO":549,"SETAI":261,"X_CODE":135.390813,"Y_CODE":34.821758,"KCODE1":"5081-05"}},{"type":"Polygon","arcs":[[687,688,-687,-677,-683,689]],"properties":{"KEY_CODE":"28214508106","PREF":"28","CITY":"214","S_AREA":"508106","PREF_NAME":"兵庫県","CITY_NAME":"宝塚市","S_NAME":"平井六丁目","KIGO_E":null,"HCODE":8101,"AREA":55959.43,"PERIMETER":1287.826,"R2KAxx":6532,"R2KAxx_ID":6531,"KIHON1":"5081","DUMMY1":"-","KIHON2":"06","KEYCODE1":"214508106","KEYCODE2":"214508106","AREA_MAX_F":"M","KIGO_D":null,"N_KEN":null,"N_CITY":null,"KIGO_I":null,"KBSUM":8,"JINKO":282,"SETAI":95,"X_CODE":135.394238,"Y_CODE":34.822743,"KCODE1":"5081-06"}},{"type":"Polygon","arcs":[[690,691,692,-686,-689,693]],"properties":{"KEY_CODE":"28214508107","PREF":"28","CITY":"214","S_AREA":"508107","PREF_NAME":"兵庫県","CITY_NAME":"宝塚市","S_NAME":"平井七丁目","KIGO_E":null,"HCODE":8101,"AREA":70449.24,"PERIMETER":1267.405,"R2KAxx":6533,"R2KAxx_ID":6532,"KIHON1":"5081","DUMMY1":"-","KIHON2":"07","KEYCODE1":"214508107","KEYCODE2":"214508107","AREA_MAX_F":"M","KIGO_D":null,"N_KEN":null,"N_CITY":null,"KIGO_I":null,"KBSUM":2,"JINKO":20,"SETAI":10,"X_CODE":135.394858,"Y_CODE":34.821139,"KCODE1":"5081-07"}},{"type":"Polygon","arcs":[[-684,-679,-676,-669,694]],"properties":{"KEY_CODE":"282145090","PREF":"28","CITY":"214","S_AREA":"509000","PREF_NAME":"兵庫県","CITY_NAME":"宝塚市","S_NAME":"平井山荘","KIGO_E":null,"HCODE":8101,"AREA":132616.936,"PERIMETER":1885.918,"R2KAxx":6534,"R2KAxx_ID":6533,"KIHON1":"5090","DUMMY1":"-","KIHON2":"00","KEYCODE1":"214509000","KEYCODE2":"2145090","AREA_MAX_F":"M","KIGO_D":null,"N_KEN":null,"N_CITY":null,"KIGO_I":null,"KBSUM":22,"JINKO":895,"SETAI":384,"X_CODE":135.389902,"Y_CODE":34.827234,"KCODE1":"5090-00"}},{"type":"Polygon","arcs":[[695,696,697,698,699]],"properties":{"KEY_CODE":"28214510001","PREF":"28","CITY":"214","S_AREA":"510001","PREF_NAME":"兵庫県","CITY_NAME":"宝塚市","S_NAME":"雲雀丘一丁目","KIGO_E":null,"HCODE":8101,"AREA":122131.345,"PERIMETER":1958.509,"R2KAxx":6535,"R2KAxx_ID":6534,"KIHON1":"5100","DUMMY1":"-","KIHON2":"01","KEYCODE1":"214510001","KEYCODE2":"214510001","AREA_MAX_F":"M","KIGO_D":null,"N_KEN":null,"N_CITY":null,"KIGO_I":null,"KBSUM":15,"JINKO":968,"SETAI":409,"X_CODE":135.401341,"Y_CODE":34.829558,"KCODE1":"5100-01"}},{"type":"Polygon","arcs":[[-698,700,701,702,703]],"properties":{"KEY_CODE":"28214510002","PREF":"28","CITY":"214","S_AREA":"510002","PREF_NAME":"兵庫県","CITY_NAME":"宝塚市","S_NAME":"雲雀丘二丁目","KIGO_E":null,"HCODE":8101,"AREA":123451.838,"PERIMETER":2067.383,"R2KAxx":6536,"R2KAxx_ID":6535,"KIHON1":"5100","DUMMY1":"-","KIHON2":"02","KEYCODE1":"214510002","KEYCODE2":"214510002","AREA_MAX_F":"M","KIGO_D":null,"N_KEN":null,"N_CITY":null,"KIGO_I":null,"KBSUM":13,"JINKO":882,"SETAI":384,"X_CODE":135.398655,"Y_CODE":34.828536,"KCODE1":"5100-02"}},{"type":"Polygon","arcs":[[704,-681,705,-702]],"properties":{"KEY_CODE":"28214510003","PREF":"28","CITY":"214","S_AREA":"510003","PREF_NAME":"兵庫県","CITY_NAME":"宝塚市","S_NAME":"雲雀丘三丁目","KIGO_E":null,"HCODE":8101,"AREA":128111.585,"PERIMETER":1658.954,"R2KAxx":6537,"R2KAxx_ID":6536,"KIHON1":"5100","DUMMY1":"-","KIHON2":"03","KEYCODE1":"214510003","KEYCODE2":"214510003","AREA_MAX_F":"M","KIGO_D":null,"N_KEN":null,"N_CITY":null,"KIGO_I":null,"KBSUM":18,"JINKO":649,"SETAI":262,"X_CODE":135.39725,"Y_CODE":34.827135,"KCODE1":"5100-03"}},{"type":"Polygon","arcs":[[706,-690,-682,-705,-701,-697,707]],"properties":{"KEY_CODE":"28214510004","PREF":"28","CITY":"214","S_AREA":"510004","PREF_NAME":"兵庫県","CITY_NAME":"宝塚市","S_NAME":"雲雀丘四丁目","KIGO_E":null,"HCODE":8101,"AREA":47060.106,"PERIMETER":1885.531,"R2KAxx":6538,"R2KAxx_ID":6537,"KIHON1":"5100","DUMMY1":"-","KIHON2":"04","KEYCODE1":"214510004","KEYCODE2":"214510004","AREA_MAX_F":"M","KIGO_D":null,"N_KEN":null,"N_CITY":null,"KIGO_I":null,"KBSUM":4,"JINKO":65,"SETAI":27,"X_CODE":135.399995,"Y_CODE":34.825315,"KCODE1":"5100-04"}},{"type":"Polygon","arcs":[[708,-700,709,710]],"properties":{"KEY_CODE":"28214511001","PREF":"28","CITY":"214","S_AREA":"511001","PREF_NAME":"兵庫県","CITY_NAME":"宝塚市","S_NAME":"雲雀丘山手一丁目","KIGO_E":null,"HCODE":8101,"AREA":130278.11,"PERIMETER":1720.087,"R2KAxx":6539,"R2KAxx_ID":6538,"KIHON1":"5110","DUMMY1":"-","KIHON2":"01","KEYCODE1":"214511001","KEYCODE2":"214511001","AREA_MAX_F":"M","KIGO_D":null,"N_KEN":null,"N_CITY":null,"KIGO_I":null,"KBSUM":19,"JINKO":831,"SETAI":346,"X_CODE":135.4041,"Y_CODE":34.831286,"KCODE1":"5110-01"}},{"type":"Polygon","arcs":[[711,-710,-699,-704,712,713]],"properties":{"KEY_CODE":"28214511002","PREF":"28","CITY":"214","S_AREA":"511002","PREF_NAME":"兵庫県","CITY_NAME":"宝塚市","S_NAME":"雲雀丘山手二丁目","KIGO_E":null,"HCODE":8101,"AREA":108122.733,"PERIMETER":2018.309,"R2KAxx":6540,"R2KAxx_ID":6539,"KIHON1":"5110","DUMMY1":"-","KIHON2":"02","KEYCODE1":"214511002","KEYCODE2":"214511002","AREA_MAX_F":"M","KIGO_D":null,"N_KEN":null,"N_CITY":null,"KIGO_I":null,"KBSUM":20,"JINKO":651,"SETAI":269,"X_CODE":135.401344,"Y_CODE":34.832383,"KCODE1":"5110-02"}},{"type":"Polygon","arcs":[[714,715,-711,-712,716,717,718,719]],"properties":{"KEY_CODE":"282145120","PREF":"28","CITY":"214","S_AREA":"512000","PREF_NAME":"兵庫県","CITY_NAME":"宝塚市","S_NAME":"花屋敷つつじガ丘","KIGO_E":null,"HCODE":8101,"AREA":209471.01,"PERIMETER":2418.899,"R2KAxx":6541,"R2KAxx_ID":6540,"KIHON1":"5120","DUMMY1":"-","KIHON2":"00","KEYCODE1":"214512000","KEYCODE2":"2145120","AREA_MAX_F":"M","KIGO_D":null,"N_KEN":null,"N_CITY":null,"KIGO_I":null,"KBSUM":15,"JINKO":736,"SETAI":307,"X_CODE":135.402228,"Y_CODE":34.835712,"KCODE1":"5120-00"}},{"type":"Polygon","arcs":[[720,721,-715,722]],"properties":{"KEY_CODE":"28214513001","PREF":"28","CITY":"214","S_AREA":"513001","PREF_NAME":"兵庫県","CITY_NAME":"宝塚市","S_NAME":"花屋敷荘園一丁目","KIGO_E":null,"HCODE":8101,"AREA":123885.98,"PERIMETER":2767.077,"R2KAxx":6542,"R2KAxx_ID":6541,"KIHON1":"5130","DUMMY1":"-","KIHON2":"01","KEYCODE1":"214513001","KEYCODE2":"214513001","AREA_MAX_F":"M","KIGO_D":null,"N_KEN":null,"N_CITY":null,"KIGO_I":null,"KBSUM":20,"JINKO":568,"SETAI":245,"X_CODE":135.407266,"Y_CODE":34.833971,"KCODE1":"5130-01"}},{"type":"Polygon","arcs":[[723,-723,-720,724,725]],"properties":{"KEY_CODE":"28214513002","PREF":"28","CITY":"214","S_AREA":"513002","PREF_NAME":"兵庫県","CITY_NAME":"宝塚市","S_NAME":"花屋敷荘園二丁目","KIGO_E":null,"HCODE":8101,"AREA":116267.168,"PERIMETER":2167.866,"R2KAxx":6543,"R2KAxx_ID":6542,"KIHON1":"5130","DUMMY1":"-","KIHON2":"02","KEYCODE1":"214513002","KEYCODE2":"214513002","AREA_MAX_F":"M","KIGO_D":null,"N_KEN":null,"N_CITY":null,"KIGO_I":null,"KBSUM":10,"JINKO":233,"SETAI":101,"X_CODE":135.405733,"Y_CODE":34.836952,"KCODE1":"5130-02"}},{"type":"Polygon","arcs":[[-721,-724,726,727]],"properties":{"KEY_CODE":"28214513003","PREF":"28","CITY":"214","S_AREA":"513003","PREF_NAME":"兵庫県","CITY_NAME":"宝塚市","S_NAME":"花屋敷荘園三丁目","KIGO_E":null,"HCODE":8101,"AREA":71962.96,"PERIMETER":1422.162,"R2KAxx":6544,"R2KAxx_ID":6543,"KIHON1":"5130","DUMMY1":"-","KIHON2":"03","KEYCODE1":"214513003","KEYCODE2":"214513003","AREA_MAX_F":"M","KIGO_D":null,"N_KEN":null,"N_CITY":null,"KIGO_I":null,"KBSUM":12,"JINKO":540,"SETAI":233,"X_CODE":135.409591,"Y_CODE":34.835415,"KCODE1":"5130-03"}},{"type":"Polygon","arcs":[[728,-727,-726,729,730]],"properties":{"KEY_CODE":"28214513004","PREF":"28","CITY":"214","S_AREA":"513004","PREF_NAME":"兵庫県","CITY_NAME":"宝塚市","S_NAME":"花屋敷荘園四丁目","KIGO_E":null,"HCODE":8101,"AREA":86053.168,"PERIMETER":1384.304,"R2KAxx":6545,"R2KAxx_ID":6544,"KIHON1":"5130","DUMMY1":"-","KIHON2":"04","KEYCODE1":"214513004","KEYCODE2":"214513004","AREA_MAX_F":"M","KIGO_D":null,"N_KEN":null,"N_CITY":null,"KIGO_I":null,"KBSUM":8,"JINKO":283,"SETAI":101,"X_CODE":135.407097,"Y_CODE":34.838363,"KCODE1":"5130-04"}},{"type":"Polygon","arcs":[[-731,731,732]],"properties":{"KEY_CODE":"282145140","PREF":"28","CITY":"214","S_AREA":"514000","PREF_NAME":"兵庫県","CITY_NAME":"宝塚市","S_NAME":"花屋敷松ガ丘","KIGO_E":null,"HCODE":8101,"AREA":107831.283,"PERIMETER":1841.595,"R2KAxx":6546,"R2KAxx_ID":6545,"KIHON1":"5140","DUMMY1":"-","KIHON2":"00","KEYCODE1":"214514000","KEYCODE2":"2145140","AREA_MAX_F":"M","KIGO_D":null,"N_KEN":null,"N_CITY":null,"KIGO_I":null,"KBSUM":23,"JINKO":715,"SETAI":307,"X_CODE":135.409611,"Y_CODE":34.840261,"KCODE1":"5140-00"}},{"type":"Polygon","arcs":[[733,-717,-714,734,735],[736]],"properties":{"KEY_CODE":"28214515001","PREF":"28","CITY":"214","S_AREA":"515001","PREF_NAME":"兵庫県","CITY_NAME":"宝塚市","S_NAME":"長尾台一丁目","KIGO_E":null,"HCODE":8101,"AREA":101137.484,"PERIMETER":2072.252,"R2KAxx":6547,"R2KAxx_ID":6546,"KIHON1":"5150","DUMMY1":"-","KIHON2":"01","KEYCODE1":"214515001","KEYCODE2":"214515001","AREA_MAX_F":"M","KIGO_D":null,"N_KEN":null,"N_CITY":null,"KIGO_I":null,"KBSUM":14,"JINKO":471,"SETAI":192,"X_CODE":135.397658,"Y_CODE":34.834858,"KCODE1":"5150-01"}},{"type":"Polygon","arcs":[[-718,-734,737,738,739,740]],"properties":{"KEY_CODE":"28214515002","PREF":"28","CITY":"214","S_AREA":"515002","PREF_NAME":"兵庫県","CITY_NAME":"宝塚市","S_NAME":"長尾台二丁目","KIGO_E":null,"HCODE":8101,"AREA":98871.756,"PERIMETER":1665.463,"R2KAxx":6548,"R2KAxx_ID":6547,"KIHON1":"5150","DUMMY1":"-","KIHON2":"02","KEYCODE1":"214515002","KEYCODE2":"214515002","AREA_MAX_F":"M","KIGO_D":null,"N_KEN":null,"N_CITY":null,"KIGO_I":null,"KBSUM":16,"JINKO":239,"SETAI":99,"X_CODE":135.396496,"Y_CODE":34.837368,"KCODE1":"5150-02"}},{"type":"Polygon","arcs":[[741,742,743]],"properties":{"KEY_CODE":"282145160","PREF":"28","CITY":"214","S_AREA":"516000","PREF_NAME":"兵庫県","CITY_NAME":"宝塚市","S_NAME":"ふじガ丘","KIGO_E":null,"HCODE":8101,"AREA":116096.877,"PERIMETER":2479.707,"R2KAxx":6549,"R2KAxx_ID":6548,"KIHON1":"5160","DUMMY1":"-","KIHON2":"00","KEYCODE1":"214516000","KEYCODE2":"2145160","AREA_MAX_F":"M","KIGO_D":null,"N_KEN":null,"N_CITY":null,"KIGO_I":null,"KBSUM":18,"JINKO":648,"SETAI":255,"X_CODE":135.389582,"Y_CODE":34.837354,"KCODE1":"5160-00"}},{"type":"Polygon","arcs":[[744,-601,-608,-607,745,746,747]],"properties":{"KEY_CODE":"28214517101","PREF":"28","CITY":"214","S_AREA":"517101","PREF_NAME":"兵庫県","CITY_NAME":"宝塚市","S_NAME":"中山桜台一丁目","KIGO_E":null,"HCODE":8101,"AREA":60769.159,"PERIMETER":1307.336,"R2KAxx":6550,"R2KAxx_ID":6549,"KIHON1":"5171","DUMMY1":"-","KIHON2":"01","KEYCODE1":"214517101","KEYCODE2":"214517101","AREA_MAX_F":"M","KIGO_D":null,"N_KEN":null,"N_CITY":null,"KIGO_I":null,"KBSUM":10,"JINKO":257,"SETAI":100,"X_CODE":135.367267,"Y_CODE":34.830035,"KCODE1":"5171-01"}},{"type":"Polygon","arcs":[[748,749,750,751,-747,752,753,754]],"properties":{"KEY_CODE":"28214517102","PREF":"28","CITY":"214","S_AREA":"517102","PREF_NAME":"兵庫県","CITY_NAME":"宝塚市","S_NAME":"中山桜台二丁目","KIGO_E":null,"HCODE":8101,"AREA":157220.37,"PERIMETER":1642.998,"R2KAxx":6551,"R2KAxx_ID":6550,"KIHON1":"5171","DUMMY1":"-","KIHON2":"02","KEYCODE1":"214517102","KEYCODE2":"214517102","AREA_MAX_F":"M","KIGO_D":null,"N_KEN":null,"N_CITY":null,"KIGO_I":null,"KBSUM":32,"JINKO":777,"SETAI":340,"X_CODE":135.364985,"Y_CODE":34.832621,"KCODE1":"5171-02"}},{"type":"Polygon","arcs":[[-746,-606,755,756,-753]],"properties":{"KEY_CODE":"28214517103","PREF":"28","CITY":"214","S_AREA":"517103","PREF_NAME":"兵庫県","CITY_NAME":"宝塚市","S_NAME":"中山桜台三丁目","KIGO_E":null,"HCODE":8101,"AREA":119376.755,"PERIMETER":1958.512,"R2KAxx":6552,"R2KAxx_ID":6551,"KIHON1":"5171","DUMMY1":"-","KIHON2":"03","KEYCODE1":"214517103","KEYCODE2":"214517103","AREA_MAX_F":"M","KIGO_D":null,"N_KEN":null,"N_CITY":null,"KIGO_I":null,"KBSUM":15,"JINKO":304,"SETAI":120,"X_CODE":135.362919,"Y_CODE":34.830266,"KCODE1":"5171-03"}},{"type":"Polygon","arcs":[[757,758,-754,-757,759,760]],"properties":{"KEY_CODE":"28214517104","PREF":"28","CITY":"214","S_AREA":"517104","PREF_NAME":"兵庫県","CITY_NAME":"宝塚市","S_NAME":"中山桜台四丁目","KIGO_E":null,"HCODE":8101,"AREA":136517.033,"PERIMETER":1731.236,"R2KAxx":6553,"R2KAxx_ID":6552,"KIHON1":"5171","DUMMY1":"-","KIHON2":"04","KEYCODE1":"214517104","KEYCODE2":"214517104","AREA_MAX_F":"M","KIGO_D":null,"N_KEN":null,"N_CITY":null,"KIGO_I":null,"KBSUM":25,"JINKO":554,"SETAI":234,"X_CODE":135.361793,"Y_CODE":34.834916,"KCODE1":"5171-04"}},{"type":"Polygon","arcs":[[-759,761,762,763,764,-755]],"properties":{"KEY_CODE":"28214517105","PREF":"28","CITY":"214","S_AREA":"517105","PREF_NAME":"兵庫県","CITY_NAME":"宝塚市","S_NAME":"中山桜台五丁目","KIGO_E":null,"HCODE":8101,"AREA":96448.448,"PERIMETER":1515.619,"R2KAxx":6554,"R2KAxx_ID":6553,"KIHON1":"5171","DUMMY1":"-","KIHON2":"05","KEYCODE1":"214517105","KEYCODE2":"214517105","AREA_MAX_F":"M","KIGO_D":null,"N_KEN":null,"N_CITY":null,"KIGO_I":null,"KBSUM":9,"JINKO":537,"SETAI":242,"X_CODE":135.364744,"Y_CODE":34.836563,"KCODE1":"5171-05"}},{"type":"Polygon","arcs":[[-758,765,766,767,768,769,-762]],"properties":{"KEY_CODE":"28214517106","PREF":"28","CITY":"214","S_AREA":"517106","PREF_NAME":"兵庫県","CITY_NAME":"宝塚市","S_NAME":"中山桜台六丁目","KIGO_E":null,"HCODE":8101,"AREA":149840.236,"PERIMETER":1703.902,"R2KAxx":6555,"R2KAxx_ID":6554,"KIHON1":"5171","DUMMY1":"-","KIHON2":"06","KEYCODE1":"214517106","KEYCODE2":"214517106","AREA_MAX_F":"M","KIGO_D":null,"N_KEN":null,"N_CITY":null,"KIGO_I":null,"KBSUM":26,"JINKO":1891,"SETAI":869,"X_CODE":135.362002,"Y_CODE":34.838439,"KCODE1":"5171-06"}},{"type":"Polygon","arcs":[[770,-766,-761,771]],"properties":{"KEY_CODE":"28214517107","PREF":"28","CITY":"214","S_AREA":"517107","PREF_NAME":"兵庫県","CITY_NAME":"宝塚市","S_NAME":"中山桜台七丁目","KIGO_E":null,"HCODE":8101,"AREA":69069.98,"PERIMETER":1315.564,"R2KAxx":6556,"R2KAxx_ID":6555,"KIHON1":"5171","DUMMY1":"-","KIHON2":"07","KEYCODE1":"214517107","KEYCODE2":"214517107","AREA_MAX_F":"M","KIGO_D":null,"N_KEN":null,"N_CITY":null,"KIGO_I":null,"KBSUM":11,"JINKO":166,"SETAI":65,"X_CODE":135.35877,"Y_CODE":34.838617,"KCODE1":"5171-07"}},{"type":"Polygon","arcs":[[772,-748,-752]],"properties":{"KEY_CODE":"282145172","PREF":"28","CITY":"214","S_AREA":"517201","PREF_NAME":"兵庫県","CITY_NAME":"宝塚市","S_NAME":"中山桜台","KIGO_E":null,"HCODE":8101,"AREA":10828.417,"PERIMETER":442.476,"R2KAxx":6557,"R2KAxx_ID":6556,"KIHON1":"5172","DUMMY1":"-","KIHON2":"01","KEYCODE1":"214517201","KEYCODE2":"2145172","AREA_MAX_F":"M","KIGO_D":null,"N_KEN":null,"N_CITY":null,"KIGO_I":null,"KBSUM":1,"JINKO":175,"SETAI":1,"X_CODE":135.36811,"Y_CODE":34.830584,"KCODE1":"5172-01"}},{"type":"Polygon","arcs":[[-602,-745,-773,-751,773,774]],"properties":{"KEY_CODE":"28214518001","PREF":"28","CITY":"214","S_AREA":"518001","PREF_NAME":"兵庫県","CITY_NAME":"宝塚市","S_NAME":"中山五月台一丁目","KIGO_E":null,"HCODE":8101,"AREA":132041.174,"PERIMETER":1837.902,"R2KAxx":6558,"R2KAxx_ID":6557,"KIHON1":"5180","DUMMY1":"-","KIHON2":"01","KEYCODE1":"214518001","KEYCODE2":"214518001","AREA_MAX_F":"M","KIGO_D":null,"N_KEN":null,"N_CITY":null,"KIGO_I":null,"KBSUM":14,"JINKO":311,"SETAI":142,"X_CODE":135.370752,"Y_CODE":34.830485,"KCODE1":"5180-01"}},{"type":"Polygon","arcs":[[-774,-750,775,776]],"properties":{"KEY_CODE":"28214518002","PREF":"28","CITY":"214","S_AREA":"518002","PREF_NAME":"兵庫県","CITY_NAME":"宝塚市","S_NAME":"中山五月台二丁目","KIGO_E":null,"HCODE":8101,"AREA":68270.687,"PERIMETER":1139.693,"R2KAxx":6559,"R2KAxx_ID":6558,"KIHON1":"5180","DUMMY1":"-","KIHON2":"02","KEYCODE1":"214518002","KEYCODE2":"214518002","AREA_MAX_F":"M","KIGO_D":null,"N_KEN":null,"N_CITY":null,"KIGO_I":null,"KBSUM":18,"JINKO":424,"SETAI":179,"X_CODE":135.369085,"Y_CODE":34.833096,"KCODE1":"5180-02"}},{"type":"Polygon","arcs":[[777,-776,-749,-765,778,779]],"properties":{"KEY_CODE":"28214518003","PREF":"28","CITY":"214","S_AREA":"518003","PREF_NAME":"兵庫県","CITY_NAME":"宝塚市","S_NAME":"中山五月台三丁目","KIGO_E":null,"HCODE":8101,"AREA":94278.206,"PERIMETER":1532.102,"R2KAxx":6560,"R2KAxx_ID":6559,"KIHON1":"5180","DUMMY1":"-","KIHON2":"03","KEYCODE1":"214518003","KEYCODE2":"214518003","AREA_MAX_F":"M","KIGO_D":null,"N_KEN":null,"N_CITY":null,"KIGO_I":null,"KBSUM":26,"JINKO":731,"SETAI":306,"X_CODE":135.368563,"Y_CODE":34.835568,"KCODE1":"5180-03"}},{"type":"Polygon","arcs":[[-764,780,781,-779]],"properties":{"KEY_CODE":"28214518004","PREF":"28","CITY":"214","S_AREA":"518004","PREF_NAME":"兵庫県","CITY_NAME":"宝塚市","S_NAME":"中山五月台四丁目","KIGO_E":null,"HCODE":8101,"AREA":112421.812,"PERIMETER":1505.332,"R2KAxx":6561,"R2KAxx_ID":6560,"KIHON1":"5180","DUMMY1":"-","KIHON2":"04","KEYCODE1":"214518004","KEYCODE2":"214518004","AREA_MAX_F":"M","KIGO_D":null,"N_KEN":null,"N_CITY":null,"KIGO_I":null,"KBSUM":20,"JINKO":596,"SETAI":247,"X_CODE":135.367999,"Y_CODE":34.837698,"KCODE1":"5180-04"}},{"type":"Polygon","arcs":[[-781,-763,782,783,784]],"properties":{"KEY_CODE":"28214518005","PREF":"28","CITY":"214","S_AREA":"518005","PREF_NAME":"兵庫県","CITY_NAME":"宝塚市","S_NAME":"中山五月台五丁目","KIGO_E":null,"HCODE":8101,"AREA":100628.202,"PERIMETER":1410.213,"R2KAxx":6562,"R2KAxx_ID":6561,"KIHON1":"5180","DUMMY1":"-","KIHON2":"05","KEYCODE1":"214518005","KEYCODE2":"214518005","AREA_MAX_F":"M","KIGO_D":null,"N_KEN":null,"N_CITY":null,"KIGO_I":null,"KBSUM":15,"JINKO":937,"SETAI":487,"X_CODE":135.367228,"Y_CODE":34.83956,"KCODE1":"5180-05"}},{"type":"Polygon","arcs":[[-783,-770,785,786]],"properties":{"KEY_CODE":"28214518006","PREF":"28","CITY":"214","S_AREA":"518006","PREF_NAME":"兵庫県","CITY_NAME":"宝塚市","S_NAME":"中山五月台六丁目","KIGO_E":null,"HCODE":8101,"AREA":90156.912,"PERIMETER":1510.141,"R2KAxx":6563,"R2KAxx_ID":6562,"KIHON1":"5180","DUMMY1":"-","KIHON2":"06","KEYCODE1":"214518006","KEYCODE2":"214518006","AREA_MAX_F":"M","KIGO_D":null,"N_KEN":null,"N_CITY":null,"KIGO_I":null,"KBSUM":15,"JINKO":1543,"SETAI":739,"X_CODE":135.366337,"Y_CODE":34.841149,"KCODE1":"5180-06"}},{"type":"Polygon","arcs":[[-768,787]],"properties":{"KEY_CODE":"28214518007","PREF":"28","CITY":"214","S_AREA":"518007","PREF_NAME":"兵庫県","CITY_NAME":"宝塚市","S_NAME":"中山五月台七丁目","KIGO_E":null,"HCODE":8101,"AREA":62837.721,"PERIMETER":1239.406,"R2KAxx":6564,"R2KAxx_ID":6563,"KIHON1":"5180","DUMMY1":"-","KIHON2":"07","KEYCODE1":"214518007","KEYCODE2":"214518007","AREA_MAX_F":"M","KIGO_D":null,"N_KEN":null,"N_CITY":null,"KIGO_I":null,"KBSUM":10,"JINKO":1069,"SETAI":477,"X_CODE":135.360515,"Y_CODE":34.841615,"KCODE1":"5180-07"}},{"type":"Polygon","arcs":[[788,789,-648,-650,-646,-587,790,791,792,793]],"properties":{"KEY_CODE":"28214519001","PREF":"28","CITY":"214","S_AREA":"519001","PREF_NAME":"兵庫県","CITY_NAME":"宝塚市","S_NAME":"山手台西一丁目","KIGO_E":null,"HCODE":8101,"AREA":109745.144,"PERIMETER":1692.244,"R2KAxx":6565,"R2KAxx_ID":6564,"KIHON1":"5190","DUMMY1":"-","KIHON2":"01","KEYCODE1":"214519001","KEYCODE2":"214519001","AREA_MAX_F":"M","KIGO_D":null,"N_KEN":null,"N_CITY":null,"KIGO_I":null,"KBSUM":9,"JINKO":137,"SETAI":52,"X_CODE":135.377065,"Y_CODE":34.827417,"KCODE1":"5190-01"}},{"type":"Polygon","arcs":[[-792,794,795,796,797]],"properties":{"KEY_CODE":"28214519002","PREF":"28","CITY":"214","S_AREA":"519002","PREF_NAME":"兵庫県","CITY_NAME":"宝塚市","S_NAME":"山手台西二丁目","KIGO_E":null,"HCODE":8101,"AREA":155555.478,"PERIMETER":1588.174,"R2KAxx":6566,"R2KAxx_ID":6565,"KIHON1":"5190","DUMMY1":"-","KIHON2":"02","KEYCODE1":"214519002","KEYCODE2":"214519002","AREA_MAX_F":"M","KIGO_D":null,"N_KEN":null,"N_CITY":null,"KIGO_I":null,"KBSUM":34,"JINKO":917,"SETAI":356,"X_CODE":135.375808,"Y_CODE":34.830616,"KCODE1":"5190-02"}},{"type":"Polygon","arcs":[[-796,798,799,800,801,802]],"properties":{"KEY_CODE":"28214519003","PREF":"28","CITY":"214","S_AREA":"519003","PREF_NAME":"兵庫県","CITY_NAME":"宝塚市","S_NAME":"山手台西三丁目","KIGO_E":null,"HCODE":8101,"AREA":129312.744,"PERIMETER":1481.103,"R2KAxx":6567,"R2KAxx_ID":6566,"KIHON1":"5190","DUMMY1":"-","KIHON2":"03","KEYCODE1":"214519003","KEYCODE2":"214519003","AREA_MAX_F":"M","KIGO_D":null,"N_KEN":null,"N_CITY":null,"KIGO_I":null,"KBSUM":1,"JINKO":0,"SETAI":0,"X_CODE":135.37539,"Y_CODE":34.833805,"KCODE1":"5190-03"}},{"type":"Polygon","arcs":[[-801,803]],"properties":{"KEY_CODE":"282145191","PREF":"28","CITY":"214","S_AREA":"519104","PREF_NAME":"兵庫県","CITY_NAME":"宝塚市","S_NAME":"山手台西","KIGO_E":null,"HCODE":8101,"AREA":22912.431,"PERIMETER":639.021,"R2KAxx":6568,"R2KAxx_ID":6567,"KIHON1":"5191","DUMMY1":"-","KIHON2":"04","KEYCODE1":"214519104","KEYCODE2":"2145191","AREA_MAX_F":"M","KIGO_D":null,"N_KEN":null,"N_CITY":null,"KIGO_I":null,"KBSUM":3,"JINKO":256,"SETAI":150,"X_CODE":135.373592,"Y_CODE":34.835778,"KCODE1":"5191-04"}},{"type":"Polygon","arcs":[[804,805,-802,-804,-800,806,-780,-782,-785,807]],"properties":{"KEY_CODE":"282145192","PREF":"28","CITY":"214","S_AREA":"519204","PREF_NAME":"兵庫県","CITY_NAME":"宝塚市","S_NAME":"山手台西","KIGO_E":null,"HCODE":8101,"AREA":154965.611,"PERIMETER":2349.642,"R2KAxx":6569,"R2KAxx_ID":6568,"KIHON1":"5192","DUMMY1":"-","KIHON2":"04","KEYCODE1":"214519204","KEYCODE2":"2145192","AREA_MAX_F":"M","KIGO_D":null,"N_KEN":null,"N_CITY":null,"KIGO_I":null,"KBSUM":31,"JINKO":1317,"SETAI":369,"X_CODE":135.373194,"Y_CODE":34.837323,"KCODE1":"5192-04"}},{"type":"Polygon","arcs":[[808,-652,-636,809,810,811]],"properties":{"KEY_CODE":"28214520001","PREF":"28","CITY":"214","S_AREA":"520001","PREF_NAME":"兵庫県","CITY_NAME":"宝塚市","S_NAME":"山手台東一丁目","KIGO_E":"E2","HCODE":8101,"AREA":15937.86,"PERIMETER":540.294,"R2KAxx":6570,"R2KAxx_ID":6569,"KIHON1":"5200","DUMMY1":"-","KIHON2":"01","KEYCODE1":"214520001","KEYCODE2":"214520001","AREA_MAX_F":null,"KIGO_D":null,"N_KEN":null,"N_CITY":null,"KIGO_I":null,"KBSUM":0,"JINKO":0,"SETAI":0,"X_CODE":135.382402,"Y_CODE":34.824729,"KCODE1":"5200-01"}},{"type":"Polygon","arcs":[[812,813,814,815,816]],"properties":{"KEY_CODE":"28214520001","PREF":"28","CITY":"214","S_AREA":"520001","PREF_NAME":"兵庫県","CITY_NAME":"宝塚市","S_NAME":"山手台東一丁目","KIGO_E":"E1","HCODE":8101,"AREA":79701.387,"PERIMETER":1945.054,"R2KAxx":6573,"R2KAxx_ID":6572,"KIHON1":"5200","DUMMY1":"-","KIHON2":"01","KEYCODE1":"214520001","KEYCODE2":"214520001","AREA_MAX_F":"M","KIGO_D":null,"N_KEN":null,"N_CITY":null,"KIGO_I":null,"KBSUM":21,"JINKO":1133,"SETAI":369,"X_CODE":135.382003,"Y_CODE":34.827169,"KCODE1":"5200-01"}},{"type":"Polygon","arcs":[[-793,817,818]],"properties":{"KEY_CODE":"28214520001","PREF":"28","CITY":"214","S_AREA":"520001","PREF_NAME":"兵庫県","CITY_NAME":"宝塚市","S_NAME":"山手台東一丁目","KIGO_E":"E4","HCODE":8101,"AREA":1266.938,"PERIMETER":172.055,"R2KAxx":6572,"R2KAxx_ID":6571,"KIHON1":"5200","DUMMY1":"-","KIHON2":"01","KEYCODE1":"214520001","KEYCODE2":"214520001","AREA_MAX_F":null,"KIGO_D":null,"N_KEN":null,"N_CITY":null,"KIGO_I":null,"KBSUM":0,"JINKO":0,"SETAI":0,"X_CODE":135.378664,"Y_CODE":34.828974,"KCODE1":"5200-01"}},{"type":"Polygon","arcs":[[-789,819]],"properties":{"KEY_CODE":"28214520001","PREF":"28","CITY":"214","S_AREA":"520001","PREF_NAME":"兵庫県","CITY_NAME":"宝塚市","S_NAME":"山手台東一丁目","KIGO_E":"E3","HCODE":8101,"AREA":1463.358,"PERIMETER":158.541,"R2KAxx":6571,"R2KAxx_ID":6570,"KIHON1":"5200","DUMMY1":"-","KIHON2":"01","KEYCODE1":"214520001","KEYCODE2":"214520001","AREA_MAX_F":null,"KIGO_D":null,"N_KEN":null,"N_CITY":null,"KIGO_I":null,"KBSUM":0,"JINKO":0,"SETAI":0,"X_CODE":135.378729,"Y_CODE":34.828284,"KCODE1":"5200-01"}},{"type":"Polygon","arcs":[[820,821,-797,-803,-806,822]],"properties":{"KEY_CODE":"28214520003","PREF":"28","CITY":"214","S_AREA":"520003","PREF_NAME":"兵庫県","CITY_NAME":"宝塚市","S_NAME":"山手台東三丁目","KIGO_E":null,"HCODE":8101,"AREA":187769.342,"PERIMETER":2579.376,"R2KAxx":6574,"R2KAxx_ID":6573,"KIHON1":"5200","DUMMY1":"-","KIHON2":"03","KEYCODE1":"214520003","KEYCODE2":"214520003","AREA_MAX_F":"M","KIGO_D":null,"N_KEN":null,"N_CITY":null,"KIGO_I":null,"KBSUM":23,"JINKO":664,"SETAI":195,"X_CODE":135.379141,"Y_CODE":34.835111,"KCODE1":"5200-03"}},{"type":"Polygon","arcs":[[-823,-805,823,824,825,826]],"properties":{"KEY_CODE":"28214520004","PREF":"28","CITY":"214","S_AREA":"520004","PREF_NAME":"兵庫県","CITY_NAME":"宝塚市","S_NAME":"山手台東四丁目","KIGO_E":null,"HCODE":8101,"AREA":329035.363,"PERIMETER":2909.399,"R2KAxx":6575,"R2KAxx_ID":6574,"KIHON1":"5200","DUMMY1":"-","KIHON2":"04","KEYCODE1":"214520004","KEYCODE2":"214520004","AREA_MAX_F":"M","KIGO_D":null,"N_KEN":null,"N_CITY":null,"KIGO_I":null,"KBSUM":27,"JINKO":37,"SETAI":11,"X_CODE":135.379499,"Y_CODE":34.838414,"KCODE1":"5200-04"}},{"type":"Polygon","arcs":[[-826,824,-824,-808,-784,-787,827,828],[829,830]],"properties":{"KEY_CODE":"28214520005","PREF":"28","CITY":"214","S_AREA":"520005","PREF_NAME":"兵庫県","CITY_NAME":"宝塚市","S_NAME":"山手台東五丁目","KIGO_E":null,"HCODE":8101,"AREA":416518.311,"PERIMETER":3774.101,"R2KAxx":6576,"R2KAxx_ID":6575,"KIHON1":"5200","DUMMY1":"-","KIHON2":"05","KEYCODE1":"214520005","KEYCODE2":"214520005","AREA_MAX_F":"M","KIGO_D":null,"N_KEN":null,"N_CITY":null,"KIGO_I":null,"KBSUM":30,"JINKO":1346,"SETAI":381,"X_CODE":135.372893,"Y_CODE":34.84214,"KCODE1":"5200-05"}},{"type":"Polygon","arcs":[[831]],"properties":{"KEY_CODE":"28214520101","PREF":"28","CITY":"214","S_AREA":"520101","PREF_NAME":"兵庫県","CITY_NAME":"宝塚市","S_NAME":"山手台東一丁目","KIGO_E":"E3","HCODE":8101,"AREA":5277.81,"PERIMETER":356.655,"R2KAxx":6578,"R2KAxx_ID":6577,"KIHON1":"5201","DUMMY1":"-","KIHON2":"01","KEYCODE1":"214520101","KEYCODE2":"214520101","AREA_MAX_F":null,"KIGO_D":null,"N_KEN":null,"N_CITY":null,"KIGO_I":null,"KBSUM":0,"JINKO":0,"SETAI":0,"X_CODE":135.384892,"Y_CODE":34.824645,"KCODE1":"5201-01"}},{"type":"Polygon","arcs":[[-653,-809,832]],"properties":{"KEY_CODE":"28214520101","PREF":"28","CITY":"214","S_AREA":"520101","PREF_NAME":"兵庫県","CITY_NAME":"宝塚市","S_NAME":"山手台東一丁目","KIGO_E":"E1","HCODE":8101,"AREA":2666.478,"PERIMETER":215.201,"R2KAxx":6577,"R2KAxx_ID":6576,"KIHON1":"5201","DUMMY1":"-","KIHON2":"01","KEYCODE1":"214520101","KEYCODE2":"214520101","AREA_MAX_F":null,"KIGO_D":null,"N_KEN":null,"N_CITY":null,"KIGO_I":null,"KBSUM":3,"JINKO":82,"SETAI":29,"X_CODE":135.383784,"Y_CODE":34.824318,"KCODE1":"5201-01"}},{"type":"Polygon","arcs":[[833,-811,834,-813]],"properties":{"KEY_CODE":"28214520101","PREF":"28","CITY":"214","S_AREA":"520101","PREF_NAME":"兵庫県","CITY_NAME":"宝塚市","S_NAME":"山手台東一丁目","KIGO_E":"E2","HCODE":8101,"AREA":13729.34,"PERIMETER":536.225,"R2KAxx":6579,"R2KAxx_ID":6578,"KIHON1":"5201","DUMMY1":"-","KIHON2":"01","KEYCODE1":"214520101","KEYCODE2":"214520101","AREA_MAX_F":"M","KIGO_D":null,"N_KEN":null,"N_CITY":null,"KIGO_I":null,"KBSUM":0,"JINKO":0,"SETAI":0,"X_CODE":135.382927,"Y_CODE":34.825312,"KCODE1":"5201-01"}},{"type":"Polygon","arcs":[[-815,835,-818,-798,836]],"properties":{"KEY_CODE":"28214520102","PREF":"28","CITY":"214","S_AREA":"520102","PREF_NAME":"兵庫県","CITY_NAME":"宝塚市","S_NAME":"山手台東二丁目","KIGO_E":null,"HCODE":8101,"AREA":57255.669,"PERIMETER":1095.382,"R2KAxx":6580,"R2KAxx_ID":6579,"KIHON1":"5201","DUMMY1":"-","KIHON2":"02","KEYCODE1":"214520102","KEYCODE2":"214520102","AREA_MAX_F":"M","KIGO_D":null,"N_KEN":null,"N_CITY":null,"KIGO_I":null,"KBSUM":15,"JINKO":489,"SETAI":167,"X_CODE":135.379102,"Y_CODE":34.830571,"KCODE1":"5201-02"}},{"type":"Polygon","arcs":[[-831,837]],"properties":{"KEY_CODE":"28214520105","PREF":"28","CITY":"214","S_AREA":"520105","PREF_NAME":"兵庫県","CITY_NAME":"宝塚市","S_NAME":"山手台東五丁目","KIGO_E":null,"HCODE":8101,"AREA":9059.407,"PERIMETER":430.085,"R2KAxx":6581,"R2KAxx_ID":6580,"KIHON1":"5201","DUMMY1":"-","KIHON2":"05","KEYCODE1":"214520105","KEYCODE2":"214520105","AREA_MAX_F":"M","KIGO_D":null,"N_KEN":null,"N_CITY":null,"KIGO_I":null,"KBSUM":2,"JINKO":106,"SETAI":27,"X_CODE":135.371187,"Y_CODE":34.84139,"KCODE1":"5201-05"}},{"type":"Polygon","arcs":[[-672,-654,-833,-812,-834,-817,838,839],[-832]],"properties":{"KEY_CODE":"28214520201","PREF":"28","CITY":"214","S_AREA":"520201","PREF_NAME":"兵庫県","CITY_NAME":"宝塚市","S_NAME":"山手台東一丁目","KIGO_E":"E1","HCODE":8101,"AREA":91095.836,"PERIMETER":2736.93,"R2KAxx":6583,"R2KAxx_ID":6582,"KIHON1":"5202","DUMMY1":"-","KIHON2":"01","KEYCODE1":"214520201","KEYCODE2":"214520201","AREA_MAX_F":"M","KIGO_D":null,"N_KEN":null,"N_CITY":null,"KIGO_I":null,"KBSUM":2,"JINKO":0,"SETAI":0,"X_CODE":135.385314,"Y_CODE":34.826533,"KCODE1":"5202-01"}},{"type":"Polygon","arcs":[[-835,-810,-635,-644,-649,-790,-820,-794,-819,-836,-814]],"properties":{"KEY_CODE":"28214520201","PREF":"28","CITY":"214","S_AREA":"520201","PREF_NAME":"兵庫県","CITY_NAME":"宝塚市","S_NAME":"山手台東一丁目","KIGO_E":"E2","HCODE":8101,"AREA":47959.485,"PERIMETER":1385.913,"R2KAxx":6582,"R2KAxx_ID":6581,"KIHON1":"5202","DUMMY1":"-","KIHON2":"01","KEYCODE1":"214520201","KEYCODE2":"214520201","AREA_MAX_F":null,"KIGO_D":null,"N_KEN":null,"N_CITY":null,"KIGO_I":null,"KBSUM":0,"JINKO":0,"SETAI":0,"X_CODE":135.380009,"Y_CODE":34.827312,"KCODE1":"5202-01"}},{"type":"Polygon","arcs":[[840,-839,-816,-837,-822]],"properties":{"KEY_CODE":"28214520202","PREF":"28","CITY":"214","S_AREA":"520202","PREF_NAME":"兵庫県","CITY_NAME":"宝塚市","S_NAME":"山手台東二丁目","KIGO_E":null,"HCODE":8101,"AREA":47369.266,"PERIMETER":1491.729,"R2KAxx":6584,"R2KAxx_ID":6583,"KIHON1":"5202","DUMMY1":"-","KIHON2":"02","KEYCODE1":"214520202","KEYCODE2":"214520202","AREA_MAX_F":"M","KIGO_D":null,"N_KEN":null,"N_CITY":null,"KIGO_I":null,"KBSUM":1,"JINKO":0,"SETAI":0,"X_CODE":135.379789,"Y_CODE":34.831563,"KCODE1":"5202-02"}},{"type":"Polygon","arcs":[[-838,-830]],"properties":{"KEY_CODE":"28214520205","PREF":"28","CITY":"214","S_AREA":"520205","PREF_NAME":"兵庫県","CITY_NAME":"宝塚市","S_NAME":"山手台東五丁目","KIGO_E":null,"HCODE":8101,"AREA":8742.345,"PERIMETER":581.922,"R2KAxx":6585,"R2KAxx_ID":6584,"KIHON1":"5202","DUMMY1":"-","KIHON2":"05","KEYCODE1":"214520205","KEYCODE2":"214520205","AREA_MAX_F":"M","KIGO_D":null,"N_KEN":null,"N_CITY":null,"KIGO_I":null,"KBSUM":1,"JINKO":0,"SETAI":0,"X_CODE":135.371464,"Y_CODE":34.841121,"KCODE1":"5202-05"}},{"type":"Polygon","arcs":[[841,842]],"properties":{"KEY_CODE":"282145210","PREF":"28","CITY":"214","S_AREA":"521001","PREF_NAME":"兵庫県","CITY_NAME":"宝塚市","S_NAME":"花屋敷緑ガ丘","KIGO_E":null,"HCODE":8101,"AREA":53760.55,"PERIMETER":1067.332,"R2KAxx":6586,"R2KAxx_ID":6585,"KIHON1":"5210","DUMMY1":"-","KIHON2":"01","KEYCODE1":"214521001","KEYCODE2":"2145210","AREA_MAX_F":"M","KIGO_D":null,"N_KEN":null,"N_CITY":null,"KIGO_I":null,"KBSUM":1,"JINKO":0,"SETAI":0,"X_CODE":135.402338,"Y_CODE":34.844328,"KCODE1":"5210-01"}},{"type":"Polygon","arcs":[[843,-66,-62,-532,844,845,846,847,848]],"properties":{"KEY_CODE":"282146010","PREF":"28","CITY":"214","S_AREA":"601000","PREF_NAME":"兵庫県","CITY_NAME":"宝塚市","S_NAME":"今里町","KIGO_E":null,"HCODE":8101,"AREA":86939.997,"PERIMETER":1405.805,"R2KAxx":6587,"R2KAxx_ID":6586,"KIHON1":"6010","DUMMY1":"-","KIHON2":"00","KEYCODE1":"214601000","KEYCODE2":"2146010","AREA_MAX_F":"M","KIGO_D":null,"N_KEN":null,"N_CITY":null,"KIGO_I":null,"KBSUM":21,"JINKO":970,"SETAI":401,"X_CODE":135.370447,"Y_CODE":34.814718,"KCODE1":"6010-00"}},{"type":"Polygon","arcs":[[849,-535,-562,-573,850]],"properties":{"KEY_CODE":"28214602101","PREF":"28","CITY":"214","S_AREA":"602101","PREF_NAME":"兵庫県","CITY_NAME":"宝塚市","S_NAME":"中筋一丁目","KIGO_E":null,"HCODE":8101,"AREA":99565.662,"PERIMETER":1384.428,"R2KAxx":6588,"R2KAxx_ID":6587,"KIHON1":"6021","DUMMY1":"-","KIHON2":"01","KEYCODE1":"214602101","KEYCODE2":"214602101","AREA_MAX_F":"M","KIGO_D":null,"N_KEN":null,"N_CITY":null,"KIGO_I":null,"KBSUM":12,"JINKO":662,"SETAI":296,"X_CODE":135.37263,"Y_CODE":34.819399,"KCODE1":"6021-01"}},{"type":"Polygon","arcs":[[-616,851,852,-851,-577]],"properties":{"KEY_CODE":"28214602102","PREF":"28","CITY":"214","S_AREA":"602102","PREF_NAME":"兵庫県","CITY_NAME":"宝塚市","S_NAME":"中筋二丁目","KIGO_E":null,"HCODE":8101,"AREA":68871.908,"PERIMETER":1312.049,"R2KAxx":6589,"R2KAxx_ID":6588,"KIHON1":"6021","DUMMY1":"-","KIHON2":"02","KEYCODE1":"214602102","KEYCODE2":"214602102","AREA_MAX_F":"M","KIGO_D":null,"N_KEN":null,"N_CITY":null,"KIGO_I":null,"KBSUM":14,"JINKO":1040,"SETAI":346,"X_CODE":135.376528,"Y_CODE":34.819614,"KCODE1":"6021-02"}},{"type":"Polygon","arcs":[[853,-624,854,855,856,857,858,-853]],"properties":{"KEY_CODE":"28214602103","PREF":"28","CITY":"214","S_AREA":"602103","PREF_NAME":"兵庫県","CITY_NAME":"宝塚市","S_NAME":"中筋三丁目","KIGO_E":"E1","HCODE":8101,"AREA":62944.856,"PERIMETER":1768.077,"R2KAxx":6592,"R2KAxx_ID":6591,"KIHON1":"6021","DUMMY1":"-","KIHON2":"03","KEYCODE1":"214602103","KEYCODE2":"214602103","AREA_MAX_F":"M","KIGO_D":null,"N_KEN":null,"N_CITY":null,"KIGO_I":null,"KBSUM":9,"JINKO":295,"SETAI":122,"X_CODE":135.37669,"Y_CODE":34.817428,"KCODE1":"6021-03"}},{"type":"Polygon","arcs":[[859]],"properties":{"KEY_CODE":"28214602103","PREF":"28","CITY":"214","S_AREA":"602103","PREF_NAME":"兵庫県","CITY_NAME":"宝塚市","S_NAME":"中筋三丁目","KIGO_E":"E3","HCODE":8101,"AREA":4803.964,"PERIMETER":308.39,"R2KAxx":6591,"R2KAxx_ID":6590,"KIHON1":"6021","DUMMY1":"-","KIHON2":"03","KEYCODE1":"214602103","KEYCODE2":"214602103","AREA_MAX_F":null,"KIGO_D":null,"N_KEN":null,"N_CITY":null,"KIGO_I":null,"KBSUM":0,"JINKO":0,"SETAI":0,"X_CODE":135.378071,"Y_CODE":34.818101,"KCODE1":"6021-03"}},{"type":"Polygon","arcs":[[860,-626]],"properties":{"KEY_CODE":"28214602103","PREF":"28","CITY":"214","S_AREA":"602103","PREF_NAME":"兵庫県","CITY_NAME":"宝塚市","S_NAME":"中筋三丁目","KIGO_E":"E2","HCODE":8101,"AREA":653.4,"PERIMETER":102.263,"R2KAxx":6590,"R2KAxx_ID":6589,"KIHON1":"6021","DUMMY1":"-","KIHON2":"03","KEYCODE1":"214602103","KEYCODE2":"214602103","AREA_MAX_F":null,"KIGO_D":null,"N_KEN":null,"N_CITY":null,"KIGO_I":null,"KBSUM":0,"JINKO":0,"SETAI":0,"X_CODE":135.379793,"Y_CODE":34.817099,"KCODE1":"6021-03"}},{"type":"Polygon","arcs":[[861,862,-845,-531,-850,-859]],"properties":{"KEY_CODE":"28214602104","PREF":"28","CITY":"214","S_AREA":"602104","PREF_NAME":"兵庫県","CITY_NAME":"宝塚市","S_NAME":"中筋四丁目","KIGO_E":null,"HCODE":8101,"AREA":62125.002,"PERIMETER":1306.039,"R2KAxx":6593,"R2KAxx_ID":6592,"KIHON1":"6021","DUMMY1":"-","KIHON2":"04","KEYCODE1":"214602104","KEYCODE2":"214602104","AREA_MAX_F":"M","KIGO_D":null,"N_KEN":null,"N_CITY":null,"KIGO_I":null,"KBSUM":10,"JINKO":418,"SETAI":202,"X_CODE":135.373275,"Y_CODE":34.817407,"KCODE1":"6021-04"}},{"type":"Polygon","arcs":[[-847,863]],"properties":{"KEY_CODE":"28214602105","PREF":"28","CITY":"214","S_AREA":"602105","PREF_NAME":"兵庫県","CITY_NAME":"宝塚市","S_NAME":"中筋五丁目","KIGO_E":"E2","HCODE":8101,"AREA":646.228,"PERIMETER":105.799,"R2KAxx":6594,"R2KAxx_ID":6593,"KIHON1":"6021","DUMMY1":"-","KIHON2":"05","KEYCODE1":"214602105","KEYCODE2":"214602105","AREA_MAX_F":null,"KIGO_D":null,"N_KEN":null,"N_CITY":null,"KIGO_I":null,"KBSUM":0,"JINKO":0,"SETAI":0,"X_CODE":135.371759,"Y_CODE":34.814651,"KCODE1":"6021-05"}},{"type":"Polygon","arcs":[[-858,864,865,866,867,868,-862]],"properties":{"KEY_CODE":"28214602105","PREF":"28","CITY":"214","S_AREA":"602105","PREF_NAME":"兵庫県","CITY_NAME":"宝塚市","S_NAME":"中筋五丁目","KIGO_E":"E1","HCODE":8101,"AREA":75272.146,"PERIMETER":1315.353,"R2KAxx":6595,"R2KAxx_ID":6594,"KIHON1":"6021","DUMMY1":"-","KIHON2":"05","KEYCODE1":"214602105","KEYCODE2":"214602105","AREA_MAX_F":"M","KIGO_D":null,"N_KEN":null,"N_CITY":null,"KIGO_I":null,"KBSUM":17,"JINKO":428,"SETAI":191,"X_CODE":135.374208,"Y_CODE":34.815601,"KCODE1":"6021-05"}},{"type":"Polygon","arcs":[[869,870,871,-865,-857,872,873,874]],"properties":{"KEY_CODE":"28214602106","PREF":"28","CITY":"214","S_AREA":"602106","PREF_NAME":"兵庫県","CITY_NAME":"宝塚市","S_NAME":"中筋六丁目","KIGO_E":null,"HCODE":8101,"AREA":88857.649,"PERIMETER":1309.672,"R2KAxx":6596,"R2KAxx_ID":6595,"KIHON1":"6021","DUMMY1":"-","KIHON2":"06","KEYCODE1":"214602106","KEYCODE2":"214602106","AREA_MAX_F":"M","KIGO_D":null,"N_KEN":null,"N_CITY":null,"KIGO_I":null,"KBSUM":18,"JINKO":497,"SETAI":236,"X_CODE":135.377839,"Y_CODE":34.814989,"KCODE1":"6021-06"}},{"type":"Polygon","arcs":[[875]],"properties":{"KEY_CODE":"28214602107","PREF":"28","CITY":"214","S_AREA":"602107","PREF_NAME":"兵庫県","CITY_NAME":"宝塚市","S_NAME":"中筋七丁目","KIGO_E":"E2","HCODE":8101,"AREA":689.633,"PERIMETER":104.896,"R2KAxx":6597,"R2KAxx_ID":6596,"KIHON1":"6021","DUMMY1":"-","KIHON2":"07","KEYCODE1":"214602107","KEYCODE2":"214602107","AREA_MAX_F":null,"KIGO_D":null,"N_KEN":null,"N_CITY":null,"KIGO_I":null,"KBSUM":0,"JINKO":0,"SETAI":0,"X_CODE":135.380348,"Y_CODE":34.812766,"KCODE1":"6021-07"}},{"type":"Polygon","arcs":[[876,877,878,-871,879]],"properties":{"KEY_CODE":"28214602107","PREF":"28","CITY":"214","S_AREA":"602107","PREF_NAME":"兵庫県","CITY_NAME":"宝塚市","S_NAME":"中筋七丁目","KIGO_E":"E1","HCODE":8101,"AREA":73229.18,"PERIMETER":1186.144,"R2KAxx":6599,"R2KAxx_ID":6598,"KIHON1":"6021","DUMMY1":"-","KIHON2":"07","KEYCODE1":"214602107","KEYCODE2":"214602107","AREA_MAX_F":"M","KIGO_D":null,"N_KEN":null,"N_CITY":null,"KIGO_I":null,"KBSUM":13,"JINKO":429,"SETAI":148,"X_CODE":135.3784,"Y_CODE":34.812845,"KCODE1":"6021-07"}},{"type":"Polygon","arcs":[[880,881,882]],"properties":{"KEY_CODE":"28214602107","PREF":"28","CITY":"214","S_AREA":"602107","PREF_NAME":"兵庫県","CITY_NAME":"宝塚市","S_NAME":"中筋七丁目","KIGO_E":"E3","HCODE":8101,"AREA":3777.429,"PERIMETER":289.884,"R2KAxx":6598,"R2KAxx_ID":6597,"KIHON1":"6021","DUMMY1":"-","KIHON2":"07","KEYCODE1":"214602107","KEYCODE2":"214602107","AREA_MAX_F":null,"KIGO_D":null,"N_KEN":null,"N_CITY":null,"KIGO_I":null,"KBSUM":0,"JINKO":0,"SETAI":0,"X_CODE":135.381045,"Y_CODE":34.812991,"KCODE1":"6021-07"}},{"type":"Polygon","arcs":[[-872,-879,883,-849,884,-866]],"properties":{"KEY_CODE":"28214602108","PREF":"28","CITY":"214","S_AREA":"602108","PREF_NAME":"兵庫県","CITY_NAME":"宝塚市","S_NAME":"中筋八丁目","KIGO_E":null,"HCODE":8101,"AREA":129717.605,"PERIMETER":1531.279,"R2KAxx":6600,"R2KAxx_ID":6599,"KIHON1":"6021","DUMMY1":"-","KIHON2":"08","KEYCODE1":"214602108","KEYCODE2":"214602108","AREA_MAX_F":"M","KIGO_D":null,"N_KEN":null,"N_CITY":null,"KIGO_I":null,"KBSUM":23,"JINKO":611,"SETAI":230,"X_CODE":135.374301,"Y_CODE":34.813126,"KCODE1":"6021-08"}},{"type":"Polygon","arcs":[[885,-137,-71,-844,-884,-878]],"properties":{"KEY_CODE":"28214602109","PREF":"28","CITY":"214","S_AREA":"602109","PREF_NAME":"兵庫県","CITY_NAME":"宝塚市","S_NAME":"中筋九丁目","KIGO_E":null,"HCODE":8101,"AREA":51216.094,"PERIMETER":1284.807,"R2KAxx":6601,"R2KAxx_ID":6600,"KIHON1":"6021","DUMMY1":"-","KIHON2":"09","KEYCODE1":"214602109","KEYCODE2":"214602109","AREA_MAX_F":"M","KIGO_D":null,"N_KEN":null,"N_CITY":null,"KIGO_I":null,"KBSUM":9,"JINKO":767,"SETAI":296,"X_CODE":135.373628,"Y_CODE":34.811446,"KCODE1":"6021-09"}},{"type":"Polygon","arcs":[[-615,-628,886,-852]],"properties":{"KEY_CODE":"28214602202","PREF":"28","CITY":"214","S_AREA":"602202","PREF_NAME":"兵庫県","CITY_NAME":"宝塚市","S_NAME":"中筋二丁目","KIGO_E":null,"HCODE":8101,"AREA":11294.984,"PERIMETER":628.817,"R2KAxx":6602,"R2KAxx_ID":6601,"KIHON1":"6022","DUMMY1":"-","KIHON2":"02","KEYCODE1":"214602202","KEYCODE2":"214602202","AREA_MAX_F":"M","KIGO_D":null,"N_KEN":null,"N_CITY":null,"KIGO_I":null,"KBSUM":3,"JINKO":32,"SETAI":8,"X_CODE":135.378247,"Y_CODE":34.818861,"KCODE1":"6022-02"}},{"type":"Polygon","arcs":[[-887,-627,-861,-625,-854],[-860]],"properties":{"KEY_CODE":"28214602203","PREF":"28","CITY":"214","S_AREA":"602203","PREF_NAME":"兵庫県","CITY_NAME":"宝塚市","S_NAME":"中筋三丁目","KIGO_E":null,"HCODE":8101,"AREA":37688.533,"PERIMETER":1517.632,"R2KAxx":6603,"R2KAxx_ID":6602,"KIHON1":"6022","DUMMY1":"-","KIHON2":"03","KEYCODE1":"214602203","KEYCODE2":"214602203","AREA_MAX_F":"M","KIGO_D":null,"N_KEN":null,"N_CITY":null,"KIGO_I":null,"KBSUM":1,"JINKO":42,"SETAI":26,"X_CODE":135.37882,"Y_CODE":34.817406,"KCODE1":"6022-03"}},{"type":"Polygon","arcs":[[-869,867,-867,-885,-848,-864,-846,-863]],"properties":{"KEY_CODE":"28214602205","PREF":"28","CITY":"214","S_AREA":"602205","PREF_NAME":"兵庫県","CITY_NAME":"宝塚市","S_NAME":"中筋五丁目","KIGO_E":null,"HCODE":8101,"AREA":33010.029,"PERIMETER":1109.101,"R2KAxx":6604,"R2KAxx_ID":6603,"KIHON1":"6022","DUMMY1":"-","KIHON2":"05","KEYCODE1":"214602205","KEYCODE2":"214602205","AREA_MAX_F":"M","KIGO_D":null,"N_KEN":null,"N_CITY":null,"KIGO_I":null,"KBSUM":1,"JINKO":59,"SETAI":25,"X_CODE":135.371946,"Y_CODE":34.815507,"KCODE1":"6022-05"}},{"type":"Polygon","arcs":[[-883,887,-880,-870,888],[-876]],"properties":{"KEY_CODE":"28214602207","PREF":"28","CITY":"214","S_AREA":"602207","PREF_NAME":"兵庫県","CITY_NAME":"宝塚市","S_NAME":"中筋七丁目","KIGO_E":null,"HCODE":8101,"AREA":13960.237,"PERIMETER":798.294,"R2KAxx":6605,"R2KAxx_ID":6604,"KIHON1":"6022","DUMMY1":"-","KIHON2":"07","KEYCODE1":"214602207","KEYCODE2":"214602207","AREA_MAX_F":"M","KIGO_D":null,"N_KEN":null,"N_CITY":null,"KIGO_I":null,"KBSUM":1,"JINKO":122,"SETAI":48,"X_CODE":135.380515,"Y_CODE":34.813227,"KCODE1":"6022-07"}},{"type":"Polygon","arcs":[[889,890,891,892,-881,-889,-875,893,-622],[894]],"properties":{"KEY_CODE":"282146030","PREF":"28","CITY":"214","S_AREA":"603000","PREF_NAME":"兵庫県","CITY_NAME":"宝塚市","S_NAME":"長尾町","KIGO_E":"E1","HCODE":8101,"AREA":59037.792,"PERIMETER":1609.03,"R2KAxx":6606,"R2KAxx_ID":6605,"KIHON1":"6030","DUMMY1":"-","KIHON2":"00","KEYCODE1":"214603000","KEYCODE2":"2146030","AREA_MAX_F":"M","KIGO_D":null,"N_KEN":null,"N_CITY":null,"KIGO_I":null,"KBSUM":10,"JINKO":659,"SETAI":250,"X_CODE":135.381783,"Y_CODE":34.81448,"KCODE1":"6030-00"}},{"type":"Polygon","arcs":[[-620,895]],"properties":{"KEY_CODE":"282146030","PREF":"28","CITY":"214","S_AREA":"603000","PREF_NAME":"兵庫県","CITY_NAME":"宝塚市","S_NAME":"長尾町","KIGO_E":"E2","HCODE":8101,"AREA":3648.477,"PERIMETER":258.927,"R2KAxx":6607,"R2KAxx_ID":6606,"KIHON1":"6030","DUMMY1":"-","KIHON2":"00","KEYCODE1":"214603000","KEYCODE2":"2146030","AREA_MAX_F":null,"KIGO_D":null,"N_KEN":null,"N_CITY":null,"KIGO_I":null,"KBSUM":0,"JINKO":0,"SETAI":0,"X_CODE":135.383147,"Y_CODE":34.816018,"KCODE1":"6030-00"}},{"type":"Polygon","arcs":[[896,897,-891,898,899]],"properties":{"KEY_CODE":"282146031","PREF":"28","CITY":"214","S_AREA":"603100","PREF_NAME":"兵庫県","CITY_NAME":"宝塚市","S_NAME":"長尾町","KIGO_E":"E1","HCODE":8101,"AREA":8461.064,"PERIMETER":409.851,"R2KAxx":6608,"R2KAxx_ID":6607,"KIHON1":"6031","DUMMY1":"-","KIHON2":"00","KEYCODE1":"214603100","KEYCODE2":"2146031","AREA_MAX_F":"M","KIGO_D":null,"N_KEN":null,"N_CITY":null,"KIGO_I":null,"KBSUM":3,"JINKO":193,"SETAI":131,"X_CODE":135.383732,"Y_CODE":34.814379,"KCODE1":"6031-00"}},{"type":"Polygon","arcs":[[-873,-856,900]],"properties":{"KEY_CODE":"282146031","PREF":"28","CITY":"214","S_AREA":"603100","PREF_NAME":"兵庫県","CITY_NAME":"宝塚市","S_NAME":"長尾町","KIGO_E":"E2","HCODE":8101,"AREA":2335.654,"PERIMETER":206.372,"R2KAxx":6609,"R2KAxx_ID":6608,"KIHON1":"6031","DUMMY1":"-","KIHON2":"00","KEYCODE1":"214603100","KEYCODE2":"2146031","AREA_MAX_F":null,"KIGO_D":null,"N_KEN":null,"N_CITY":null,"KIGO_I":null,"KBSUM":0,"JINKO":0,"SETAI":0,"X_CODE":135.378697,"Y_CODE":34.816081,"KCODE1":"6031-00"}},{"type":"Polygon","arcs":[[-899,-890,-621,-896,-619,901]],"properties":{"KEY_CODE":"282146032","PREF":"28","CITY":"214","S_AREA":"603200","PREF_NAME":"兵庫県","CITY_NAME":"宝塚市","S_NAME":"長尾町","KIGO_E":"E2","HCODE":8101,"AREA":19361.49,"PERIMETER":1072.497,"R2KAxx":6613,"R2KAxx_ID":6612,"KIHON1":"6032","DUMMY1":"-","KIHON2":"00","KEYCODE1":"214603200","KEYCODE2":"2146032","AREA_MAX_F":"M","KIGO_D":null,"N_KEN":null,"N_CITY":null,"KIGO_I":null,"KBSUM":0,"JINKO":0,"SETAI":0,"X_CODE":135.383072,"Y_CODE":34.815426,"KCODE1":"6032-00"}},{"type":"Polygon","arcs":[[902,-892,-898]],"properties":{"KEY_CODE":"282146032","PREF":"28","CITY":"214","S_AREA":"603200","PREF_NAME":"兵庫県","CITY_NAME":"宝塚市","S_NAME":"長尾町","KIGO_E":"E4","HCODE":8101,"AREA":7648.551,"PERIMETER":476.586,"R2KAxx":6610,"R2KAxx_ID":6609,"KIHON1":"6032","DUMMY1":"-","KIHON2":"00","KEYCODE1":"214603200","KEYCODE2":"2146032","AREA_MAX_F":null,"KIGO_D":null,"N_KEN":null,"N_CITY":null,"KIGO_I":null,"KBSUM":0,"JINKO":0,"SETAI":0,"X_CODE":135.383088,"Y_CODE":34.813806,"KCODE1":"6032-00"}},{"type":"Polygon","arcs":[[-874,-901,-855,-623,-894]],"properties":{"KEY_CODE":"282146032","PREF":"28","CITY":"214","S_AREA":"603200","PREF_NAME":"兵庫県","CITY_NAME":"宝塚市","S_NAME":"長尾町","KIGO_E":"E1","HCODE":8101,"AREA":19324.176,"PERIMETER":682.515,"R2KAxx":6612,"R2KAxx_ID":6611,"KIHON1":"6032","DUMMY1":"-","KIHON2":"00","KEYCODE1":"214603200","KEYCODE2":"2146032","AREA_MAX_F":null,"KIGO_D":null,"N_KEN":null,"N_CITY":null,"KIGO_I":null,"KBSUM":4,"JINKO":181,"SETAI":70,"X_CODE":135.380064,"Y_CODE":34.815562,"KCODE1":"6032-00"}},{"type":"Polygon","arcs":[[-895]],"properties":{"KEY_CODE":"282146032","PREF":"28","CITY":"214","S_AREA":"603200","PREF_NAME":"兵庫県","CITY_NAME":"宝塚市","S_NAME":"長尾町","KIGO_E":"E3","HCODE":8101,"AREA":392.297,"PERIMETER":82.567,"R2KAxx":6611,"R2KAxx_ID":6610,"KIHON1":"6032","DUMMY1":"-","KIHON2":"00","KEYCODE1":"214603200","KEYCODE2":"2146032","AREA_MAX_F":null,"KIGO_D":null,"N_KEN":null,"N_CITY":null,"KIGO_I":null,"KBSUM":0,"JINKO":0,"SETAI":0,"X_CODE":135.382204,"Y_CODE":34.81467,"KCODE1":"6032-00"}},{"type":"Polygon","arcs":[[903,904,-900,-902,-640,905,906],[907]],"properties":{"KEY_CODE":"28214604101","PREF":"28","CITY":"214","S_AREA":"604101","PREF_NAME":"兵庫県","CITY_NAME":"宝塚市","S_NAME":"山本南一丁目","KIGO_E":null,"HCODE":8101,"AREA":129932.262,"PERIMETER":2414.733,"R2KAxx":6614,"R2KAxx_ID":6613,"KIHON1":"6041","DUMMY1":"-","KIHON2":"01","KEYCODE1":"214604101","KEYCODE2":"214604101","AREA_MAX_F":"M","KIGO_D":null,"N_KEN":null,"N_CITY":null,"KIGO_I":null,"KBSUM":36,"JINKO":1639,"SETAI":622,"X_CODE":135.386343,"Y_CODE":34.816027,"KCODE1":"6041-01"}},{"type":"Polygon","arcs":[[908,909,910,911,912,-907,913,-662,914]],"properties":{"KEY_CODE":"28214604102","PREF":"28","CITY":"214","S_AREA":"604102","PREF_NAME":"兵庫県","CITY_NAME":"宝塚市","S_NAME":"山本南二丁目","KIGO_E":null,"HCODE":8101,"AREA":65193.504,"PERIMETER":1851.976,"R2KAxx":6615,"R2KAxx_ID":6614,"KIHON1":"6041","DUMMY1":"-","KIHON2":"02","KEYCODE1":"214604102","KEYCODE2":"214604102","AREA_MAX_F":"M","KIGO_D":null,"N_KEN":null,"N_CITY":null,"KIGO_I":null,"KBSUM":13,"JINKO":413,"SETAI":144,"X_CODE":135.391025,"Y_CODE":34.817127,"KCODE1":"6041-02"}},{"type":"Polygon","arcs":[[915,916,917,918,919,920,921,-909,922,923,-658,-667,-693,924],[925]],"properties":{"KEY_CODE":"28214604103","PREF":"28","CITY":"214","S_AREA":"604103","PREF_NAME":"兵庫県","CITY_NAME":"宝塚市","S_NAME":"山本南三丁目","KIGO_E":"E1","HCODE":8101,"AREA":55900.944,"PERIMETER":1808.219,"R2KAxx":6618,"R2KAxx_ID":6617,"KIHON1":"6041","DUMMY1":"-","KIHON2":"03","KEYCODE1":"214604103","KEYCODE2":"214604103","AREA_MAX_F":"M","KIGO_D":null,"N_KEN":null,"N_CITY":null,"KIGO_I":null,"KBSUM":23,"JINKO":1521,"SETAI":582,"X_CODE":135.392277,"Y_CODE":34.819378,"KCODE1":"6041-03"}},{"type":"Polygon","arcs":[[926,927,928,929]],"properties":{"KEY_CODE":"28214604103","PREF":"28","CITY":"214","S_AREA":"604103","PREF_NAME":"兵庫県","CITY_NAME":"宝塚市","S_NAME":"山本南三丁目","KIGO_E":"E2","HCODE":8101,"AREA":6318.422,"PERIMETER":474.911,"R2KAxx":6617,"R2KAxx_ID":6616,"KIHON1":"6041","DUMMY1":"-","KIHON2":"03","KEYCODE1":"214604103","KEYCODE2":"214604103","AREA_MAX_F":null,"KIGO_D":null,"N_KEN":null,"N_CITY":null,"KIGO_I":null,"KBSUM":0,"JINKO":0,"SETAI":0,"X_CODE":135.395174,"Y_CODE":34.818604,"KCODE1":"6041-03"}},{"type":"Polygon","arcs":[[930,931,932]],"properties":{"KEY_CODE":"28214604103","PREF":"28","CITY":"214","S_AREA":"604103","PREF_NAME":"兵庫県","CITY_NAME":"宝塚市","S_NAME":"山本南三丁目","KIGO_E":"E3","HCODE":8101,"AREA":1523.714,"PERIMETER":197.252,"R2KAxx":6616,"R2KAxx_ID":6615,"KIHON1":"6041","DUMMY1":"-","KIHON2":"03","KEYCODE1":"214604103","KEYCODE2":"214604103","AREA_MAX_F":null,"KIGO_D":null,"N_KEN":null,"N_CITY":null,"KIGO_I":null,"KBSUM":0,"JINKO":0,"SETAI":0,"X_CODE":135.394002,"Y_CODE":34.818056,"KCODE1":"6041-03"}},{"type":"Polygon","arcs":[[-908]],"properties":{"KEY_CODE":"28214604201","PREF":"28","CITY":"214","S_AREA":"604201","PREF_NAME":"兵庫県","CITY_NAME":"宝塚市","S_NAME":"山本南一丁目","KIGO_E":null,"HCODE":8101,"AREA":13646.981,"PERIMETER":754.952,"R2KAxx":6619,"R2KAxx_ID":6618,"KIHON1":"6042","DUMMY1":"-","KIHON2":"01","KEYCODE1":"214604201","KEYCODE2":"214604201","AREA_MAX_F":"M","KIGO_D":null,"N_KEN":null,"N_CITY":null,"KIGO_I":null,"KBSUM":1,"JINKO":0,"SETAI":0,"X_CODE":135.386848,"Y_CODE":34.816525,"KCODE1":"6042-01"}},{"type":"Polygon","arcs":[[-920,933,934,-910,-922,935]],"properties":{"KEY_CODE":"28214604202","PREF":"28","CITY":"214","S_AREA":"604202","PREF_NAME":"兵庫県","CITY_NAME":"宝塚市","S_NAME":"山本南二丁目","KIGO_E":"E2","HCODE":8101,"AREA":14104.003,"PERIMETER":876.95,"R2KAxx":6620,"R2KAxx_ID":6619,"KIHON1":"6042","DUMMY1":"-","KIHON2":"02","KEYCODE1":"214604202","KEYCODE2":"214604202","AREA_MAX_F":null,"KIGO_D":null,"N_KEN":null,"N_CITY":null,"KIGO_I":null,"KBSUM":0,"JINKO":0,"SETAI":0,"X_CODE":135.39209,"Y_CODE":34.817818,"KCODE1":"6042-02"}},{"type":"Polygon","arcs":[[-915,-661,936,-923]],"properties":{"KEY_CODE":"28214604202","PREF":"28","CITY":"214","S_AREA":"604202","PREF_NAME":"兵庫県","CITY_NAME":"宝塚市","S_NAME":"山本南二丁目","KIGO_E":"E3","HCODE":8101,"AREA":1318.445,"PERIMETER":179.792,"R2KAxx":6622,"R2KAxx_ID":6621,"KIHON1":"6042","DUMMY1":"-","KIHON2":"02","KEYCODE1":"214604202","KEYCODE2":"214604202","AREA_MAX_F":null,"KIGO_D":null,"N_KEN":null,"N_CITY":null,"KIGO_I":null,"KBSUM":0,"JINKO":0,"SETAI":0,"X_CODE":135.389982,"Y_CODE":34.81884,"KCODE1":"6042-02"}},{"type":"Polygon","arcs":[[-906,-663,-914]],"properties":{"KEY_CODE":"28214604202","PREF":"28","CITY":"214","S_AREA":"604202","PREF_NAME":"兵庫県","CITY_NAME":"宝塚市","S_NAME":"山本南二丁目","KIGO_E":"E1","HCODE":8101,"AREA":21032.687,"PERIMETER":606.302,"R2KAxx":6621,"R2KAxx_ID":6620,"KIHON1":"6042","DUMMY1":"-","KIHON2":"02","KEYCODE1":"214604202","KEYCODE2":"214604202","AREA_MAX_F":"M","KIGO_D":null,"N_KEN":null,"N_CITY":null,"KIGO_I":null,"KBSUM":3,"JINKO":0,"SETAI":0,"X_CODE":135.389349,"Y_CODE":34.817836,"KCODE1":"6042-02"}},{"type":"Polygon","arcs":[[937,938,-918]],"properties":{"KEY_CODE":"28214604203","PREF":"28","CITY":"214","S_AREA":"604203","PREF_NAME":"兵庫県","CITY_NAME":"宝塚市","S_NAME":"山本南三丁目","KIGO_E":"E1","HCODE":8101,"AREA":1348.744,"PERIMETER":160.84,"R2KAxx":6623,"R2KAxx_ID":6622,"KIHON1":"6042","DUMMY1":"-","KIHON2":"03","KEYCODE1":"214604203","KEYCODE2":"214604203","AREA_MAX_F":null,"KIGO_D":null,"N_KEN":null,"N_CITY":null,"KIGO_I":null,"KBSUM":5,"JINKO":42,"SETAI":12,"X_CODE":135.39295,"Y_CODE":34.818306,"KCODE1":"6042-03"}},{"type":"Polygon","arcs":[[-937,-660,-666,-924]],"properties":{"KEY_CODE":"28214604203","PREF":"28","CITY":"214","S_AREA":"604203","PREF_NAME":"兵庫県","CITY_NAME":"宝塚市","S_NAME":"山本南三丁目","KIGO_E":"E3","HCODE":8101,"AREA":3327.103,"PERIMETER":406.779,"R2KAxx":6627,"R2KAxx_ID":6626,"KIHON1":"6042","DUMMY1":"-","KIHON2":"03","KEYCODE1":"214604203","KEYCODE2":"214604203","AREA_MAX_F":null,"KIGO_D":null,"N_KEN":null,"N_CITY":null,"KIGO_I":null,"KBSUM":0,"JINKO":0,"SETAI":0,"X_CODE":135.390873,"Y_CODE":34.819382,"KCODE1":"6042-03"}},{"type":"Polygon","arcs":[[939,-929,940,-933,941,-916]],"properties":{"KEY_CODE":"28214604203","PREF":"28","CITY":"214","S_AREA":"604203","PREF_NAME":"兵庫県","CITY_NAME":"宝塚市","S_NAME":"山本南三丁目","KIGO_E":"E2","HCODE":8101,"AREA":16077.411,"PERIMETER":1058.117,"R2KAxx":6626,"R2KAxx_ID":6625,"KIHON1":"6042","DUMMY1":"-","KIHON2":"03","KEYCODE1":"214604203","KEYCODE2":"214604203","AREA_MAX_F":"M","KIGO_D":null,"N_KEN":null,"N_CITY":null,"KIGO_I":null,"KBSUM":0,"JINKO":0,"SETAI":0,"X_CODE":135.393948,"Y_CODE":34.818715,"KCODE1":"6042-03"}},{"type":"Polygon","arcs":[[-926]],"properties":{"KEY_CODE":"28214604203","PREF":"28","CITY":"214","S_AREA":"604203","PREF_NAME":"兵庫県","CITY_NAME":"宝塚市","S_NAME":"山本南三丁目","KIGO_E":"E4","HCODE":8101,"AREA":1191.489,"PERIMETER":158.009,"R2KAxx":6625,"R2KAxx_ID":6624,"KIHON1":"6042","DUMMY1":"-","KIHON2":"03","KEYCODE1":"214604203","KEYCODE2":"214604203","AREA_MAX_F":null,"KIGO_D":null,"N_KEN":null,"N_CITY":null,"KIGO_I":null,"KBSUM":0,"JINKO":0,"SETAI":0,"X_CODE":135.39158,"Y_CODE":34.819281,"KCODE1":"6042-03"}},{"type":"Polygon","arcs":[[-936,-921]],"properties":{"KEY_CODE":"28214604203","PREF":"28","CITY":"214","S_AREA":"604203","PREF_NAME":"兵庫県","CITY_NAME":"宝塚市","S_NAME":"山本南三丁目","KIGO_E":"E5","HCODE":8101,"AREA":915.34,"PERIMETER":127.575,"R2KAxx":6624,"R2KAxx_ID":6623,"KIHON1":"6042","DUMMY1":"-","KIHON2":"03","KEYCODE1":"214604203","KEYCODE2":"214604203","AREA_MAX_F":null,"KIGO_D":null,"N_KEN":null,"N_CITY":null,"KIGO_I":null,"KBSUM":0,"JINKO":0,"SETAI":0,"X_CODE":135.391958,"Y_CODE":34.818628,"KCODE1":"6042-03"}},{"type":"Polygon","arcs":[[942,943]],"properties":{"KEY_CODE":"28214605001","PREF":"28","CITY":"214","S_AREA":"605001","PREF_NAME":"兵庫県","CITY_NAME":"宝塚市","S_NAME":"山本丸橋一丁目","KIGO_E":"E2","HCODE":8101,"AREA":4080.809,"PERIMETER":298.722,"R2KAxx":6628,"R2KAxx_ID":6627,"KIHON1":"6050","DUMMY1":"-","KIHON2":"01","KEYCODE1":"214605001","KEYCODE2":"214605001","AREA_MAX_F":null,"KIGO_D":null,"N_KEN":null,"N_CITY":null,"KIGO_I":null,"KBSUM":0,"JINKO":0,"SETAI":0,"X_CODE":135.389978,"Y_CODE":34.813562,"KCODE1":"6050-01"}},{"type":"Polygon","arcs":[[944,945,946,947,948,949,-904,-913,950]],"properties":{"KEY_CODE":"28214605001","PREF":"28","CITY":"214","S_AREA":"605001","PREF_NAME":"兵庫県","CITY_NAME":"宝塚市","S_NAME":"山本丸橋一丁目","KIGO_E":"E1","HCODE":8101,"AREA":61157.551,"PERIMETER":1295.968,"R2KAxx":6630,"R2KAxx_ID":6629,"KIHON1":"6050","DUMMY1":"-","KIHON2":"01","KEYCODE1":"214605001","KEYCODE2":"214605001","AREA_MAX_F":"M","KIGO_D":null,"N_KEN":null,"N_CITY":null,"KIGO_I":null,"KBSUM":12,"JINKO":645,"SETAI":272,"X_CODE":135.391132,"Y_CODE":34.815224,"KCODE1":"6050-01"}},{"type":"Polygon","arcs":[[951,952]],"properties":{"KEY_CODE":"28214605001","PREF":"28","CITY":"214","S_AREA":"605001","PREF_NAME":"兵庫県","CITY_NAME":"宝塚市","S_NAME":"山本丸橋一丁目","KIGO_E":"E3","HCODE":8101,"AREA":1190.744,"PERIMETER":142.205,"R2KAxx":6629,"R2KAxx_ID":6628,"KIHON1":"6050","DUMMY1":"-","KIHON2":"01","KEYCODE1":"214605001","KEYCODE2":"214605001","AREA_MAX_F":null,"KIGO_D":null,"N_KEN":null,"N_CITY":null,"KIGO_I":null,"KBSUM":0,"JINKO":0,"SETAI":0,"X_CODE":135.391448,"Y_CODE":34.814073,"KCODE1":"6050-01"}},{"type":"Polygon","arcs":[[953,954,955,956,957,-951,-912,958]],"properties":{"KEY_CODE":"28214605002","PREF":"28","CITY":"214","S_AREA":"605002","PREF_NAME":"兵庫県","CITY_NAME":"宝塚市","S_NAME":"山本丸橋二丁目","KIGO_E":"E1","HCODE":8101,"AREA":84555.394,"PERIMETER":1542.041,"R2KAxx":6631,"R2KAxx_ID":6630,"KIHON1":"6050","DUMMY1":"-","KIHON2":"02","KEYCODE1":"214605002","KEYCODE2":"214605002","AREA_MAX_F":"M","KIGO_D":null,"N_KEN":null,"N_CITY":null,"KIGO_I":null,"KBSUM":23,"JINKO":1099,"SETAI":458,"X_CODE":135.39441,"Y_CODE":34.814709,"KCODE1":"6050-02"}},{"type":"Polygon","arcs":[[959]],"properties":{"KEY_CODE":"28214605002","PREF":"28","CITY":"214","S_AREA":"605002","PREF_NAME":"兵庫県","CITY_NAME":"宝塚市","S_NAME":"山本丸橋二丁目","KIGO_E":"E2","HCODE":8101,"AREA":1587.589,"PERIMETER":173.972,"R2KAxx":6632,"R2KAxx_ID":6631,"KIHON1":"6050","DUMMY1":"-","KIHON2":"02","KEYCODE1":"214605002","KEYCODE2":"214605002","AREA_MAX_F":null,"KIGO_D":null,"N_KEN":null,"N_CITY":null,"KIGO_I":null,"KBSUM":0,"JINKO":0,"SETAI":0,"X_CODE":135.395337,"Y_CODE":34.816614,"KCODE1":"6050-02"}},{"type":"Polygon","arcs":[[960,961,962,963,964,965,966,-945,-958,967,968]],"properties":{"KEY_CODE":"28214605003","PREF":"28","CITY":"214","S_AREA":"605003","PREF_NAME":"兵庫県","CITY_NAME":"宝塚市","S_NAME":"山本丸橋三丁目","KIGO_E":null,"HCODE":8101,"AREA":103180.179,"PERIMETER":1333.035,"R2KAxx":6633,"R2KAxx_ID":6632,"KIHON1":"6050","DUMMY1":"-","KIHON2":"03","KEYCODE1":"214605003","KEYCODE2":"214605003","AREA_MAX_F":"M","KIGO_D":null,"N_KEN":null,"N_CITY":null,"KIGO_I":null,"KBSUM":15,"JINKO":777,"SETAI":281,"X_CODE":135.392641,"Y_CODE":34.812152,"KCODE1":"6050-03"}},{"type":"Polygon","arcs":[[969,970,-968,-957,971]],"properties":{"KEY_CODE":"28214605004","PREF":"28","CITY":"214","S_AREA":"605004","PREF_NAME":"兵庫県","CITY_NAME":"宝塚市","S_NAME":"山本丸橋四丁目","KIGO_E":null,"HCODE":8101,"AREA":74937.836,"PERIMETER":1159.544,"R2KAxx":6634,"R2KAxx_ID":6633,"KIHON1":"6050","DUMMY1":"-","KIHON2":"04","KEYCODE1":"214605004","KEYCODE2":"214605004","AREA_MAX_F":"M","KIGO_D":null,"N_KEN":null,"N_CITY":null,"KIGO_I":null,"KBSUM":14,"JINKO":630,"SETAI":280,"X_CODE":135.396033,"Y_CODE":34.812156,"KCODE1":"6050-04"}},{"type":"Polygon","arcs":[[972,-964,973,-962,974,-944,975,-949]],"properties":{"KEY_CODE":"28214605101","PREF":"28","CITY":"214","S_AREA":"605101","PREF_NAME":"兵庫県","CITY_NAME":"宝塚市","S_NAME":"山本丸橋一丁目","KIGO_E":"E1","HCODE":8101,"AREA":23834.676,"PERIMETER":899.035,"R2KAxx":6636,"R2KAxx_ID":6635,"KIHON1":"6051","DUMMY1":"-","KIHON2":"01","KEYCODE1":"214605101","KEYCODE2":"214605101","AREA_MAX_F":"M","KIGO_D":null,"N_KEN":null,"N_CITY":null,"KIGO_I":null,"KBSUM":6,"JINKO":413,"SETAI":112,"X_CODE":135.390247,"Y_CODE":34.814093,"KCODE1":"6051-01"}},{"type":"Polygon","arcs":[[-966,976,-952,977,-947,978]],"properties":{"KEY_CODE":"28214605101","PREF":"28","CITY":"214","S_AREA":"605101","PREF_NAME":"兵庫県","CITY_NAME":"宝塚市","S_NAME":"山本丸橋一丁目","KIGO_E":"E2","HCODE":8101,"AREA":1994.707,"PERIMETER":274.646,"R2KAxx":6635,"R2KAxx_ID":6634,"KIHON1":"6051","DUMMY1":"-","KIHON2":"01","KEYCODE1":"214605101","KEYCODE2":"214605101","AREA_MAX_F":null,"KIGO_D":null,"N_KEN":null,"N_CITY":null,"KIGO_I":null,"KBSUM":0,"JINKO":0,"SETAI":0,"X_CODE":135.391726,"Y_CODE":34.814153,"KCODE1":"6051-01"}},{"type":"Polygon","arcs":[[979,980,981,982,983,984,985]],"properties":{"KEY_CODE":"28214605102","PREF":"28","CITY":"214","S_AREA":"605102","PREF_NAME":"兵庫県","CITY_NAME":"宝塚市","S_NAME":"山本丸橋二丁目","KIGO_E":null,"HCODE":8101,"AREA":3274.357,"PERIMETER":322.385,"R2KAxx":6637,"R2KAxx_ID":6636,"KIHON1":"6051","DUMMY1":"-","KIHON2":"02","KEYCODE1":"214605102","KEYCODE2":"214605102","AREA_MAX_F":"M","KIGO_D":null,"N_KEN":null,"N_CITY":null,"KIGO_I":null,"KBSUM":1,"JINKO":74,"SETAI":33,"X_CODE":135.396148,"Y_CODE":34.815971,"KCODE1":"6051-02"}},{"type":"Polygon","arcs":[[-974,-963]],"properties":{"KEY_CODE":"28214605201","PREF":"28","CITY":"214","S_AREA":"605201","PREF_NAME":"兵庫県","CITY_NAME":"宝塚市","S_NAME":"山本丸橋一丁目","KIGO_E":"E3","HCODE":8101,"AREA":1237.599,"PERIMETER":154.838,"R2KAxx":6638,"R2KAxx_ID":6637,"KIHON1":"6052","DUMMY1":"-","KIHON2":"01","KEYCODE1":"214605201","KEYCODE2":"214605201","AREA_MAX_F":null,"KIGO_D":null,"N_KEN":null,"N_CITY":null,"KIGO_I":null,"KBSUM":0,"JINKO":0,"SETAI":0,"X_CODE":135.390842,"Y_CODE":34.813262,"KCODE1":"6052-01"}},{"type":"Polygon","arcs":[[-977,-965,-973,-948,-978,-953]],"properties":{"KEY_CODE":"28214605201","PREF":"28","CITY":"214","S_AREA":"605201","PREF_NAME":"兵庫県","CITY_NAME":"宝塚市","S_NAME":"山本丸橋一丁目","KIGO_E":"E1","HCODE":8101,"AREA":4955.486,"PERIMETER":427.867,"R2KAxx":6639,"R2KAxx_ID":6638,"KIHON1":"6052","DUMMY1":"-","KIHON2":"01","KEYCODE1":"214605201","KEYCODE2":"214605201","AREA_MAX_F":null,"KIGO_D":null,"N_KEN":null,"N_CITY":null,"KIGO_I":null,"KBSUM":3,"JINKO":80,"SETAI":28,"X_CODE":135.391252,"Y_CODE":34.813918,"KCODE1":"6052-01"}},{"type":"Polygon","arcs":[[-967,-979,-946]],"properties":{"KEY_CODE":"28214605201","PREF":"28","CITY":"214","S_AREA":"605201","PREF_NAME":"兵庫県","CITY_NAME":"宝塚市","S_NAME":"山本丸橋一丁目","KIGO_E":"E2","HCODE":8101,"AREA":5401.459,"PERIMETER":335.849,"R2KAxx":6640,"R2KAxx_ID":6639,"KIHON1":"6052","DUMMY1":"-","KIHON2":"01","KEYCODE1":"214605201","KEYCODE2":"214605201","AREA_MAX_F":"M","KIGO_D":null,"N_KEN":null,"N_CITY":null,"KIGO_I":null,"KBSUM":0,"JINKO":0,"SETAI":0,"X_CODE":135.392141,"Y_CODE":34.81413,"KCODE1":"6052-01"}},{"type":"Polygon","arcs":[[-986,984,-984,982,-982,986,-959,987,988],[-960]],"properties":{"KEY_CODE":"28214605202","PREF":"28","CITY":"214","S_AREA":"605202","PREF_NAME":"兵庫県","CITY_NAME":"宝塚市","S_NAME":"山本丸橋二丁目","KIGO_E":null,"HCODE":8101,"AREA":25986.966,"PERIMETER":1194.13,"R2KAxx":6641,"R2KAxx_ID":6640,"KIHON1":"6052","DUMMY1":"-","KIHON2":"02","KEYCODE1":"214605202","KEYCODE2":"214605202","AREA_MAX_F":"M","KIGO_D":null,"N_KEN":null,"N_CITY":null,"KIGO_I":null,"KBSUM":2,"JINKO":153,"SETAI":63,"X_CODE":135.39508,"Y_CODE":34.816231,"KCODE1":"6052-02"}},{"type":"Polygon","arcs":[[989,-988,-911,-935,990,-938,-917,-942,991,-931,-941,-928,992]],"properties":{"KEY_CODE":"28214606101","PREF":"28","CITY":"214","S_AREA":"606101","PREF_NAME":"兵庫県","CITY_NAME":"宝塚市","S_NAME":"口谷西一丁目","KIGO_E":null,"HCODE":8101,"AREA":35493.241,"PERIMETER":971.147,"R2KAxx":6642,"R2KAxx_ID":6641,"KIHON1":"6061","DUMMY1":"-","KIHON2":"01","KEYCODE1":"214606101","KEYCODE2":"214606101","AREA_MAX_F":"M","KIGO_D":null,"N_KEN":null,"N_CITY":null,"KIGO_I":null,"KBSUM":14,"JINKO":777,"SETAI":293,"X_CODE":135.394481,"Y_CODE":34.817396,"KCODE1":"6061-01"}},{"type":"Polygon","arcs":[[-980,-989,-990,993,994,995]],"properties":{"KEY_CODE":"28214606102","PREF":"28","CITY":"214","S_AREA":"606102","PREF_NAME":"兵庫県","CITY_NAME":"宝塚市","S_NAME":"口谷西二丁目","KIGO_E":null,"HCODE":8101,"AREA":41877.391,"PERIMETER":836.619,"R2KAxx":6643,"R2KAxx_ID":6642,"KIHON1":"6061","DUMMY1":"-","KIHON2":"02","KEYCODE1":"214606102","KEYCODE2":"214606102","AREA_MAX_F":"M","KIGO_D":null,"N_KEN":null,"N_CITY":null,"KIGO_I":null,"KBSUM":7,"JINKO":283,"SETAI":104,"X_CODE":135.397481,"Y_CODE":34.816494,"KCODE1":"6061-02"}},{"type":"Polygon","arcs":[[996,997,-954,-987,-981,-996,998]],"properties":{"KEY_CODE":"28214606103","PREF":"28","CITY":"214","S_AREA":"606103","PREF_NAME":"兵庫県","CITY_NAME":"宝塚市","S_NAME":"口谷西三丁目","KIGO_E":"E2","HCODE":8101,"AREA":23521.908,"PERIMETER":888.906,"R2KAxx":6645,"R2KAxx_ID":6644,"KIHON1":"6061","DUMMY1":"-","KIHON2":"03","KEYCODE1":"214606103","KEYCODE2":"214606103","AREA_MAX_F":null,"KIGO_D":null,"N_KEN":null,"N_CITY":null,"KIGO_I":null,"KBSUM":0,"JINKO":0,"SETAI":0,"X_CODE":135.397436,"Y_CODE":34.815129,"KCODE1":"6061-03"}},{"type":"Polygon","arcs":[[999,1000,1001,1002,1003,-972,-956,1004]],"properties":{"KEY_CODE":"28214606103","PREF":"28","CITY":"214","S_AREA":"606103","PREF_NAME":"兵庫県","CITY_NAME":"宝塚市","S_NAME":"口谷西三丁目","KIGO_E":"E1","HCODE":8101,"AREA":41570.312,"PERIMETER":1888.166,"R2KAxx":6644,"R2KAxx_ID":6643,"KIHON1":"6061","DUMMY1":"-","KIHON2":"03","KEYCODE1":"214606103","KEYCODE2":"214606103","AREA_MAX_F":"M","KIGO_D":null,"N_KEN":null,"N_CITY":null,"KIGO_I":null,"KBSUM":20,"JINKO":1068,"SETAI":403,"X_CODE":135.398143,"Y_CODE":34.813185,"KCODE1":"6061-03"}},{"type":"Polygon","arcs":[[-932,-992]],"properties":{"KEY_CODE":"28214606201","PREF":"28","CITY":"214","S_AREA":"606201","PREF_NAME":"兵庫県","CITY_NAME":"宝塚市","S_NAME":"口谷西一丁目","KIGO_E":"E2","HCODE":8101,"AREA":1354.577,"PERIMETER":141.581,"R2KAxx":6646,"R2KAxx_ID":6645,"KIHON1":"6062","DUMMY1":"-","KIHON2":"01","KEYCODE1":"214606201","KEYCODE2":"214606201","AREA_MAX_F":null,"KIGO_D":null,"N_KEN":null,"N_CITY":null,"KIGO_I":null,"KBSUM":0,"JINKO":0,"SETAI":0,"X_CODE":135.393827,"Y_CODE":34.817835,"KCODE1":"6062-01"}},{"type":"Polygon","arcs":[[-991,-934,-919,-939]],"properties":{"KEY_CODE":"28214606201","PREF":"28","CITY":"214","S_AREA":"606201","PREF_NAME":"兵庫県","CITY_NAME":"宝塚市","S_NAME":"口谷西一丁目","KIGO_E":"E1","HCODE":8101,"AREA":1424.508,"PERIMETER":174.88,"R2KAxx":6647,"R2KAxx_ID":6646,"KIHON1":"6062","DUMMY1":"-","KIHON2":"01","KEYCODE1":"214606201","KEYCODE2":"214606201","AREA_MAX_F":"M","KIGO_D":null,"N_KEN":null,"N_CITY":null,"KIGO_I":null,"KBSUM":2,"JINKO":0,"SETAI":0,"X_CODE":135.392725,"Y_CODE":34.818097,"KCODE1":"6062-01"}},{"type":"Polygon","arcs":[[1005,-1005,-955,-998]],"properties":{"KEY_CODE":"28214606203","PREF":"28","CITY":"214","S_AREA":"606203","PREF_NAME":"兵庫県","CITY_NAME":"宝塚市","S_NAME":"口谷西三丁目","KIGO_E":"E1","HCODE":8101,"AREA":22581.85,"PERIMETER":1108.864,"R2KAxx":6649,"R2KAxx_ID":6648,"KIHON1":"6062","DUMMY1":"-","KIHON2":"03","KEYCODE1":"214606203","KEYCODE2":"214606203","AREA_MAX_F":"M","KIGO_D":null,"N_KEN":null,"N_CITY":null,"KIGO_I":null,"KBSUM":3,"JINKO":292,"SETAI":120,"X_CODE":135.397085,"Y_CODE":34.814217,"KCODE1":"6062-03"}},{"type":"Polygon","arcs":[[1006,1007,1008,-970,-1004]],"properties":{"KEY_CODE":"28214606203","PREF":"28","CITY":"214","S_AREA":"606203","PREF_NAME":"兵庫県","CITY_NAME":"宝塚市","S_NAME":"口谷西三丁目","KIGO_E":"E2","HCODE":8101,"AREA":19698.522,"PERIMETER":991.687,"R2KAxx":6648,"R2KAxx_ID":6647,"KIHON1":"6062","DUMMY1":"-","KIHON2":"03","KEYCODE1":"214606203","KEYCODE2":"214606203","AREA_MAX_F":null,"KIGO_D":null,"N_KEN":null,"N_CITY":null,"KIGO_I":null,"KBSUM":0,"JINKO":0,"SETAI":0,"X_CODE":135.398595,"Y_CODE":34.81181,"KCODE1":"6062-03"}},{"type":"Polygon","arcs":[[1009,1010,1011,1012]],"properties":{"KEY_CODE":"28214607101","PREF":"28","CITY":"214","S_AREA":"607101","PREF_NAME":"兵庫県","CITY_NAME":"宝塚市","S_NAME":"口谷東一丁目","KIGO_E":"E2","HCODE":8101,"AREA":6978.321,"PERIMETER":457.516,"R2KAxx":6650,"R2KAxx_ID":6649,"KIHON1":"6071","DUMMY1":"-","KIHON2":"01","KEYCODE1":"214607101","KEYCODE2":"214607101","AREA_MAX_F":null,"KIGO_D":null,"N_KEN":null,"N_CITY":null,"KIGO_I":null,"KBSUM":0,"JINKO":0,"SETAI":0,"X_CODE":135.400415,"Y_CODE":34.819405,"KCODE1":"6071-01"}},{"type":"Polygon","arcs":[[1013,1014,-994,-993,1015,-930,-940,-925,-692,1016],[1017]],"properties":{"KEY_CODE":"28214607101","PREF":"28","CITY":"214","S_AREA":"607101","PREF_NAME":"兵庫県","CITY_NAME":"宝塚市","S_NAME":"口谷東一丁目","KIGO_E":"E1","HCODE":8101,"AREA":78944.916,"PERIMETER":2052.802,"R2KAxx":6651,"R2KAxx_ID":6650,"KIHON1":"6071","DUMMY1":"-","KIHON2":"01","KEYCODE1":"214607101","KEYCODE2":"214607101","AREA_MAX_F":"M","KIGO_D":null,"N_KEN":null,"N_CITY":null,"KIGO_I":null,"KBSUM":25,"JINKO":1303,"SETAI":513,"X_CODE":135.396748,"Y_CODE":34.818767,"KCODE1":"6071-01"}},{"type":"Polygon","arcs":[[1018,1019,1020,-995,-1015,1021,-1010]],"properties":{"KEY_CODE":"28214607102","PREF":"28","CITY":"214","S_AREA":"607102","PREF_NAME":"兵庫県","CITY_NAME":"宝塚市","S_NAME":"口谷東二丁目","KIGO_E":null,"HCODE":8101,"AREA":68136.671,"PERIMETER":1081.35,"R2KAxx":6652,"R2KAxx_ID":6651,"KIHON1":"6071","DUMMY1":"-","KIHON2":"02","KEYCODE1":"214607102","KEYCODE2":"214607102","AREA_MAX_F":"M","KIGO_D":null,"N_KEN":null,"N_CITY":null,"KIGO_I":null,"KBSUM":14,"JINKO":428,"SETAI":149,"X_CODE":135.399712,"Y_CODE":34.817103,"KCODE1":"6071-02"}},{"type":"Polygon","arcs":[[-1001,1022]],"properties":{"KEY_CODE":"28214607103","PREF":"28","CITY":"214","S_AREA":"607103","PREF_NAME":"兵庫県","CITY_NAME":"宝塚市","S_NAME":"口谷東三丁目","KIGO_E":"E3","HCODE":8101,"AREA":1765.763,"PERIMETER":190.046,"R2KAxx":6654,"R2KAxx_ID":6653,"KIHON1":"6071","DUMMY1":"-","KIHON2":"03","KEYCODE1":"214607103","KEYCODE2":"214607103","AREA_MAX_F":null,"KIGO_D":null,"N_KEN":null,"N_CITY":null,"KIGO_I":null,"KBSUM":0,"JINKO":0,"SETAI":0,"X_CODE":135.399515,"Y_CODE":34.813225,"KCODE1":"6071-03"}},{"type":"Polygon","arcs":[[-1007,-1003,1023,1024,1025]],"properties":{"KEY_CODE":"28214607103","PREF":"28","CITY":"214","S_AREA":"607103","PREF_NAME":"兵庫県","CITY_NAME":"宝塚市","S_NAME":"口谷東三丁目","KIGO_E":"E2","HCODE":8101,"AREA":29040.501,"PERIMETER":682.127,"R2KAxx":6653,"R2KAxx_ID":6652,"KIHON1":"6071","DUMMY1":"-","KIHON2":"03","KEYCODE1":"214607103","KEYCODE2":"214607103","AREA_MAX_F":"M","KIGO_D":null,"N_KEN":null,"N_CITY":null,"KIGO_I":null,"KBSUM":0,"JINKO":0,"SETAI":0,"X_CODE":135.400597,"Y_CODE":34.811982,"KCODE1":"6071-03"}},{"type":"Polygon","arcs":[[1026,1027,-999,-1021,1028]],"properties":{"KEY_CODE":"28214607103","PREF":"28","CITY":"214","S_AREA":"607103","PREF_NAME":"兵庫県","CITY_NAME":"宝塚市","S_NAME":"口谷東三丁目","KIGO_E":"E1","HCODE":8101,"AREA":25342.158,"PERIMETER":1163.135,"R2KAxx":6655,"R2KAxx_ID":6654,"KIHON1":"6071","DUMMY1":"-","KIHON2":"03","KEYCODE1":"214607103","KEYCODE2":"214607103","AREA_MAX_F":null,"KIGO_D":null,"N_KEN":null,"N_CITY":null,"KIGO_I":null,"KBSUM":10,"JINKO":787,"SETAI":318,"X_CODE":135.400363,"Y_CODE":34.814515,"KCODE1":"6071-03"}},{"type":"Polygon","arcs":[[-927,-1016]],"properties":{"KEY_CODE":"28214607201","PREF":"28","CITY":"214","S_AREA":"607201","PREF_NAME":"兵庫県","CITY_NAME":"宝塚市","S_NAME":"口谷東一丁目","KIGO_E":"E3","HCODE":8101,"AREA":4797.159,"PERIMETER":378.747,"R2KAxx":6657,"R2KAxx_ID":6656,"KIHON1":"6072","DUMMY1":"-","KIHON2":"01","KEYCODE1":"214607201","KEYCODE2":"214607201","AREA_MAX_F":null,"KIGO_D":null,"N_KEN":null,"N_CITY":null,"KIGO_I":null,"KBSUM":0,"JINKO":0,"SETAI":0,"X_CODE":135.395828,"Y_CODE":34.81891,"KCODE1":"6072-01"}},{"type":"Polygon","arcs":[[-1018]],"properties":{"KEY_CODE":"28214607201","PREF":"28","CITY":"214","S_AREA":"607201","PREF_NAME":"兵庫県","CITY_NAME":"宝塚市","S_NAME":"口谷東一丁目","KIGO_E":"E1","HCODE":8101,"AREA":969.494,"PERIMETER":149.054,"R2KAxx":6656,"R2KAxx_ID":6655,"KIHON1":"6072","DUMMY1":"-","KIHON2":"01","KEYCODE1":"214607201","KEYCODE2":"214607201","AREA_MAX_F":null,"KIGO_D":null,"N_KEN":null,"N_CITY":null,"KIGO_I":null,"KBSUM":3,"JINKO":22,"SETAI":16,"X_CODE":135.396498,"Y_CODE":34.817619,"KCODE1":"6072-01"}},{"type":"Polygon","arcs":[[-1022,-1014,1029,-1011]],"properties":{"KEY_CODE":"28214607201","PREF":"28","CITY":"214","S_AREA":"607201","PREF_NAME":"兵庫県","CITY_NAME":"宝塚市","S_NAME":"口谷東一丁目","KIGO_E":"E2","HCODE":8101,"AREA":9525.766,"PERIMETER":552.454,"R2KAxx":6658,"R2KAxx_ID":6657,"KIHON1":"6072","DUMMY1":"-","KIHON2":"01","KEYCODE1":"214607201","KEYCODE2":"214607201","AREA_MAX_F":"M","KIGO_D":null,"N_KEN":null,"N_CITY":null,"KIGO_I":null,"KBSUM":0,"JINKO":0,"SETAI":0,"X_CODE":135.399719,"Y_CODE":34.819199,"KCODE1":"6072-01"}},{"type":"Polygon","arcs":[[1030,-1024,-1002,-1023,-1000,-1006,-997,-1028]],"properties":{"KEY_CODE":"28214607203","PREF":"28","CITY":"214","S_AREA":"607203","PREF_NAME":"兵庫県","CITY_NAME":"宝塚市","S_NAME":"口谷東三丁目","KIGO_E":"E1","HCODE":8101,"AREA":35570.911,"PERIMETER":1432.123,"R2KAxx":6659,"R2KAxx_ID":6658,"KIHON1":"6072","DUMMY1":"-","KIHON2":"03","KEYCODE1":"214607203","KEYCODE2":"214607203","AREA_MAX_F":"M","KIGO_D":null,"N_KEN":null,"N_CITY":null,"KIGO_I":null,"KBSUM":6,"JINKO":551,"SETAI":173,"X_CODE":135.400409,"Y_CODE":34.813553,"KCODE1":"6072-03"}},{"type":"Polygon","arcs":[[-1020,1031,-1029]],"properties":{"KEY_CODE":"28214607203","PREF":"28","CITY":"214","S_AREA":"607203","PREF_NAME":"兵庫県","CITY_NAME":"宝塚市","S_NAME":"口谷東三丁目","KIGO_E":"E2","HCODE":8101,"AREA":12797.293,"PERIMETER":483.114,"R2KAxx":6660,"R2KAxx_ID":6659,"KIHON1":"6072","DUMMY1":"-","KIHON2":"03","KEYCODE1":"214607203","KEYCODE2":"214607203","AREA_MAX_F":null,"KIGO_D":null,"N_KEN":null,"N_CITY":null,"KIGO_I":null,"KBSUM":0,"JINKO":0,"SETAI":0,"X_CODE":135.400129,"Y_CODE":34.815349,"KCODE1":"6072-03"}},{"type":"Polygon","arcs":[[1032,-694,-688,-707,1033]],"properties":{"KEY_CODE":"28214608001","PREF":"28","CITY":"214","S_AREA":"608001","PREF_NAME":"兵庫県","CITY_NAME":"宝塚市","S_NAME":"南ひばりガ丘一丁目","KIGO_E":null,"HCODE":8101,"AREA":58890.647,"PERIMETER":1349.334,"R2KAxx":6661,"R2KAxx_ID":6660,"KIHON1":"6080","DUMMY1":"-","KIHON2":"01","KEYCODE1":"214608001","KEYCODE2":"214608001","AREA_MAX_F":"M","KIGO_D":null,"N_KEN":null,"N_CITY":null,"KIGO_I":null,"KBSUM":24,"JINKO":667,"SETAI":268,"X_CODE":135.39815,"Y_CODE":34.823076,"KCODE1":"6080-01"}},{"type":"Polygon","arcs":[[1034,-691,-1033,1035]],"properties":{"KEY_CODE":"28214608002","PREF":"28","CITY":"214","S_AREA":"608002","PREF_NAME":"兵庫県","CITY_NAME":"宝塚市","S_NAME":"南ひばりガ丘二丁目","KIGO_E":null,"HCODE":8101,"AREA":84740.563,"PERIMETER":1583.826,"R2KAxx":6662,"R2KAxx_ID":6661,"KIHON1":"6080","DUMMY1":"-","KIHON2":"02","KEYCODE1":"214608002","KEYCODE2":"214608002","AREA_MAX_F":"M","KIGO_D":null,"N_KEN":null,"N_CITY":null,"KIGO_I":null,"KBSUM":17,"JINKO":950,"SETAI":403,"X_CODE":135.398446,"Y_CODE":34.821687,"KCODE1":"6080-02"}},{"type":"Polygon","arcs":[[-1012,-1030,-1017,-1035,1036]],"properties":{"KEY_CODE":"28214608003","PREF":"28","CITY":"214","S_AREA":"608003","PREF_NAME":"兵庫県","CITY_NAME":"宝塚市","S_NAME":"南ひばりガ丘三丁目","KIGO_E":null,"HCODE":8101,"AREA":52026.76,"PERIMETER":1077.948,"R2KAxx":6663,"R2KAxx_ID":6662,"KIHON1":"6080","DUMMY1":"-","KIHON2":"03","KEYCODE1":"214608003","KEYCODE2":"214608003","AREA_MAX_F":"M","KIGO_D":null,"N_KEN":null,"N_CITY":null,"KIGO_I":null,"KBSUM":23,"JINKO":846,"SETAI":341,"X_CODE":135.398806,"Y_CODE":34.820047,"KCODE1":"6080-03"}},{"type":"Polygon","arcs":[[1037,1038,1039]],"properties":{"KEY_CODE":"28214609001","PREF":"28","CITY":"214","S_AREA":"609001","PREF_NAME":"兵庫県","CITY_NAME":"宝塚市","S_NAME":"山本野里一丁目","KIGO_E":"E2","HCODE":8101,"AREA":9273.518,"PERIMETER":381.545,"R2KAxx":6664,"R2KAxx_ID":6663,"KIHON1":"6090","DUMMY1":"-","KIHON2":"01","KEYCODE1":"214609001","KEYCODE2":"214609001","AREA_MAX_F":null,"KIGO_D":null,"N_KEN":null,"N_CITY":null,"KIGO_I":null,"KBSUM":0,"JINKO":0,"SETAI":0,"X_CODE":135.394972,"Y_CODE":34.806165,"KCODE1":"6090-01"}},{"type":"Polygon","arcs":[[1040,1041,1042,1043,1044,1045,1046,1047,-969,1048]],"properties":{"KEY_CODE":"28214609001","PREF":"28","CITY":"214","S_AREA":"609001","PREF_NAME":"兵庫県","CITY_NAME":"宝塚市","S_NAME":"山本野里一丁目","KIGO_E":"E1","HCODE":8101,"AREA":86429.722,"PERIMETER":2265.004,"R2KAxx":6665,"R2KAxx_ID":6664,"KIHON1":"6090","DUMMY1":"-","KIHON2":"01","KEYCODE1":"214609001","KEYCODE2":"214609001","AREA_MAX_F":"M","KIGO_D":null,"N_KEN":null,"N_CITY":null,"KIGO_I":null,"KBSUM":15,"JINKO":1059,"SETAI":423,"X_CODE":135.394157,"Y_CODE":34.808894,"KCODE1":"6090-01"}},{"type":"Polygon","arcs":[[1049,1050,-1049,-971,-1009,1051]],"properties":{"KEY_CODE":"28214609002","PREF":"28","CITY":"214","S_AREA":"609002","PREF_NAME":"兵庫県","CITY_NAME":"宝塚市","S_NAME":"山本野里二丁目","KIGO_E":null,"HCODE":8101,"AREA":113755.919,"PERIMETER":2019.305,"R2KAxx":6666,"R2KAxx_ID":6665,"KIHON1":"6090","DUMMY1":"-","KIHON2":"02","KEYCODE1":"214609002","KEYCODE2":"214609002","AREA_MAX_F":"M","KIGO_D":null,"N_KEN":null,"N_CITY":null,"KIGO_I":null,"KBSUM":16,"JINKO":810,"SETAI":314,"X_CODE":135.396803,"Y_CODE":34.808902,"KCODE1":"6090-02"}},{"type":"Polygon","arcs":[[-1052,-1008,-1026,1052]],"properties":{"KEY_CODE":"28214609003","PREF":"28","CITY":"214","S_AREA":"609003","PREF_NAME":"兵庫県","CITY_NAME":"宝塚市","S_NAME":"山本野里三丁目","KIGO_E":null,"HCODE":8101,"AREA":155291.005,"PERIMETER":1729.589,"R2KAxx":6667,"R2KAxx_ID":6666,"KIHON1":"6090","DUMMY1":"-","KIHON2":"03","KEYCODE1":"214609003","KEYCODE2":"214609003","AREA_MAX_F":"M","KIGO_D":null,"N_KEN":null,"N_CITY":null,"KIGO_I":null,"KBSUM":26,"JINKO":1137,"SETAI":518,"X_CODE":135.400392,"Y_CODE":34.809853,"KCODE1":"6090-03"}},{"type":"Polygon","arcs":[[1053,1054,-1046]],"properties":{"KEY_CODE":"282146091","PREF":"28","CITY":"214","S_AREA":"609101","PREF_NAME":"兵庫県","CITY_NAME":"宝塚市","S_NAME":"山本野里","KIGO_E":"E4","HCODE":8101,"AREA":3370.401,"PERIMETER":264.541,"R2KAxx":6671,"R2KAxx_ID":6670,"KIHON1":"6091","DUMMY1":"-","KIHON2":"01","KEYCODE1":"214609101","KEYCODE2":"2146091","AREA_MAX_F":null,"KIGO_D":null,"N_KEN":null,"N_CITY":null,"KIGO_I":null,"KBSUM":0,"JINKO":0,"SETAI":0,"X_CODE":135.392885,"Y_CODE":34.809022,"KCODE1":"6091-01"}},{"type":"Polygon","arcs":[[1055,-1043]],"properties":{"KEY_CODE":"282146091","PREF":"28","CITY":"214","S_AREA":"609101","PREF_NAME":"兵庫県","CITY_NAME":"宝塚市","S_NAME":"山本野里","KIGO_E":"E2","HCODE":8101,"AREA":2931.585,"PERIMETER":274.772,"R2KAxx":6670,"R2KAxx_ID":6669,"KIHON1":"6091","DUMMY1":"-","KIHON2":"01","KEYCODE1":"214609101","KEYCODE2":"2146091","AREA_MAX_F":null,"KIGO_D":null,"N_KEN":null,"N_CITY":null,"KIGO_I":null,"KBSUM":0,"JINKO":0,"SETAI":0,"X_CODE":135.394519,"Y_CODE":34.808533,"KCODE1":"6091-01"}},{"type":"Polygon","arcs":[[1056,-1041,-1051,1057]],"properties":{"KEY_CODE":"282146091","PREF":"28","CITY":"214","S_AREA":"609101","PREF_NAME":"兵庫県","CITY_NAME":"宝塚市","S_NAME":"山本野里","KIGO_E":"E1","HCODE":8101,"AREA":6136.551,"PERIMETER":349.494,"R2KAxx":6669,"R2KAxx_ID":6668,"KIHON1":"6091","DUMMY1":"-","KIHON2":"01","KEYCODE1":"214609101","KEYCODE2":"2146091","AREA_MAX_F":"M","KIGO_D":null,"N_KEN":null,"N_CITY":null,"KIGO_I":null,"KBSUM":5,"JINKO":303,"SETAI":88,"X_CODE":135.396754,"Y_CODE":34.806675,"KCODE1":"6091-01"}},{"type":"Polygon","arcs":[[1058,1059]],"properties":{"KEY_CODE":"282146091","PREF":"28","CITY":"214","S_AREA":"609101","PREF_NAME":"兵庫県","CITY_NAME":"宝塚市","S_NAME":"山本野里","KIGO_E":"E5","HCODE":8101,"AREA":1132.401,"PERIMETER":183.498,"R2KAxx":6672,"R2KAxx_ID":6671,"KIHON1":"6091","DUMMY1":"-","KIHON2":"01","KEYCODE1":"214609101","KEYCODE2":"2146091","AREA_MAX_F":null,"KIGO_D":null,"N_KEN":null,"N_CITY":null,"KIGO_I":null,"KBSUM":0,"JINKO":0,"SETAI":0,"X_CODE":135.392547,"Y_CODE":34.809475,"KCODE1":"6091-01"}},{"type":"Polygon","arcs":[[-1038,1060,1061]],"properties":{"KEY_CODE":"282146091","PREF":"28","CITY":"214","S_AREA":"609101","PREF_NAME":"兵庫県","CITY_NAME":"宝塚市","S_NAME":"山本野里","KIGO_E":"E3","HCODE":8101,"AREA":2599.659,"PERIMETER":256.114,"R2KAxx":6668,"R2KAxx_ID":6667,"KIHON1":"6091","DUMMY1":"-","KIHON2":"01","KEYCODE1":"214609101","KEYCODE2":"2146091","AREA_MAX_F":null,"KIGO_D":null,"N_KEN":null,"N_CITY":null,"KIGO_I":null,"KBSUM":0,"JINKO":0,"SETAI":0,"X_CODE":135.394189,"Y_CODE":34.806756,"KCODE1":"6091-01"}},{"type":"Polygon","arcs":[[-1055,1062,-1060,1063,-1047]],"properties":{"KEY_CODE":"282146092","PREF":"28","CITY":"214","S_AREA":"609201","PREF_NAME":"兵庫県","CITY_NAME":"宝塚市","S_NAME":"山本野里","KIGO_E":"E2","HCODE":8101,"AREA":10808.442,"PERIMETER":621.492,"R2KAxx":6674,"R2KAxx_ID":6673,"KIHON1":"6092","DUMMY1":"-","KIHON2":"01","KEYCODE1":"214609201","KEYCODE2":"2146092","AREA_MAX_F":null,"KIGO_D":null,"N_KEN":null,"N_CITY":null,"KIGO_I":null,"KBSUM":0,"JINKO":0,"SETAI":0,"X_CODE":135.392646,"Y_CODE":34.809658,"KCODE1":"6092-01"}},{"type":"Polygon","arcs":[[-1057,1064,-1039,-1062,1065,-1044,-1056,-1042]],"properties":{"KEY_CODE":"282146092","PREF":"28","CITY":"214","S_AREA":"609201","PREF_NAME":"兵庫県","CITY_NAME":"宝塚市","S_NAME":"山本野里","KIGO_E":"E1","HCODE":8101,"AREA":22542.051,"PERIMETER":1307.499,"R2KAxx":6673,"R2KAxx_ID":6672,"KIHON1":"6092","DUMMY1":"-","KIHON2":"01","KEYCODE1":"214609201","KEYCODE2":"2146092","AREA_MAX_F":"M","KIGO_D":null,"N_KEN":null,"N_CITY":null,"KIGO_I":null,"KBSUM":3,"JINKO":230,"SETAI":105,"X_CODE":135.393905,"Y_CODE":34.80721,"KCODE1":"6092-01"}},{"type":"Polygon","arcs":[[1066,1067,1068,1069]],"properties":{"KEY_CODE":"282147100","PREF":"28","CITY":"214","S_AREA":"710000","PREF_NAME":"兵庫県","CITY_NAME":"宝塚市","S_NAME":"上佐曽利","KIGO_E":null,"HCODE":8101,"AREA":3497336.465,"PERIMETER":13953.498,"R2KAxx":6675,"R2KAxx_ID":6674,"KIHON1":"7100","DUMMY1":"-","KIHON2":"00","KEYCODE1":"214710000","KEYCODE2":"2147100","AREA_MAX_F":"M","KIGO_D":null,"N_KEN":null,"N_CITY":null,"KIGO_I":null,"KBSUM":7,"JINKO":203,"SETAI":71,"X_CODE":135.313699,"Y_CODE":34.944342,"KCODE1":"7100-00"}},{"type":"Polygon","arcs":[[-1067,1070]],"properties":{"KEY_CODE":"282147200","PREF":"28","CITY":"214","S_AREA":"720000","PREF_NAME":"兵庫県","CITY_NAME":"宝塚市","S_NAME":"香合新田","KIGO_E":null,"HCODE":8101,"AREA":316158.286,"PERIMETER":4338.261,"R2KAxx":6676,"R2KAxx_ID":6675,"KIHON1":"7200","DUMMY1":"-","KIHON2":"00","KEYCODE1":"214720000","KEYCODE2":"2147200","AREA_MAX_F":"M","KIGO_D":null,"N_KEN":null,"N_CITY":null,"KIGO_I":null,"KBSUM":4,"JINKO":15,"SETAI":6,"X_CODE":135.311482,"Y_CODE":34.956438,"KCODE1":"7200-00"}},{"type":"Polygon","arcs":[[1071,1072,1073,-1069,1074]],"properties":{"KEY_CODE":"282147300","PREF":"28","CITY":"214","S_AREA":"730000","PREF_NAME":"兵庫県","CITY_NAME":"宝塚市","S_NAME":"下佐曽利","KIGO_E":null,"HCODE":8101,"AREA":2562633.022,"PERIMETER":8337.152,"R2KAxx":6677,"R2KAxx_ID":6676,"KIHON1":"7300","DUMMY1":"-","KIHON2":"00","KEYCODE1":"214730000","KEYCODE2":"2147300","AREA_MAX_F":"M","KIGO_D":null,"N_KEN":null,"N_CITY":null,"KIGO_I":null,"KBSUM":3,"JINKO":84,"SETAI":33,"X_CODE":135.315682,"Y_CODE":34.926613,"KCODE1":"7300-00"}},{"type":"Polygon","arcs":[[1075,1076,1077,1078,-1072,1079],[1080],[1081]],"properties":{"KEY_CODE":"282147400","PREF":"28","CITY":"214","S_AREA":"740000","PREF_NAME":"兵庫県","CITY_NAME":"宝塚市","S_NAME":"長谷","KIGO_E":null,"HCODE":8101,"AREA":5281017.775,"PERIMETER":18673.496,"R2KAxx":6678,"R2KAxx_ID":6677,"KIHON1":"7400","DUMMY1":"-","KIHON2":"00","KEYCODE1":"214740000","KEYCODE2":"2147400","AREA_MAX_F":"M","KIGO_D":null,"N_KEN":null,"N_CITY":null,"KIGO_I":null,"KBSUM":5,"JINKO":275,"SETAI":121,"X_CODE":135.326726,"Y_CODE":34.912988,"KCODE1":"7400-00"}},{"type":"Polygon","arcs":[[-1081]],"properties":{"KEY_CODE":"282147500","PREF":"28","CITY":"214","S_AREA":"750000","PREF_NAME":"兵庫県","CITY_NAME":"宝塚市","S_NAME":"芝辻新田","KIGO_E":"E1","HCODE":8101,"AREA":154377.053,"PERIMETER":5128.13,"R2KAxx":6681,"R2KAxx_ID":6680,"KIHON1":"7500","DUMMY1":"-","KIHON2":"00","KEYCODE1":"214750000","KEYCODE2":"2147500","AREA_MAX_F":"M","KIGO_D":null,"N_KEN":null,"N_CITY":null,"KIGO_I":null,"KBSUM":3,"JINKO":9,"SETAI":3,"X_CODE":135.329703,"Y_CODE":34.910785,"KCODE1":"7500-00"}},{"type":"Polygon","arcs":[[1082,-1076]],"properties":{"KEY_CODE":"282147500","PREF":"28","CITY":"214","S_AREA":"750000","PREF_NAME":"兵庫県","CITY_NAME":"宝塚市","S_NAME":"芝辻新田","KIGO_E":"E2","HCODE":8101,"AREA":49377.819,"PERIMETER":1782.385,"R2KAxx":6680,"R2KAxx_ID":6679,"KIHON1":"7500","DUMMY1":"-","KIHON2":"00","KEYCODE1":"214750000","KEYCODE2":"2147500","AREA_MAX_F":null,"KIGO_D":null,"N_KEN":null,"N_CITY":null,"KIGO_I":null,"KBSUM":0,"JINKO":0,"SETAI":0,"X_CODE":135.338259,"Y_CODE":34.910694,"KCODE1":"7500-00"}},{"type":"Polygon","arcs":[[-1082]],"properties":{"KEY_CODE":"282147500","PREF":"28","CITY":"214","S_AREA":"750000","PREF_NAME":"兵庫県","CITY_NAME":"宝塚市","S_NAME":"芝辻新田","KIGO_E":"E3","HCODE":8101,"AREA":3329.073,"PERIMETER":343.497,"R2KAxx":6679,"R2KAxx_ID":6678,"KIHON1":"7500","DUMMY1":"-","KIHON2":"00","KEYCODE1":"214750000","KEYCODE2":"2147500","AREA_MAX_F":null,"KIGO_D":null,"N_KEN":null,"N_CITY":null,"KIGO_I":null,"KBSUM":0,"JINKO":0,"SETAI":0,"X_CODE":135.33399,"Y_CODE":34.905424,"KCODE1":"7500-00"}},{"type":"Polygon","arcs":[[-1073,-1079,1083,1084,1085,1086]],"properties":{"KEY_CODE":"282147700","PREF":"28","CITY":"214","S_AREA":"770000","PREF_NAME":"兵庫県","CITY_NAME":"宝塚市","S_NAME":"大原野","KIGO_E":null,"HCODE":8101,"AREA":7456716.725,"PERIMETER":14780.463,"R2KAxx":6682,"R2KAxx_ID":6681,"KIHON1":"7700","DUMMY1":"-","KIHON2":"00","KEYCODE1":"214770000","KEYCODE2":"2147700","AREA_MAX_F":"M","KIGO_D":null,"N_KEN":null,"N_CITY":null,"KIGO_I":null,"KBSUM":11,"JINKO":875,"SETAI":257,"X_CODE":135.30218,"Y_CODE":34.909229,"KCODE1":"7700-00"}},{"type":"Polygon","arcs":[[1087,1088,1089,-1086]],"properties":{"KEY_CODE":"282147800","PREF":"28","CITY":"214","S_AREA":"780000","PREF_NAME":"兵庫県","CITY_NAME":"宝塚市","S_NAME":"波豆","KIGO_E":null,"HCODE":8101,"AREA":5147096.794,"PERIMETER":12334.292,"R2KAxx":6683,"R2KAxx_ID":6682,"KIHON1":"7800","DUMMY1":"-","KIHON2":"00","KEYCODE1":"214780000","KEYCODE2":"2147800","AREA_MAX_F":"M","KIGO_D":null,"N_KEN":null,"N_CITY":null,"KIGO_I":null,"KBSUM":3,"JINKO":97,"SETAI":41,"X_CODE":135.28366,"Y_CODE":34.901443,"KCODE1":"7800-00"}},{"type":"Polygon","arcs":[[1090,-1088,-1085]],"properties":{"KEY_CODE":"282147900","PREF":"28","CITY":"214","S_AREA":"790000","PREF_NAME":"兵庫県","CITY_NAME":"宝塚市","S_NAME":"境野","KIGO_E":null,"HCODE":8101,"AREA":1981285.34,"PERIMETER":9285.99,"R2KAxx":6684,"R2KAxx_ID":6683,"KIHON1":"7900","DUMMY1":"-","KIHON2":"00","KEYCODE1":"214790000","KEYCODE2":"2147900","AREA_MAX_F":"M","KIGO_D":null,"N_KEN":null,"N_CITY":null,"KIGO_I":null,"KBSUM":4,"JINKO":214,"SETAI":89,"X_CODE":135.298939,"Y_CODE":34.890883,"KCODE1":"7900-00"}},{"type":"Polygon","arcs":[[1091,1092,-1089,-1091,-1084,-1078,1093]],"properties":{"KEY_CODE":"282148000","PREF":"28","CITY":"214","S_AREA":"800000","PREF_NAME":"兵庫県","CITY_NAME":"宝塚市","S_NAME":"玉瀬","KIGO_E":null,"HCODE":8101,"AREA":9300777.049,"PERIMETER":18135.166,"R2KAxx":6685,"R2KAxx_ID":6684,"KIHON1":"8000","DUMMY1":"-","KIHON2":"00","KEYCODE1":"214800000","KEYCODE2":"2148000","AREA_MAX_F":"M","KIGO_D":null,"N_KEN":null,"N_CITY":null,"KIGO_I":null,"KBSUM":8,"JINKO":409,"SETAI":126,"X_CODE":135.3059,"Y_CODE":34.87657,"KCODE1":"8000-00"}},{"type":"Polygon","arcs":[[1094,1095,-1092,1096]],"properties":{"KEY_CODE":"282148100","PREF":"28","CITY":"214","S_AREA":"810000","PREF_NAME":"兵庫県","CITY_NAME":"宝塚市","S_NAME":"切畑","KIGO_E":null,"HCODE":8101,"AREA":7275714.778,"PERIMETER":24867.097,"R2KAxx":6686,"R2KAxx_ID":6685,"KIHON1":"8100","DUMMY1":"-","KIHON2":"00","KEYCODE1":"214810000","KEYCODE2":"2148100","AREA_MAX_F":"M","KIGO_D":null,"N_KEN":null,"N_CITY":null,"KIGO_I":null,"KBSUM":7,"JINKO":210,"SETAI":83,"X_CODE":135.331856,"Y_CODE":34.873186,"KCODE1":"8100-00"}},{"type":"Polygon","arcs":[[-412,-407,-404,-402,-398,-424,1097,1098,-416]],"properties":{"KEY_CODE":"282149100","PREF":"28","CITY":"214","S_AREA":"910000","PREF_NAME":"兵庫県","CITY_NAME":"宝塚市","S_NAME":"伊孑志","KIGO_E":null,"HCODE":8101,"AREA":1183337.653,"PERIMETER":5898.112,"R2KAxx":6687,"R2KAxx_ID":6686,"KIHON1":"9100","DUMMY1":"-","KIHON2":"00","KEYCODE1":"214910000","KEYCODE2":"2149100","AREA_MAX_F":"M","KIGO_D":null,"N_KEN":null,"N_CITY":null,"KIGO_I":null,"KBSUM":1,"JINKO":0,"SETAI":0,"X_CODE":135.327825,"Y_CODE":34.80588,"KCODE1":"9100-00"}},{"type":"Polygon","arcs":[[-1098,-423,-422,-428,-444,-438,-431,-447,-450,-452,1099,1100]],"properties":{"KEY_CODE":"282149120","PREF":"28","CITY":"214","S_AREA":"912000","PREF_NAME":"兵庫県","CITY_NAME":"宝塚市","S_NAME":"小林","KIGO_E":null,"HCODE":8101,"AREA":3069180.469,"PERIMETER":10631.231,"R2KAxx":6688,"R2KAxx_ID":6687,"KIHON1":"9120","DUMMY1":"-","KIHON2":"00","KEYCODE1":"214912000","KEYCODE2":"2149120","AREA_MAX_F":"M","KIGO_D":null,"N_KEN":null,"N_CITY":null,"KIGO_I":null,"KBSUM":1,"JINKO":8,"SETAI":5,"X_CODE":135.317119,"Y_CODE":34.798846,"KCODE1":"9120-00"}},{"type":"Polygon","arcs":[[-445,-435,-377,-197,-195,-300,-339,1101,1102,-1100,-451,-448]],"properties":{"KEY_CODE":"282149150","PREF":"28","CITY":"214","S_AREA":"915000","PREF_NAME":"兵庫県","CITY_NAME":"宝塚市","S_NAME":"蔵人","KIGO_E":null,"HCODE":8101,"AREA":2522521.175,"PERIMETER":10937.396,"R2KAxx":6689,"R2KAxx_ID":6688,"KIHON1":"9150","DUMMY1":"-","KIHON2":"00","KEYCODE1":"214915000","KEYCODE2":"2149150","AREA_MAX_F":"M","KIGO_D":null,"N_KEN":null,"N_CITY":null,"KIGO_I":null,"KBSUM":3,"JINKO":6,"SETAI":2,"X_CODE":135.328616,"Y_CODE":34.787056,"KCODE1":"9150-00"}},{"type":"Polygon","arcs":[[-319,-325,1103,-1102,-338]],"properties":{"KEY_CODE":"282149180","PREF":"28","CITY":"214","S_AREA":"918000","PREF_NAME":"兵庫県","CITY_NAME":"宝塚市","S_NAME":"鹿塩","KIGO_E":null,"HCODE":8101,"AREA":229331.826,"PERIMETER":2369.569,"R2KAxx":6690,"R2KAxx_ID":6689,"KIHON1":"9180","DUMMY1":"-","KIHON2":"00","KEYCODE1":"214918000","KEYCODE2":"2149180","AREA_MAX_F":"M","KIGO_D":null,"N_KEN":null,"N_CITY":null,"KIGO_I":null,"KBSUM":1,"JINKO":0,"SETAI":0,"X_CODE":135.342887,"Y_CODE":34.780758,"KCODE1":"9180-00"}},{"type":"Polygon","arcs":[[-559,-509,1104,1105,1106,-547,-561]],"properties":{"KEY_CODE":"282149340","PREF":"28","CITY":"214","S_AREA":"934000","PREF_NAME":"兵庫県","CITY_NAME":"宝塚市","S_NAME":"米谷","KIGO_E":null,"HCODE":8101,"AREA":146558.303,"PERIMETER":2132.915,"R2KAxx":6691,"R2KAxx_ID":6690,"KIHON1":"9340","DUMMY1":"-","KIHON2":"00","KEYCODE1":"214934000","KEYCODE2":"2149340","AREA_MAX_F":"M","KIGO_D":null,"N_KEN":null,"N_CITY":null,"KIGO_I":null,"KBSUM":1,"JINKO":3,"SETAI":1,"X_CODE":135.354154,"Y_CODE":34.822205,"KCODE1":"9340-00"}},{"type":"Polygon","arcs":[[-475,-474,-549]],"properties":{"KEY_CODE":"28214945002","PREF":"28","CITY":"214","S_AREA":"945002","PREF_NAME":"兵庫県","CITY_NAME":"宝塚市","S_NAME":"川面字一後谷","KIGO_E":null,"HCODE":8101,"AREA":17285.878,"PERIMETER":722.508,"R2KAxx":6692,"R2KAxx_ID":6691,"KIHON1":"9450","DUMMY1":"-","KIHON2":"02","KEYCODE1":"214945002","KEYCODE2":"214945002","AREA_MAX_F":"M","KIGO_D":null,"N_KEN":null,"N_CITY":null,"KIGO_I":null,"KBSUM":1,"JINKO":0,"SETAI":0,"X_CODE":135.34285,"Y_CODE":34.818446,"KCODE1":"9450-02"}},{"type":"Polygon","arcs":[[1107,1108,-463,-477,-548,-553,-557,-555,-558,-550,-472,-457,1109,1110]],"properties":{"KEY_CODE":"28214945004","PREF":"28","CITY":"214","S_AREA":"945004","PREF_NAME":"兵庫県","CITY_NAME":"宝塚市","S_NAME":"川面字長尾山","KIGO_E":null,"HCODE":8101,"AREA":3084903.354,"PERIMETER":14209.427,"R2KAxx":6693,"R2KAxx_ID":6692,"KIHON1":"9450","DUMMY1":"-","KIHON2":"04","KEYCODE1":"214945004","KEYCODE2":"214945004","AREA_MAX_F":"M","KIGO_D":null,"N_KEN":null,"N_CITY":null,"KIGO_I":null,"KBSUM":3,"JINKO":130,"SETAI":22,"X_CODE":135.335801,"Y_CODE":34.830142,"KCODE1":"9450-04"}},{"type":"Polygon","arcs":[[-799,-795,-791,-586,-596,-598,-775,-777,-778,-807]],"properties":{"KEY_CODE":"28214980000","PREF":"28","CITY":"214","S_AREA":"980000","PREF_NAME":"兵庫県","CITY_NAME":"宝塚市","S_NAME":"中筋","KIGO_E":null,"HCODE":8101,"AREA":205378.631,"PERIMETER":3586.293,"R2KAxx":6694,"R2KAxx_ID":6693,"KIHON1":"9800","DUMMY1":"-","KIHON2":"00","KEYCODE1":"214980000","KEYCODE2":"214980000","AREA_MAX_F":"M","KIGO_D":null,"N_KEN":null,"N_CITY":null,"KIGO_I":null,"KBSUM":1,"JINKO":0,"SETAI":0,"X_CODE":135.372331,"Y_CODE":34.831882,"KCODE1":"9800-00"}},{"type":"Polygon","arcs":[[-828,-786,-769,-788,-767,-771,1111,1112]],"properties":{"KEY_CODE":"28214980009","PREF":"28","CITY":"214","S_AREA":"980009","PREF_NAME":"兵庫県","CITY_NAME":"宝塚市","S_NAME":"中筋字平井","KIGO_E":null,"HCODE":8101,"AREA":613256.966,"PERIMETER":5089.186,"R2KAxx":6695,"R2KAxx_ID":6694,"KIHON1":"9800","DUMMY1":"-","KIHON2":"09","KEYCODE1":"214980009","KEYCODE2":"214980009","AREA_MAX_F":"M","KIGO_D":null,"N_KEN":null,"N_CITY":null,"KIGO_I":null,"KBSUM":1,"JINKO":0,"SETAI":0,"X_CODE":135.361479,"Y_CODE":34.84351,"KCODE1":"9800-09"}},{"type":"Polygon","arcs":[[-604,-566,-539,-542,1113,-1106,1114,-1108,1115]],"properties":{"KEY_CODE":"282149810","PREF":"28","CITY":"214","S_AREA":"981000","PREF_NAME":"兵庫県","CITY_NAME":"宝塚市","S_NAME":"中山寺","KIGO_E":null,"HCODE":8101,"AREA":2638222.728,"PERIMETER":9073.939,"R2KAxx":6696,"R2KAxx_ID":6695,"KIHON1":"9810","DUMMY1":"-","KIHON2":"00","KEYCODE1":"214981000","KEYCODE2":"2149810","AREA_MAX_F":"M","KIGO_D":null,"N_KEN":null,"N_CITY":null,"KIGO_I":null,"KBSUM":1,"JINKO":0,"SETAI":0,"X_CODE":135.353286,"Y_CODE":34.83174,"KCODE1":"9810-00"}},{"type":"Polygon","arcs":[[-1105,-508,-464,-1109,-1115]],"properties":{"KEY_CODE":"282149900","PREF":"28","CITY":"214","S_AREA":"990001","PREF_NAME":"兵庫県","CITY_NAME":"宝塚市","S_NAME":"切畑","KIGO_E":"E3","HCODE":8101,"AREA":65489.783,"PERIMETER":1331.484,"R2KAxx":6697,"R2KAxx_ID":6696,"KIHON1":"9900","DUMMY1":"-","KIHON2":"01","KEYCODE1":"214990001","KEYCODE2":"2149900","AREA_MAX_F":null,"KIGO_D":null,"N_KEN":null,"N_CITY":null,"KIGO_I":null,"KBSUM":0,"JINKO":0,"SETAI":0,"X_CODE":135.350773,"Y_CODE":34.820732,"KCODE1":"9900-01"}},{"type":"Polygon","arcs":[[-743,1116,-735,-713,-703,-706,-685,-695,-673,-840,-841,-821,-827,1117]],"properties":{"KEY_CODE":"282149900","PREF":"28","CITY":"214","S_AREA":"990001","PREF_NAME":"兵庫県","CITY_NAME":"宝塚市","S_NAME":"切畑","KIGO_E":"E2","HCODE":8101,"AREA":1502238.287,"PERIMETER":9258.735,"R2KAxx":6700,"R2KAxx_ID":6699,"KIHON1":"9900","DUMMY1":"-","KIHON2":"01","KEYCODE1":"214990001","KEYCODE2":"2149900","AREA_MAX_F":null,"KIGO_D":null,"N_KEN":null,"N_CITY":null,"KIGO_I":null,"KBSUM":0,"JINKO":0,"SETAI":0,"X_CODE":135.388568,"Y_CODE":34.833214,"KCODE1":"9900-01"}},{"type":"Polygon","arcs":[[-541,-526,-543,-1107,-1114]],"properties":{"KEY_CODE":"282149900","PREF":"28","CITY":"214","S_AREA":"990001","PREF_NAME":"兵庫県","CITY_NAME":"宝塚市","S_NAME":"切畑","KIGO_E":"E5","HCODE":8101,"AREA":114858.678,"PERIMETER":2532.977,"R2KAxx":6698,"R2KAxx_ID":6697,"KIHON1":"9900","DUMMY1":"-","KIHON2":"01","KEYCODE1":"214990001","KEYCODE2":"2149900","AREA_MAX_F":null,"KIGO_D":null,"N_KEN":null,"N_CITY":null,"KIGO_I":null,"KBSUM":0,"JINKO":0,"SETAI":0,"X_CODE":135.358071,"Y_CODE":34.824336,"KCODE1":"9900-01"}},{"type":"Polygon","arcs":[[-740,1118]],"properties":{"KEY_CODE":"282149900","PREF":"28","CITY":"214","S_AREA":"990001","PREF_NAME":"兵庫県","CITY_NAME":"宝塚市","S_NAME":"切畑","KIGO_E":"E1","HCODE":8101,"AREA":22270.81,"PERIMETER":775.221,"R2KAxx":6699,"R2KAxx_ID":6698,"KIHON1":"9900","DUMMY1":"-","KIHON2":"01","KEYCODE1":"214990001","KEYCODE2":"2149900","AREA_MAX_F":null,"KIGO_D":null,"N_KEN":null,"N_CITY":null,"KIGO_I":null,"KBSUM":11,"JINKO":252,"SETAI":27,"X_CODE":135.395683,"Y_CODE":34.840191,"KCODE1":"9900-01"}},{"type":"Polygon","arcs":[[1119,1120,-1112,-772,-760,-756,-605,-1116,-1111,1121,-1095]],"properties":{"KEY_CODE":"282149900","PREF":"28","CITY":"214","S_AREA":"990001","PREF_NAME":"兵庫県","CITY_NAME":"宝塚市","S_NAME":"切畑","KIGO_E":"E4","HCODE":8101,"AREA":12268142.302,"PERIMETER":30836.471,"R2KAxx":6701,"R2KAxx_ID":6700,"KIHON1":"9900","DUMMY1":"-","KIHON2":"01","KEYCODE1":"214990001","KEYCODE2":"2149900","AREA_MAX_F":"M","KIGO_D":null,"N_KEN":null,"N_CITY":null,"KIGO_I":null,"KBSUM":0,"JINKO":0,"SETAI":0,"X_CODE":135.339807,"Y_CODE":34.851673,"KCODE1":"9900-01"}},{"type":"Polygon","arcs":[[-842,1122,-732,-730,-725,-719,-741,-1119,-739,1123,-744,-1118,-829,-1113,-1121,1124]],"properties":{"KEY_CODE":"282149901","PREF":"28","CITY":"214","S_AREA":"990101","PREF_NAME":"兵庫県","CITY_NAME":"宝塚市","S_NAME":"切畑","KIGO_E":null,"HCODE":8101,"AREA":2032968.117,"PERIMETER":12190.651,"R2KAxx":6702,"R2KAxx_ID":6701,"KIHON1":"9901","DUMMY1":"-","KIHON2":"01","KEYCODE1":"214990101","KEYCODE2":"2149901","AREA_MAX_F":"M","KIGO_D":null,"N_KEN":null,"N_CITY":null,"KIGO_I":null,"KBSUM":1,"JINKO":0,"SETAI":0,"X_CODE":135.388342,"Y_CODE":34.843317,"KCODE1":"9901-01"}}]},"city":{"type":"GeometryCollection","geometries":[{"type":"MultiPolygon","arcs":[[[82,249,252,277,280,332,334,336,329,331,321,323,1103,1102,1100,1098,416,493,489,455,1109,1121,1095,1092,1089,1086,1073,1069,1070,1067,1074,1079,1082,1076,1093,1096,1119,1124,842,1122,732,728,727,721,715,708,695,707,1033,1035,1036,1012,1018,1031,1026,1030,1024,1052,1049,1057,1064,1039,1060,1065,1044,1053,1062,1058,1063,1047,960,974,942,975,949,904,896,902,892,881,887,876,885,137,139,132,150,152,165,169,122,97,112,113,123,109,124,115,108,120,118,125,104,96,90],[736],[737,1123,741,1116,735]]],"id":"214","properties":{"PREF":"28","CITY":"214","PREF_NAME":"兵庫県","CITY_NAME":"宝塚市","HCODE":8101,"DUMMY1":"-","KIGO_D":null,"N_KEN":null,"N_CITY":null,"KIGO_I":null}}]}},"arcs":[[[135.365498,34.797796],[135.364881,34.798408],[135.364497,34.798727],[135.364177,34.798993],[135.363499,34.799556],[135.36284,34.800104],[135.362598,34.800251],[135.362262,34.800441],[135.361951,34.800628],[135.361541,34.800935],[135.361333,34.801092],[135.36092,34.801344]],[[135.36092,34.801344],[135.361518,34.802062],[135.362339,34.803106]],[[135.362339,34.803106],[135.362653,34.802924],[135.362746,34.802875],[135.362993,34.802773],[135.363312,34.802655],[135.363787,34.80248],[135.363943,34.802424],[135.36411,34.80235],[135.364424,34.802168],[135.364853,34.80192],[135.36487,34.80191],[135.365077,34.80177],[135.365168,34.8017],[135.365178,34.801692],[135.365427,34.801501],[135.365438,34.801491],[135.365818,34.801165],[135.365954,34.801028],[135.36607,34.800895],[135.366316,34.800574],[135.366536,34.800272],[135.366714,34.800028],[135.366873,34.799775],[135.367222,34.799284]],[[135.367222,34.799284],[135.367604,34.798755]],[[135.367604,34.798755],[135.366549,34.798313],[135.365498,34.797796]],[[135.367955,34.799606],[135.367222,34.799284]],[[135.362339,34.803106],[135.362857,34.803765],[135.362917,34.803841],[135.363422,34.804466]],[[135.363422,34.804466],[135.363717,34.804819]],[[135.363717,34.804819],[135.364884,34.804413]],[[135.364884,34.804413],[135.364947,34.804328],[135.364985,34.804268],[135.36502,34.804199],[135.365048,34.804124],[135.365056,34.804017],[135.36511,34.803432],[135.365123,34.803363],[135.365149,34.803316],[135.365283,34.803213],[135.36533,34.803177],[135.365752,34.802852],[135.365931,34.802707],[135.365973,34.802652],[135.365989,34.8026],[135.365996,34.802555],[135.365988,34.802518],[135.365976,34.802484],[135.365927,34.802437],[135.365872,34.80235],[135.365862,34.802309],[135.365869,34.802279],[135.365905,34.802245],[135.366038,34.802179],[135.366102,34.802137],[135.36614,34.802097],[135.366183,34.802043],[135.366202,34.801981],[135.366233,34.801823],[135.366263,34.801732],[135.3663,34.801659],[135.366343,34.801596],[135.366828,34.801052],[135.367301,34.800449],[135.367452,34.800273],[135.367526,34.800174],[135.367717,34.799934],[135.367817,34.799808],[135.367889,34.799691],[135.367955,34.799606]],[[135.362903,34.804818],[135.363422,34.804466]],[[135.362339,34.803106],[135.361824,34.803388],[135.36156,34.803491],[135.361434,34.803532],[135.361288,34.803565],[135.361116,34.803593],[135.360964,34.803608],[135.360668,34.803625],[135.36055,34.803632],[135.359967,34.803655]],[[135.359967,34.803655],[135.360115,34.804185],[135.359998,34.804193],[135.359923,34.804196],[135.359822,34.804187],[135.35979,34.804183],[135.359647,34.804164],[135.359552,34.80416],[135.359447,34.80416],[135.359309,34.804178],[135.359167,34.804196],[135.359066,34.804206],[135.358943,34.804211],[135.358889,34.804213],[135.358631,34.804219],[135.358761,34.804356],[135.358856,34.804457],[135.358952,34.80449],[135.358974,34.805093]],[[135.358974,34.805093],[135.359185,34.805069],[135.35986,34.804994],[135.359988,34.805458],[135.359962,34.805453],[135.359947,34.806019]],[[135.359947,34.806019],[135.360453,34.805894],[135.360749,34.805813],[135.360854,34.805784],[135.361191,34.805674],[135.361693,34.805493],[135.362126,34.805337],[135.362455,34.805117],[135.362903,34.804818]],[[135.366548,34.803831],[135.364967,34.804384],[135.364884,34.804413]],[[135.363717,34.804819],[135.36388,34.80502],[135.363937,34.805096],[135.363979,34.805158],[135.364018,34.805247],[135.364042,34.805318],[135.364058,34.805416],[135.364063,34.805569],[135.364059,34.805822],[135.364045,34.805942],[135.364025,34.806049],[135.363987,34.806243],[135.365019,34.806444],[135.364904,34.806733],[135.365363,34.806864],[135.365328,34.806945],[135.365122,34.807347],[135.365429,34.807453],[135.365671,34.807556],[135.365752,34.807617],[135.365899,34.807793]],[[135.365899,34.807793],[135.366039,34.80766],[135.366124,34.807563],[135.366177,34.807513],[135.36624,34.807466],[135.366319,34.807413],[135.366433,34.807334],[135.366489,34.807263],[135.366542,34.80711],[135.366677,34.806847],[135.366726,34.806741],[135.366746,34.80666],[135.36679,34.806448],[135.366908,34.806249],[135.366952,34.806175],[135.366987,34.806094],[135.367104,34.805833],[135.367228,34.805569],[135.367241,34.805405],[135.367259,34.805303],[135.367291,34.80517],[135.367348,34.805022],[135.36741,34.804902],[135.367459,34.804803],[135.367509,34.804736],[135.367586,34.804689],[135.367673,34.804644],[135.36762,34.804421],[135.367552,34.804288],[135.367427,34.804112],[135.367303,34.803978],[135.367239,34.803929],[135.367124,34.803879],[135.367004,34.803841],[135.366856,34.803831],[135.366548,34.803831]],[[135.365103,34.808929],[135.365114,34.808903],[135.365132,34.808809],[135.365147,34.808594],[135.365441,34.808347],[135.366032,34.807889],[135.365899,34.807793]],[[135.362903,34.804818],[135.363048,34.80543],[135.362858,34.805541],[135.36279,34.80561],[135.362741,34.805692],[135.362714,34.805746],[135.36269,34.80582],[135.362681,34.80588],[135.362681,34.805964],[135.362696,34.806156],[135.362707,34.806264],[135.362709,34.80636],[135.362667,34.806858],[135.362643,34.80717],[135.36264,34.807227],[135.362624,34.807366],[135.362611,34.807429],[135.362591,34.807499],[135.362566,34.807542],[135.362521,34.807583],[135.362441,34.80763],[135.362029,34.807851],[135.361901,34.807944],[135.361845,34.807991],[135.361798,34.808036],[135.361755,34.808095],[135.361726,34.808149],[135.3617,34.808258],[135.361653,34.808522],[135.361587,34.808845],[135.361585,34.808913],[135.361596,34.808976],[135.361637,34.809045]],[[135.361637,34.809045],[135.361738,34.809063],[135.36208,34.809115],[135.362149,34.809128]],[[135.362149,34.809128],[135.362598,34.809213],[135.362666,34.80922],[135.362758,34.809218],[135.362924,34.809195],[135.363188,34.80914],[135.363402,34.809081],[135.363475,34.809076],[135.363547,34.809084],[135.363675,34.809105],[135.363825,34.809136],[135.363909,34.809147],[135.363962,34.809143],[135.364009,34.809125],[135.364073,34.809083],[135.364199,34.808968],[135.364241,34.80894],[135.3643,34.808919],[135.364373,34.808915],[135.36445,34.808928],[135.364526,34.808953],[135.364611,34.80898],[135.365011,34.809103],[135.365078,34.808991],[135.365103,34.808929]],[[135.36092,34.801344],[135.359718,34.802053],[135.359073,34.802425],[135.358946,34.802497],[135.358865,34.80253],[135.358058,34.802861],[135.357296,34.803173]],[[135.357296,34.803173],[135.357675,34.803577],[135.357909,34.803937],[135.358059,34.803901],[135.358448,34.803803],[135.35851,34.803792],[135.358655,34.803764],[135.358783,34.803745],[135.358905,34.803727],[135.358973,34.803718],[135.359083,34.803702],[135.359249,34.803684],[135.359277,34.803683],[135.359533,34.803673],[135.35967,34.803667],[135.359967,34.803655]],[[135.357296,34.803173],[135.356578,34.803468]],[[135.356578,34.803468],[135.35649,34.803504],[135.355283,34.804073],[135.354368,34.804505],[135.354138,34.804613],[135.354086,34.804637]],[[135.354086,34.804637],[135.354092,34.804766],[135.354093,34.804842],[135.354079,34.804948],[135.35404,34.805142],[135.354026,34.805209],[135.354016,34.805259],[135.354001,34.805331],[135.353978,34.805441],[135.35397,34.805476],[135.353939,34.805557],[135.353886,34.805651],[135.353807,34.805757],[135.35368,34.805928],[135.353146,34.806625]],[[135.353146,34.806625],[135.353311,34.806655],[135.353368,34.806658],[135.353406,34.806659],[135.353496,34.80665],[135.353845,34.806581],[135.354335,34.806484],[135.354455,34.80646],[135.354562,34.806426],[135.354604,34.806404],[135.354809,34.806238],[135.355281,34.805835],[135.355416,34.805758],[135.355527,34.805721],[135.355681,34.805668],[135.355979,34.805578],[135.356212,34.805507],[135.356238,34.805501],[135.356591,34.805408],[135.356711,34.805377],[135.356728,34.805373],[135.356942,34.805326],[135.356956,34.805323],[135.357098,34.805298],[135.357353,34.805266],[135.357443,34.805257],[135.358046,34.805196],[135.358303,34.80517],[135.358818,34.805111],[135.358974,34.805093]],[[135.354086,34.804637],[135.353875,34.804643],[135.352729,34.804674],[135.352424,34.804683],[135.352273,34.804687],[135.352097,34.804689],[135.351982,34.804699],[135.35154,34.804742]],[[135.35154,34.804742],[135.350416,34.804867],[135.350082,34.804912],[135.349149,34.805189],[135.347822,34.805582],[135.347214,34.805762],[135.346587,34.805949]],[[135.346587,34.805949],[135.34697,34.806763],[135.347016,34.80688],[135.347036,34.806965],[135.347046,34.807052],[135.347047,34.807149],[135.347041,34.807309],[135.347023,34.807419],[135.346984,34.807528],[135.347387,34.808173],[135.347725,34.808714]],[[135.347725,34.808714],[135.349192,34.808392],[135.350111,34.808189],[135.351166,34.807957],[135.352369,34.807693]],[[135.352369,34.807693],[135.352393,34.807631],[135.352437,34.80755],[135.352581,34.807367],[135.352748,34.807146],[135.353146,34.806625]],[[135.347725,34.808714],[135.347809,34.808896],[135.34786,34.80925],[135.347914,34.809619],[135.347998,34.810095]],[[135.347998,34.810095],[135.349645,34.809919],[135.349696,34.809913],[135.350183,34.809862],[135.35062,34.809805],[135.351646,34.809666]],[[135.351646,34.809666],[135.351648,34.809636]],[[135.351648,34.809636],[135.351664,34.80928],[135.351675,34.809207],[135.351683,34.809153],[135.351717,34.809062],[135.351767,34.808998],[135.351813,34.808951],[135.351954,34.808822],[135.352049,34.808708],[135.352101,34.808635],[135.352128,34.808547],[135.352151,34.808437],[135.352204,34.808195],[135.352243,34.808059],[135.352264,34.807995],[135.352317,34.807835],[135.352352,34.807736],[135.352369,34.807693]],[[135.355076,34.807094],[135.353884,34.807358],[135.353818,34.807373],[135.352582,34.807648],[135.352369,34.807693]],[[135.351648,34.809636],[135.352081,34.809602],[135.352393,34.8096],[135.352585,34.809605],[135.352813,34.809619],[135.352951,34.809638],[135.35312,34.809663],[135.353302,34.809695],[135.353444,34.809724],[135.353666,34.809775],[135.35384,34.809822],[135.353863,34.809829],[135.354163,34.809933],[135.354323,34.810001],[135.354481,34.810073],[135.354648,34.810157],[135.355023,34.810359],[135.355129,34.810415],[135.355408,34.810573],[135.355866,34.810831]],[[135.355866,34.810831],[135.35592,34.810736],[135.355971,34.810722],[135.356026,34.810641],[135.356106,34.810541],[135.356175,34.810456],[135.35608,34.810361],[135.356253,34.810269],[135.356208,34.810225],[135.356151,34.81015],[135.356113,34.810086],[135.356098,34.810056],[135.356033,34.810037],[135.355987,34.809988],[135.356016,34.809949],[135.356052,34.809879]],[[135.356052,34.809879],[135.35601,34.809834],[135.355967,34.809768],[135.355935,34.809704],[135.355839,34.809465],[135.355812,34.809384],[135.35571,34.809088],[135.355697,34.809041],[135.355633,34.808849],[135.355524,34.808494],[135.355364,34.80799],[135.35522,34.807541],[135.355076,34.807094]],[[135.358933,34.809851],[135.358785,34.809493],[135.358748,34.80941],[135.358722,34.809337],[135.35872,34.809264]],[[135.35872,34.809264],[135.358641,34.809286],[135.358475,34.809345],[135.35838,34.809389],[135.358333,34.809402],[135.358209,34.809017],[135.358153,34.808825],[135.358111,34.808708],[135.358005,34.80839],[135.357906,34.808089],[135.35784,34.807912],[135.357803,34.807784],[135.357694,34.807469],[135.357549,34.807028],[135.357403,34.806579]],[[135.357403,34.806579],[135.356733,34.806725],[135.356206,34.806842],[135.355533,34.806991],[135.355507,34.806997],[135.355076,34.807094]],[[135.356052,34.809879],[135.35617,34.809963],[135.356269,34.810014],[135.356367,34.810058],[135.35648,34.810086],[135.356616,34.810102],[135.356722,34.810105],[135.356836,34.8101],[135.357097,34.810066],[135.357326,34.81003],[135.357584,34.81],[135.35812,34.809925],[135.358454,34.809875],[135.358637,34.809852],[135.358778,34.809842],[135.358933,34.809851]],[[135.357403,34.806579],[135.358254,34.806391],[135.358775,34.806273],[135.358818,34.806263],[135.358918,34.806241],[135.359432,34.806131],[135.359947,34.806019]],[[135.361637,34.809045],[135.360947,34.808945],[135.360895,34.808936],[135.360778,34.808562],[135.360767,34.808531],[135.360619,34.808082],[135.360544,34.807829],[135.360436,34.80752],[135.360382,34.807346],[135.360334,34.807207],[135.360231,34.806904],[135.360088,34.806469],[135.359947,34.806019]],[[135.35872,34.809264],[135.359072,34.809203],[135.359128,34.80937],[135.359452,34.809418],[135.359799,34.80951],[135.35985,34.809517],[135.359888,34.809506],[135.359903,34.809479],[135.359895,34.809444],[135.360162,34.809486],[135.360659,34.809556],[135.360777,34.809562],[135.360978,34.809555],[135.361259,34.809445],[135.3615,34.809369],[135.361636,34.809317],[135.361828,34.809224],[135.36212,34.809189],[135.362149,34.809128]],[[135.366112,34.809054],[135.366048,34.809039],[135.365926,34.809013],[135.365771,34.808981],[135.365478,34.808953],[135.365401,34.808945],[135.365103,34.808929]],[[135.358933,34.809851],[135.359009,34.809886],[135.35907,34.809937],[135.359136,34.809997],[135.359173,34.810061],[135.359248,34.810373],[135.359312,34.810697],[135.359341,34.810857],[135.359369,34.810923],[135.359389,34.81096],[135.359417,34.811],[135.359457,34.811037],[135.359503,34.811064],[135.359588,34.811086],[135.359993,34.81115],[135.360782,34.811283],[135.361274,34.81137]],[[135.361274,34.81137],[135.361697,34.811442],[135.362199,34.81153],[135.362426,34.811573],[135.363194,34.811705],[135.363412,34.811748],[135.363621,34.811782],[135.363884,34.811829],[135.364289,34.811898],[135.364619,34.811951],[135.364954,34.812]],[[135.364954,34.812],[135.365129,34.811563],[135.365216,34.811342],[135.365266,34.81122],[135.365314,34.811103],[135.365381,34.810985],[135.365432,34.810893],[135.365472,34.810835],[135.365537,34.810765],[135.365603,34.810692],[135.365662,34.810659],[135.365736,34.810631],[135.365778,34.81062],[135.365843,34.810605],[135.365908,34.810579],[135.365967,34.81055],[135.365999,34.81052],[135.366035,34.81048],[135.366074,34.810416],[135.366105,34.810326],[135.366111,34.810304],[135.366124,34.810254],[135.366135,34.8102],[135.366134,34.810118],[135.366124,34.810009],[135.366116,34.809818],[135.366065,34.809334],[135.366049,34.809221],[135.366018,34.809146],[135.365976,34.809103],[135.36588,34.809057],[135.366072,34.809047],[135.366112,34.809054]],[[135.355866,34.810831],[135.356029,34.810921]],[[135.356029,34.810921],[135.356108,34.81097],[135.35618,34.81101],[135.356924,34.811408],[135.357324,34.811627],[135.357965,34.811972]],[[135.357965,34.811972],[135.358815,34.812419],[135.359777,34.812922],[135.360595,34.813348]],[[135.360595,34.813348],[135.360751,34.812795],[135.360783,34.812694],[135.36081,34.812603],[135.360824,34.812555],[135.360857,34.812452],[135.360999,34.812052],[135.361058,34.811869],[135.361172,34.811601],[135.361274,34.81137]],[[135.367028,34.808984],[135.366835,34.809278],[135.366726,34.809202],[135.366665,34.809159],[135.36662,34.809137],[135.366485,34.809106],[135.366264,34.809079],[135.366112,34.809054]],[[135.364954,34.812],[135.365136,34.812035],[135.366049,34.81218],[135.366072,34.812184],[135.367003,34.812352],[135.367716,34.812484],[135.367778,34.812483]],[[135.367778,34.812483],[135.367584,34.81184],[135.367455,34.811188],[135.367318,34.810552],[135.367195,34.809986],[135.367147,34.809746],[135.36708,34.809418],[135.367065,34.809322],[135.367037,34.809149],[135.367028,34.808984]],[[135.364954,34.812],[135.364791,34.812423],[135.364715,34.812613],[135.364595,34.812935],[135.364536,34.813082],[135.364466,34.813271],[135.364442,34.813332],[135.364338,34.813589],[135.364142,34.814105],[135.364052,34.814347],[135.364039,34.81438],[135.363885,34.814787]],[[135.363885,34.814787],[135.364383,34.814963],[135.36482,34.815117],[135.365481,34.815356],[135.365865,34.815492],[135.366256,34.815625],[135.366455,34.815698],[135.366614,34.815756],[135.367092,34.815929],[135.367303,34.816008],[135.367394,34.816038],[135.36835,34.816383],[135.36879,34.816537]],[[135.36879,34.816537],[135.368871,34.816405],[135.368968,34.81629],[135.369137,34.816127],[135.369181,34.816051],[135.369203,34.816004],[135.369211,34.815929],[135.369195,34.815834],[135.369135,34.815636],[135.369127,34.815551],[135.369128,34.815261],[135.369112,34.815123],[135.369086,34.815027],[135.369085,34.814943],[135.369099,34.814855],[135.369127,34.814755]],[[135.369127,34.814755],[135.369026,34.814743],[135.368878,34.814728],[135.368836,34.814641],[135.368768,34.814531],[135.368737,34.814491],[135.368596,34.814304],[135.368507,34.814178],[135.368475,34.814121],[135.368449,34.814059],[135.368415,34.813936],[135.368407,34.813857],[135.368374,34.813759],[135.368199,34.813451],[135.368143,34.81334],[135.368058,34.813108],[135.368025,34.812988],[135.367937,34.812847],[135.367908,34.812788],[135.367817,34.812485]],[[135.367817,34.812485],[135.367778,34.812483]],[[135.370819,34.812233],[135.370702,34.812242],[135.369663,34.812337],[135.369241,34.812368],[135.369005,34.812385],[135.368983,34.812387],[135.368718,34.812409],[135.368696,34.812412],[135.368133,34.81247],[135.367817,34.812485]],[[135.369127,34.814755],[135.369179,34.814628],[135.36923,34.814528],[135.36927,34.81446],[135.369313,34.814401],[135.369361,34.814348],[135.369498,34.81421],[135.36957,34.814137],[135.369664,34.814053],[135.369744,34.813975],[135.369814,34.813893],[135.369857,34.813813],[135.3699,34.813695],[135.369911,34.813663],[135.369958,34.813508],[135.370005,34.813358],[135.370033,34.813289],[135.370098,34.813177],[135.370202,34.813026],[135.370296,34.812908],[135.37044,34.812728],[135.370631,34.812478],[135.370819,34.812233]],[[135.372033,34.809543],[135.371868,34.810005],[135.371303,34.809837],[135.371416,34.809493]],[[135.371416,34.809493],[135.371361,34.809532],[135.371318,34.809542],[135.371246,34.809532],[135.371141,34.809508],[135.37102,34.809464],[135.370923,34.809408],[135.370834,34.809334],[135.370795,34.809291],[135.370771,34.809239],[135.370666,34.808982],[135.370574,34.808831],[135.370486,34.808699],[135.370385,34.808582],[135.370329,34.808556],[135.370256,34.808535],[135.370176,34.80851],[135.370032,34.808459],[135.369817,34.808397],[135.369719,34.808363],[135.369663,34.80833],[135.369598,34.808256],[135.369552,34.8082],[135.369485,34.808134]],[[135.369485,34.808134],[135.369391,34.808172],[135.369192,34.808247],[135.368886,34.808378],[135.36878,34.808424],[135.368669,34.808413],[135.367614,34.80828]],[[135.367614,34.80828],[135.367451,34.808268],[135.367028,34.808984]],[[135.370819,34.812233],[135.371133,34.811827],[135.37124,34.811694],[135.371348,34.811579],[135.371517,34.811418],[135.371599,34.811343],[135.371689,34.811261],[135.371812,34.811163],[135.371918,34.811084],[135.372114,34.810944],[135.372261,34.810854],[135.372414,34.810775],[135.372573,34.810705],[135.372725,34.81067],[135.37285,34.810657]],[[135.37285,34.810657],[135.372929,34.81052],[135.373069,34.810266],[135.373245,34.809945],[135.373131,34.809882],[135.372992,34.809846],[135.372842,34.80981],[135.372781,34.809795],[135.372387,34.80966],[135.372375,34.809656],[135.372197,34.809597],[135.372033,34.809543]],[[135.372033,34.809543],[135.371833,34.809477],[135.371658,34.809389],[135.371591,34.809382],[135.371527,34.809397],[135.371478,34.809431],[135.371416,34.809493]],[[135.367648,34.796759],[135.368755,34.797222],[135.368758,34.797216]],[[135.368758,34.797216],[135.368938,34.796924],[135.369064,34.796717],[135.36911,34.796643],[135.369208,34.796466],[135.369432,34.796064],[135.369572,34.795835],[135.369722,34.79559],[135.3698,34.795463],[135.36878,34.795031],[135.368335,34.795774],[135.36817,34.79601],[135.368006,34.796246],[135.367853,34.796465],[135.367711,34.796669],[135.367648,34.796759]],[[135.368059,34.798275],[135.367796,34.798589],[135.367604,34.798755]],[[135.367955,34.799606],[135.368065,34.799465],[135.368088,34.799412],[135.368141,34.799146],[135.368194,34.798992],[135.368258,34.798843],[135.368271,34.798814],[135.368391,34.798556],[135.368487,34.798349]],[[135.368487,34.798349],[135.368107,34.798222],[135.368104,34.798221],[135.368059,34.798275]],[[135.369307,34.797157],[135.369217,34.797182],[135.36902,34.797243],[135.368915,34.79727],[135.368787,34.797259],[135.368758,34.797216]],[[135.367648,34.796759],[135.367546,34.796918],[135.367372,34.797125],[135.367286,34.797228],[135.366963,34.797613],[135.366835,34.797756],[135.36798,34.798249],[135.368059,34.798275]],[[135.368487,34.798349],[135.368515,34.798287],[135.368574,34.79818],[135.368743,34.797934],[135.368815,34.79785],[135.368877,34.797804],[135.368974,34.79772],[135.369035,34.797655],[135.369135,34.797541],[135.369206,34.797424],[135.369273,34.797293],[135.369303,34.797186],[135.369307,34.797157]],[[135.369307,34.797157],[135.369318,34.797074],[135.369346,34.796986],[135.369353,34.796963],[135.369392,34.796866],[135.369486,34.796694],[135.369504,34.796663],[135.369696,34.796336],[135.369961,34.795881],[135.371019,34.794025]],[[135.371019,34.794025],[135.370996,34.793914],[135.371001,34.793753],[135.371007,34.793699],[135.371031,34.793639],[135.37104,34.793288],[135.370901,34.793199],[135.370599,34.793001],[135.370385,34.792849],[135.369839,34.792461]],[[135.369839,34.792461],[135.369777,34.792455],[135.369741,34.792502],[135.369609,34.792691],[135.369433,34.792938],[135.369265,34.793174],[135.369095,34.793413],[135.36893,34.793646],[135.36852,34.794237],[135.368429,34.794358],[135.368231,34.794623],[135.368045,34.79487],[135.367863,34.795113],[135.367716,34.79531],[135.367684,34.795352]],[[135.367684,34.795352],[135.367668,34.795374],[135.36746,34.795651],[135.366822,34.796381],[135.366676,34.796548],[135.366637,34.796592],[135.366107,34.797185],[135.366055,34.797243],[135.365994,34.797304],[135.365516,34.797778],[135.365498,34.797796]],[[135.368927,34.800042],[135.368118,34.799679],[135.367955,34.799606]],[[135.366548,34.803831],[135.367444,34.80353],[135.367904,34.803396],[135.368111,34.803348]],[[135.368111,34.803348],[135.368255,34.803314]],[[135.368255,34.803314],[135.368104,34.802846],[135.368065,34.80274],[135.36803,34.802675],[135.367977,34.802614],[135.367902,34.802559],[135.367815,34.802514],[135.367719,34.802489],[135.367628,34.802482],[135.367512,34.802489],[135.3674,34.802519],[135.367268,34.802562],[135.36711,34.802662],[135.367014,34.802367],[135.366961,34.802195],[135.366954,34.802085],[135.366975,34.801977],[135.367013,34.801867],[135.367072,34.801721],[135.367115,34.801616],[135.367171,34.801467],[135.367445,34.80124],[135.367571,34.801135],[135.367641,34.801081],[135.367658,34.801067],[135.368004,34.800772],[135.368927,34.800042]],[[135.371335,34.793984],[135.371335,34.793984]],[[135.371335,34.793984],[135.371335,34.793985],[135.371335,34.793985],[135.371335,34.793986],[135.371335,34.793986],[135.371334,34.793986],[135.371324,34.794016],[135.371305,34.794073],[135.371282,34.794139],[135.37127,34.794176],[135.371246,34.794247],[135.371154,34.794247],[135.371055,34.794247],[135.371028,34.794069],[135.371019,34.794025]],[[135.368927,34.800042],[135.37032,34.798857],[135.37099,34.79825],[135.371547,34.79774],[135.372156,34.797215]],[[135.372156,34.797215],[135.371595,34.797103],[135.371461,34.797029],[135.371205,34.797014],[135.371106,34.797019],[135.371116,34.796218],[135.371112,34.795107],[135.371052,34.795088],[135.371114,34.794825],[135.371155,34.794656],[135.371199,34.794571],[135.37127,34.794267],[135.371293,34.794169],[135.3713,34.794138],[135.371311,34.794089],[135.371323,34.794035],[135.371331,34.794002],[135.371334,34.793988],[135.371335,34.793986],[135.371335,34.793984]],[[135.372156,34.797215],[135.372691,34.796756]],[[135.372691,34.796756],[135.373476,34.796019],[135.374162,34.795415],[135.374193,34.795387]],[[135.374193,34.795387],[135.373847,34.795106],[135.373445,34.794823],[135.373333,34.794747],[135.37318,34.794674],[135.372974,34.794593],[135.372798,34.794541],[135.372786,34.794488],[135.372802,34.794118],[135.372569,34.794057],[135.372417,34.794009],[135.372315,34.793965],[135.372265,34.793948],[135.372219,34.79393]],[[135.372219,34.79393],[135.372191,34.793919],[135.372139,34.79389],[135.371992,34.79381],[135.371984,34.793801],[135.371983,34.7938],[135.371926,34.793782],[135.371918,34.793781],[135.371854,34.793769],[135.371853,34.793769],[135.371816,34.793765],[135.371813,34.793765],[135.371785,34.793764],[135.371785,34.793764],[135.371702,34.793757],[135.371594,34.793748],[135.371592,34.793748],[135.371572,34.793745],[135.371498,34.793736],[135.371496,34.793736],[135.371414,34.793717],[135.37141,34.793733],[135.371335,34.793984]],[[135.378612,34.791402],[135.378619,34.791378],[135.378642,34.791307],[135.37865,34.791281],[135.378652,34.791264],[135.378655,34.791239],[135.378657,34.79122],[135.378659,34.791206],[135.37866,34.791192],[135.378662,34.791179],[135.378663,34.791166],[135.378665,34.791148],[135.378672,34.791084],[135.378672,34.791084],[135.378648,34.791024],[135.378628,34.790974],[135.378628,34.790973],[135.378591,34.790941],[135.378535,34.790891]],[[135.378535,34.790891],[135.378152,34.791226]],[[135.378152,34.791226],[135.377827,34.791509],[135.377959,34.791685],[135.378432,34.791259],[135.378612,34.791402]],[[135.375555,34.791582],[135.375621,34.791641],[135.375899,34.791616]],[[135.375899,34.791616],[135.375867,34.791591],[135.375714,34.791459],[135.375576,34.791566],[135.375555,34.791582]],[[135.37645,34.793462],[135.376721,34.793214],[135.376765,34.793175],[135.376898,34.79305]],[[135.376898,34.79305],[135.376664,34.792895],[135.376667,34.792759],[135.376665,34.792606],[135.376645,34.792482],[135.376585,34.7923],[135.376515,34.792154],[135.37649,34.79207],[135.375747,34.792042]],[[135.375747,34.792042],[135.375821,34.79228],[135.375528,34.792225],[135.375403,34.79264],[135.375368,34.792755],[135.375128,34.792699],[135.375021,34.792765],[135.374929,34.792743],[135.374536,34.792643],[135.374517,34.792722],[135.37451,34.79275],[135.374503,34.792776],[135.374306,34.792707],[135.374289,34.792733],[135.373951,34.792607],[135.373858,34.792778],[135.373845,34.792774],[135.373686,34.792739],[135.373457,34.792688],[135.373292,34.79303],[135.373204,34.793194],[135.373187,34.793194],[135.37314,34.793196],[135.372978,34.79317],[135.372867,34.793137],[135.372692,34.79339],[135.372565,34.79337],[135.372538,34.793456],[135.372519,34.793514],[135.372722,34.79353],[135.37266,34.793594],[135.372608,34.793647],[135.372564,34.79369],[135.372528,34.793709],[135.372499,34.793713],[135.37246,34.793714],[135.372402,34.793715],[135.372296,34.793845],[135.372261,34.793888],[135.372219,34.79393]],[[135.374193,34.795387],[135.374644,34.795011],[135.374799,34.794882],[135.374903,34.794793],[135.37645,34.793462]],[[135.375755,34.791136],[135.376217,34.791586]],[[135.376217,34.791586],[135.376578,34.791523]],[[135.376578,34.791523],[135.376553,34.791431],[135.376535,34.791342],[135.376574,34.791219],[135.376652,34.791026],[135.376699,34.790926],[135.3767,34.790923],[135.3767,34.790923],[135.376715,34.79091],[135.376738,34.790891],[135.376787,34.79085],[135.37674,34.790807],[135.376709,34.790778],[135.37666,34.790609],[135.376439,34.790236],[135.376292,34.790276],[135.376169,34.790311],[135.376233,34.79041],[135.376468,34.790599],[135.376619,34.79072],[135.376429,34.790863],[135.376355,34.791004],[135.376273,34.791076],[135.376095,34.791232],[135.376077,34.791244],[135.376058,34.791246],[135.375995,34.791225],[135.375755,34.791136]],[[135.377239,34.791305],[135.377078,34.791493],[135.377068,34.791505],[135.377042,34.791531],[135.377025,34.791549],[135.377023,34.791551],[135.376966,34.791606],[135.376964,34.791608],[135.376934,34.791625],[135.376896,34.791648]],[[135.376896,34.791648],[135.377274,34.792107],[135.377616,34.791788],[135.377239,34.791305]],[[135.378091,34.790635],[135.37828,34.79078],[135.378029,34.791007],[135.378012,34.791033],[135.378152,34.791226]],[[135.378535,34.790891],[135.378535,34.790891]],[[135.378535,34.790891],[135.378539,34.790864],[135.37854,34.79086],[135.378545,34.790829],[135.378545,34.790828],[135.378558,34.790739],[135.378567,34.790679],[135.378574,34.790633],[135.378574,34.79063],[135.378573,34.790622],[135.378572,34.790615],[135.378544,34.790567],[135.378476,34.790548],[135.378475,34.790547],[135.37845,34.790544],[135.378425,34.790541],[135.378425,34.790541],[135.378371,34.790521],[135.378354,34.790514],[135.378287,34.790491],[135.378286,34.790491],[135.378286,34.790491],[135.378285,34.790491],[135.378258,34.790481],[135.378208,34.790482],[135.37817,34.790494],[135.378169,34.790495],[135.378116,34.790539],[135.378116,34.79054],[135.378104,34.790586],[135.378103,34.790589],[135.378103,34.790591],[135.3781,34.790599],[135.378091,34.790635]],[[135.376643,34.791722],[135.376643,34.791722]],[[135.376643,34.791722],[135.376626,34.791695],[135.376618,34.79167],[135.376601,34.791612],[135.376578,34.791523]],[[135.376217,34.791586],[135.375899,34.791616]],[[135.375555,34.791582],[135.375395,34.791441]],[[135.375395,34.791441],[135.375376,34.791457],[135.375211,34.791614],[135.375247,34.79168],[135.375473,34.791751],[135.375559,34.791841],[135.375692,34.791868]],[[135.375692,34.791868],[135.375744,34.791863],[135.376079,34.791798],[135.376253,34.791777],[135.376617,34.791751],[135.376652,34.79175],[135.376643,34.791722]],[[135.375755,34.791136],[135.375538,34.791323],[135.375395,34.791441]],[[135.376898,34.79305],[135.378022,34.792075],[135.378634,34.791537]],[[135.378634,34.791537],[135.378614,34.791522],[135.378583,34.791494],[135.378612,34.791402]],[[135.378091,34.790635],[135.378077,34.790691],[135.378076,34.790693],[135.378012,34.790808],[135.378011,34.790809],[135.377941,34.790887],[135.37794,34.790888],[135.377888,34.790928],[135.37784,34.790963],[135.37784,34.790964],[135.377803,34.791023],[135.377758,34.791096],[135.377593,34.791075],[135.37759,34.791076],[135.37738,34.791142],[135.377379,34.791142],[135.377306,34.791227],[135.377306,34.791228],[135.377306,34.791228],[135.37724,34.791304],[135.37724,34.791304],[135.377239,34.791305]],[[135.376896,34.791648],[135.376888,34.791651],[135.376879,34.791654],[135.376856,34.791663],[135.376787,34.791688],[135.376787,34.791689],[135.376703,34.791711],[135.376702,34.791711],[135.376643,34.791722]],[[135.375692,34.791868],[135.375747,34.792042]],[[135.367614,34.80828],[135.367674,34.808217],[135.367883,34.808024],[135.36793,34.807981],[135.367991,34.807941],[135.368079,34.807897],[135.368171,34.807859],[135.36826,34.807845],[135.368447,34.807832],[135.368547,34.807824],[135.368612,34.807817],[135.368749,34.807773],[135.368876,34.807728],[135.368984,34.80767],[135.369051,34.807629],[135.369148,34.807553],[135.369203,34.807492],[135.369263,34.80741],[135.369299,34.80735],[135.369327,34.807276],[135.369345,34.807178],[135.369349,34.807036],[135.36933,34.806831],[135.369331,34.806755],[135.369348,34.806712],[135.369388,34.806661],[135.369449,34.806617],[135.369592,34.806559],[135.369846,34.806455],[135.370084,34.806354],[135.37042,34.806225],[135.370638,34.806146],[135.370922,34.806065],[135.371044,34.806027]],[[135.371044,34.806027],[135.370893,34.805581],[135.370617,34.805639],[135.370448,34.805682],[135.370292,34.805721],[135.370008,34.805801],[135.369703,34.805892],[135.369544,34.80593],[135.369397,34.805954],[135.369279,34.805955],[135.369142,34.805942],[135.369051,34.805911],[135.368981,34.805872],[135.368921,34.805819],[135.368866,34.80573],[135.368841,34.805669],[135.368836,34.805566],[135.368827,34.805526],[135.368814,34.80548],[135.36878,34.80541],[135.368653,34.805158],[135.368589,34.805021],[135.368451,34.804755],[135.368396,34.804663],[135.368332,34.804576],[135.368305,34.804536],[135.368266,34.804453],[135.368154,34.804377],[135.368077,34.804329],[135.368016,34.804283],[135.367974,34.804228],[135.367943,34.804161],[135.367909,34.804048],[135.367883,34.803945],[135.367862,34.803832],[135.367861,34.803744],[135.367879,34.803656],[135.367907,34.803582],[135.367932,34.803533],[135.367971,34.803474],[135.368111,34.803348]],[[135.373553,34.80425],[135.37351,34.804233],[135.372659,34.803889],[135.372141,34.803677],[135.372,34.80363]],[[135.372,34.80363],[135.371822,34.80357],[135.371597,34.803495],[135.371424,34.803443],[135.371296,34.803406],[135.370907,34.803316],[135.370535,34.803257],[135.37023,34.803213],[135.370046,34.803197],[135.369929,34.80319],[135.369476,34.80318],[135.369241,34.803187],[135.369023,34.803205],[135.368783,34.803229],[135.368592,34.803251],[135.368381,34.803288],[135.368255,34.803314]],[[135.371044,34.806027],[135.371249,34.805972],[135.371438,34.805919],[135.371706,34.805879],[135.371955,34.805847],[135.372533,34.805771],[135.372762,34.805727]],[[135.372762,34.805727],[135.373374,34.805669],[135.373575,34.805662],[135.373718,34.805668],[135.373856,34.805681],[135.373971,34.805696],[135.374076,34.805702],[135.374161,34.805699],[135.374231,34.805689],[135.374284,34.805668],[135.374425,34.805593],[135.374586,34.805547],[135.374652,34.805534],[135.374688,34.80553],[135.374936,34.805542],[135.375697,34.805628],[135.37617,34.805714],[135.376415,34.805763],[135.376914,34.805882],[135.3771,34.806003],[135.377337,34.80618],[135.377513,34.806294],[135.377607,34.806342],[135.377841,34.80643]],[[135.377841,34.80643],[135.377898,34.806353],[135.377917,34.80631],[135.377998,34.806137],[135.378063,34.805961],[135.378084,34.805907]],[[135.378084,34.805907],[135.377243,34.805583],[135.376692,34.805363],[135.376592,34.805538],[135.376367,34.805387],[135.376244,34.805317],[135.376146,34.80527],[135.376046,34.805225],[135.375883,34.805161],[135.375261,34.804921],[135.373553,34.80425]],[[135.3726,34.807423],[135.372525,34.807216],[135.372522,34.807139],[135.372533,34.807103],[135.372546,34.807066],[135.372592,34.806817],[135.372688,34.806559],[135.372744,34.806371],[135.372801,34.806165],[135.372819,34.80607],[135.372808,34.806018],[135.372769,34.805963],[135.37276,34.805939],[135.372762,34.805727]],[[135.369485,34.808134],[135.369701,34.80792],[135.36976,34.80787],[135.36984,34.807826],[135.370252,34.807668],[135.370315,34.807638],[135.370486,34.807566],[135.370762,34.807451],[135.370863,34.807414],[135.370977,34.80737],[135.371035,34.807331],[135.371133,34.807248],[135.371245,34.807154],[135.371499,34.807132],[135.371671,34.807109],[135.371814,34.807113],[135.371986,34.807147],[135.37209,34.807179],[135.372315,34.807281],[135.3726,34.807423]],[[135.37285,34.810657],[135.373024,34.810658],[135.373148,34.810673],[135.373249,34.810696],[135.373311,34.810717],[135.373409,34.810765],[135.373505,34.810804],[135.37366,34.810881],[135.373844,34.810966],[135.374017,34.811032],[135.374153,34.811074],[135.374257,34.811091],[135.374353,34.8111],[135.374471,34.811096],[135.374638,34.811071],[135.374737,34.811045],[135.374883,34.811002],[135.375249,34.810884]],[[135.375249,34.810884],[135.375272,34.810843],[135.375399,34.810622],[135.375508,34.810408],[135.375626,34.810223],[135.375669,34.810134],[135.375687,34.810096],[135.375776,34.80995]],[[135.375776,34.80995],[135.375172,34.809438],[135.374803,34.809133],[135.374277,34.808713],[135.374142,34.808609],[135.373975,34.808472],[135.373628,34.808198],[135.373137,34.807783],[135.372979,34.807646],[135.37289,34.807572],[135.37277,34.807506],[135.3726,34.807423]],[[135.375776,34.80995],[135.375785,34.809934],[135.37579,34.809881],[135.375883,34.809758],[135.375884,34.809756],[135.375952,34.809629],[135.37603,34.809507],[135.376088,34.809418],[135.376167,34.809263],[135.376247,34.809129],[135.376339,34.808957],[135.376441,34.808762],[135.376543,34.808565],[135.376605,34.808461],[135.376695,34.808312],[135.37677,34.808193],[135.376849,34.808046],[135.376985,34.807866],[135.377155,34.807602],[135.377225,34.807489],[135.377328,34.807324],[135.377439,34.807139],[135.377515,34.807001],[135.377619,34.806816],[135.377752,34.80658],[135.377823,34.806455],[135.377841,34.80643]],[[135.372498,34.800992],[135.372118,34.800869],[135.371923,34.800806],[135.371913,34.800802],[135.371225,34.800591],[135.371187,34.800584],[135.370293,34.800407],[135.369818,34.800319],[135.369627,34.800279],[135.369475,34.800236],[135.369211,34.800156],[135.368927,34.800042]],[[135.372,34.80363],[135.372468,34.803386],[135.372432,34.803159],[135.372417,34.803039],[135.37243,34.802908],[135.372445,34.802737],[135.372453,34.802681],[135.37246,34.802628],[135.372477,34.802552],[135.372536,34.802399],[135.372585,34.802283],[135.372619,34.802195],[135.372653,34.802101],[135.372661,34.802029],[135.372657,34.801873],[135.372659,34.801582],[135.372634,34.801395],[135.372616,34.801303],[135.372587,34.801223],[135.372498,34.800992]],[[135.372884,34.796881],[135.372691,34.796756]],[[135.372498,34.800992],[135.37234,34.800447],[135.372301,34.800332],[135.372232,34.800124],[135.372214,34.80005],[135.372196,34.79998],[135.372188,34.799889],[135.37222,34.79969],[135.372264,34.799467],[135.372327,34.79918],[135.372365,34.798961],[135.372388,34.798869]],[[135.372388,34.798869],[135.372509,34.798305],[135.372571,34.798048],[135.372602,34.797922],[135.372745,34.797324],[135.372728,34.797073],[135.372884,34.796881]],[[135.373553,34.80425],[135.3739,34.803758],[135.3742,34.803342],[135.37443,34.803021],[135.374683,34.802664],[135.375039,34.80216],[135.37542,34.801646]],[[135.37542,34.801646],[135.374979,34.801431],[135.374602,34.801282],[135.374582,34.801274],[135.374274,34.801196],[135.37412,34.80117],[135.373893,34.801151],[135.373762,34.801134],[135.373324,34.801085],[135.372738,34.801013],[135.372498,34.800992]],[[135.37542,34.801646],[135.376393,34.800321]],[[135.376393,34.800321],[135.375919,34.80007],[135.376343,34.799492],[135.375889,34.79942],[135.375771,34.799401],[135.375369,34.799336],[135.375119,34.799294],[135.374774,34.799238],[135.374585,34.799201],[135.374496,34.799135],[135.374307,34.799102],[135.374103,34.799068],[135.374027,34.799085],[135.373871,34.799061],[135.373833,34.799055],[135.373682,34.798976],[135.373424,34.798959],[135.373255,34.798949],[135.372958,34.798929],[135.372388,34.798869]],[[135.379525,34.803021],[135.378243,34.802643],[135.377784,34.80251],[135.377436,34.802414],[135.376956,34.802267],[135.37657,34.802147],[135.376189,34.802026],[135.375815,34.801842],[135.37542,34.801646]],[[135.378084,34.805907],[135.378097,34.805874],[135.378115,34.80583],[135.378159,34.805722],[135.378206,34.805595],[135.378239,34.805501],[135.37829,34.805398],[135.37835,34.805251],[135.37837,34.805187],[135.378403,34.805103],[135.378407,34.805052],[135.378409,34.805026],[135.378422,34.804962],[135.378487,34.804847],[135.378569,34.804734],[135.37868,34.80456],[135.378777,34.804406],[135.378865,34.80426],[135.378981,34.804058],[135.379,34.80402],[135.379058,34.803907],[135.379134,34.803769],[135.37917,34.8037],[135.379184,34.803672],[135.379233,34.803527],[135.379348,34.803416],[135.379364,34.803389],[135.379379,34.803362],[135.379408,34.803309],[135.379472,34.803127],[135.379525,34.803021]],[[135.37757,34.798648],[135.376977,34.799441],[135.376393,34.800239],[135.376393,34.800321]],[[135.379525,34.803021],[135.379531,34.803009],[135.379549,34.802974],[135.379641,34.80279],[135.379787,34.802555],[135.379857,34.802425],[135.37994,34.8023],[135.380035,34.802157],[135.380138,34.801981],[135.380223,34.80185],[135.380321,34.801671],[135.380403,34.801531],[135.380482,34.801408],[135.380552,34.801274],[135.380572,34.801234],[135.380574,34.801232],[135.38066,34.801073],[135.380672,34.801053],[135.380695,34.801012],[135.380743,34.800929],[135.380842,34.800764],[135.380864,34.800718],[135.380882,34.800681],[135.380923,34.800597],[135.380985,34.800468],[135.381066,34.800314],[135.381158,34.800165],[135.381209,34.800068],[135.381225,34.800036]],[[135.381225,34.800036],[135.380666,34.79991],[135.380232,34.799823],[135.379812,34.799732],[135.379389,34.799647],[135.379368,34.799627],[135.379309,34.799565],[135.379202,34.799489],[135.379117,34.799422],[135.379047,34.799379],[135.378926,34.799317],[135.378776,34.799246],[135.378671,34.799214],[135.378797,34.799026],[135.378184,34.798888],[135.37757,34.798648]],[[135.37757,34.798648],[135.37792,34.798187]],[[135.37792,34.798187],[135.377561,34.797872],[135.377431,34.797774],[135.376542,34.797472]],[[135.376542,34.797472],[135.376263,34.797387],[135.375546,34.797145],[135.37544,34.797101],[135.375387,34.797078],[135.3752,34.796979],[135.375149,34.796951],[135.374764,34.79675],[135.374482,34.796621],[135.374326,34.796547],[135.374258,34.796522],[135.374205,34.796513],[135.37402,34.796519],[135.373792,34.796522],[135.373627,34.796535],[135.37348,34.796554],[135.373289,34.796588],[135.373067,34.796651],[135.372884,34.796881]],[[135.377735,34.794857],[135.377342,34.794849],[135.376561,34.794831],[135.376564,34.794651],[135.376573,34.794201],[135.376588,34.793857],[135.3766,34.793588],[135.37645,34.793462]],[[135.376542,34.797472],[135.376718,34.79714],[135.376825,34.796931],[135.376978,34.796645],[135.376997,34.796611],[135.37733,34.795948],[135.377525,34.795576],[135.37758,34.795477],[135.377713,34.795223],[135.377735,34.794857]],[[135.380372,34.795013],[135.379993,34.794521]],[[135.379993,34.794521],[135.37954,34.794758]],[[135.37954,34.794758],[135.379538,34.794759],[135.379678,34.794945],[135.379441,34.795287],[135.378961,34.794708]],[[135.378961,34.794708],[135.378716,34.794876],[135.377735,34.794857]],[[135.37792,34.798187],[135.37831,34.797653],[135.378511,34.797388],[135.379119,34.796574],[135.379501,34.796083],[135.379692,34.795852],[135.379946,34.795525],[135.380045,34.795405],[135.380372,34.795013]],[[135.380595,34.794785],[135.380372,34.795013]],[[135.381225,34.800036],[135.381286,34.799921],[135.381364,34.799759],[135.38139,34.799679],[135.381459,34.799537],[135.381547,34.79937],[135.381559,34.799346],[135.381647,34.799189],[135.38172,34.799046],[135.381731,34.799023],[135.381775,34.798919],[135.381778,34.798912],[135.381816,34.798823],[135.381868,34.798716],[135.381882,34.798687],[135.381967,34.798509],[135.382039,34.798354],[135.382101,34.798192],[135.382175,34.79805],[135.38226,34.797859],[135.382308,34.797743],[135.38231,34.797726],[135.382315,34.79769],[135.382269,34.797455],[135.382286,34.797407],[135.382457,34.797365],[135.38257,34.797416],[135.382623,34.797364],[135.382665,34.797304],[135.382775,34.797182],[135.382826,34.797103],[135.382859,34.797053],[135.382919,34.796961],[135.383024,34.796797],[135.38309,34.796654],[135.383184,34.796465],[135.383228,34.796367],[135.383272,34.79627],[135.383279,34.796257],[135.383279,34.796257],[135.38328,34.796255],[135.383291,34.796232],[135.383304,34.796205],[135.383319,34.796177],[135.383326,34.796162],[135.383333,34.796149],[135.383346,34.796123],[135.383352,34.796112],[135.383352,34.796111],[135.38337,34.796087],[135.383393,34.796055],[135.383408,34.796036],[135.383424,34.796014],[135.383434,34.796],[135.383441,34.795991],[135.38346,34.795967],[135.383487,34.795933],[135.38351,34.795903],[135.383522,34.795888],[135.383522,34.795888],[135.383529,34.795879],[135.383533,34.795874],[135.383543,34.795858],[135.383543,34.795858],[135.383552,34.795844],[135.383569,34.795819],[135.383597,34.795776],[135.383598,34.795775],[135.383622,34.795731],[135.383642,34.795695],[135.38366,34.795662],[135.383686,34.795613],[135.383689,34.795608],[135.383692,34.795603],[135.383692,34.795603],[135.383656,34.795596],[135.383569,34.795579],[135.383569,34.795579],[135.38346,34.795558],[135.383453,34.795557],[135.383453,34.795557],[135.383452,34.795556],[135.383423,34.795552],[135.383421,34.795551],[135.383356,34.795531],[135.383356,34.795531],[135.383294,34.795512],[135.383289,34.79551],[135.383235,34.795494],[135.383177,34.795476],[135.383106,34.795454],[135.383027,34.79543],[135.382942,34.795404],[135.382941,34.795404],[135.382941,34.795404],[135.382936,34.795403],[135.382924,34.795399],[135.3829,34.795391],[135.3829,34.795391],[135.382899,34.795391],[135.382899,34.795391],[135.382899,34.795391],[135.382899,34.795391],[135.382899,34.795391],[135.382781,34.795354],[135.382719,34.795335],[135.382719,34.795335],[135.382715,34.795343],[135.382715,34.795343],[135.382702,34.795374],[135.382679,34.795429],[135.38265,34.795499],[135.38265,34.795499],[135.382627,34.795549],[135.38257,34.795669],[135.382488,34.79577],[135.382286,34.79571],[135.382154,34.795659],[135.38201,34.795593],[135.381837,34.795525],[135.381685,34.795468],[135.381571,34.795429],[135.381385,34.795372],[135.381223,34.79532],[135.381043,34.795254],[135.380884,34.795172],[135.380728,34.795072],[135.380636,34.794915],[135.380602,34.794799],[135.380595,34.794785]],[[135.379304,34.794481],[135.37954,34.794758]],[[135.379993,34.794521],[135.379739,34.794191],[135.379304,34.794481]],[[135.379304,34.794481],[135.378961,34.794708]],[[135.380595,34.794785],[135.380556,34.794711],[135.380523,34.794628],[135.380477,34.79455],[135.380357,34.794467],[135.380199,34.794359],[135.380116,34.794273],[135.380007,34.794104],[135.379863,34.793878],[135.379819,34.793736],[135.379708,34.793749],[135.379661,34.793716],[135.379603,34.793621],[135.379533,34.793331],[135.379468,34.793192],[135.379352,34.792966],[135.379317,34.792876],[135.379274,34.792794],[135.379314,34.792711],[135.37931,34.792633],[135.3793,34.792446],[135.379297,34.792332],[135.379405,34.792279],[135.379298,34.792181],[135.379227,34.792249],[135.379123,34.792218],[135.379123,34.792217],[135.379096,34.792206],[135.379093,34.792205],[135.379093,34.792205],[135.379091,34.792204],[135.379086,34.792202],[135.379081,34.792199],[135.379076,34.792197],[135.379068,34.792192],[135.379033,34.792176],[135.379003,34.792164],[135.37898,34.792155],[135.378979,34.792155],[135.378978,34.792154],[135.378976,34.792154],[135.37891,34.792129],[135.378849,34.792105],[135.378848,34.792105],[135.378817,34.79209],[135.378798,34.792064],[135.378798,34.792064],[135.378794,34.792061],[135.37875,34.79202],[135.378749,34.792018],[135.378721,34.791975],[135.378715,34.791966],[135.378664,34.7919],[135.37864,34.791869],[135.378632,34.791858],[135.378681,34.791788],[135.378681,34.791788],[135.378691,34.791768],[135.3787,34.79175],[135.378702,34.791746],[135.378697,34.791684],[135.378694,34.791658],[135.378693,34.791647],[135.378683,34.791593],[135.378683,34.791593],[135.378678,34.79157],[135.378678,34.791569],[135.378634,34.791537]],[[135.353362,34.796325],[135.353323,34.796302],[135.353073,34.796275],[135.352939,34.796284],[135.352793,34.796294],[135.352533,34.796264],[135.352297,34.796248],[135.352213,34.796245],[135.352112,34.79623],[135.352003,34.796387],[135.351856,34.796382],[135.351707,34.796355],[135.351644,34.796361],[135.351553,34.796401],[135.35138,34.79648],[135.351223,34.796532]],[[135.351223,34.796532],[135.350985,34.796957],[135.350887,34.797121],[135.350775,34.797279],[135.350646,34.79744],[135.350559,34.797541],[135.350704,34.79764],[135.350308,34.798106]],[[135.350308,34.798106],[135.350391,34.798181],[135.350533,34.79838],[135.35061,34.798499],[135.350637,34.798546],[135.350672,34.798602],[135.35079,34.798804],[135.350987,34.799177],[135.351427,34.799992],[135.351477,34.800073],[135.35177,34.800526],[135.351995,34.800891]],[[135.351995,34.800891],[135.352383,34.801481],[135.352513,34.801674],[135.352635,34.801835],[135.352788,34.802005],[135.353008,34.80222]],[[135.353008,34.80222],[135.353526,34.801799]],[[135.353526,34.801799],[135.353376,34.801517]],[[135.353376,34.801517],[135.353208,34.801176],[135.353076,34.800906],[135.352926,34.800616],[135.35286,34.800506],[135.352612,34.800017],[135.352415,34.799686],[135.352404,34.79967],[135.353,34.798995],[135.353236,34.798988],[135.353289,34.798975],[135.353318,34.798952],[135.353321,34.798914],[135.353302,34.79888],[135.353185,34.798828],[135.353063,34.798796],[135.353025,34.798358],[135.353001,34.798135],[135.352962,34.797911],[135.352959,34.797896],[135.352853,34.797895],[135.352842,34.797819],[135.352839,34.797816],[135.352737,34.797709],[135.352673,34.797515],[135.352668,34.79744],[135.352677,34.797353],[135.352393,34.797344],[135.352584,34.796979],[135.352664,34.796978],[135.352776,34.7969],[135.352972,34.796748],[135.353146,34.796651],[135.353197,34.796602],[135.353362,34.796325]],[[135.351223,34.796532],[135.351093,34.796572],[135.350804,34.796629],[135.35071,34.796642],[135.350622,34.79664],[135.350489,34.796613],[135.35018,34.796524],[135.350008,34.796484],[135.34988,34.796467],[135.349768,34.796466],[135.349657,34.796487],[135.349584,34.796513],[135.349488,34.796569],[135.349229,34.796778],[135.349073,34.796648],[135.349035,34.796596],[135.348929,34.796449],[135.348833,34.796317],[135.348438,34.795772],[135.3483,34.795569],[135.348038,34.795184],[135.347712,34.794713],[135.347333,34.794352]],[[135.347333,34.794352],[135.346857,34.793833],[135.346762,34.793719],[135.346701,34.793613],[135.346669,34.79353],[135.346663,34.79346],[135.346676,34.79328],[135.346337,34.793047],[135.346033,34.792836],[135.345793,34.792669],[135.345746,34.79264],[135.345681,34.792798],[135.345634,34.792911],[135.345471,34.793309],[135.345278,34.793751]],[[135.345278,34.793751],[135.347103,34.795651],[135.347362,34.795906],[135.347731,34.796244],[135.347903,34.796393],[135.348184,34.796604],[135.34835,34.796714],[135.34867,34.796919],[135.349022,34.797151],[135.349309,34.797348],[135.349783,34.797693]],[[135.349783,34.797693],[135.350176,34.797988]],[[135.350176,34.797988],[135.350308,34.798106]],[[135.351818,34.793335],[135.351902,34.792693],[135.351942,34.792409],[135.352063,34.791735],[135.352116,34.791102]],[[135.352116,34.791102],[135.352235,34.790387],[135.352295,34.790054]],[[135.352295,34.790054],[135.352052,34.790123],[135.351958,34.789934],[135.351301,34.7901],[135.35117,34.790147],[135.351039,34.790202],[135.350894,34.790274],[135.350809,34.790321],[135.350721,34.790396],[135.350618,34.790504],[135.350438,34.790747],[135.350423,34.790763],[135.350069,34.791215],[135.349945,34.791359],[135.349866,34.791426],[135.349786,34.79147],[135.349637,34.791522],[135.349499,34.791556],[135.349406,34.791569]],[[135.349406,34.791569],[135.34927,34.791576],[135.34916,34.791567],[135.348485,34.791436],[135.347939,34.791332]],[[135.347939,34.791332],[135.347661,34.792224],[135.347517,34.792686],[135.347495,34.792793],[135.347485,34.79291],[135.347482,34.793152],[135.347488,34.793197]],[[135.347488,34.793197],[135.347774,34.79312],[135.347963,34.793068],[135.348027,34.793058],[135.34811,34.793078],[135.348903,34.793275],[135.349192,34.793496],[135.34923,34.793515],[135.349273,34.793552],[135.349305,34.793579],[135.349331,34.793593],[135.34939,34.793608],[135.349428,34.793621],[135.349448,34.793628],[135.349497,34.793635],[135.349578,34.793641],[135.34965,34.793643],[135.349691,34.793642],[135.349739,34.793641],[135.349756,34.793641],[135.349816,34.793648],[135.349881,34.793655],[135.349917,34.79366],[135.349968,34.79365],[135.350019,34.793641],[135.350284,34.793593],[135.350443,34.793591],[135.350848,34.793586],[135.350866,34.793659],[135.350876,34.793701],[135.350889,34.793753],[135.351284,34.793842],[135.351205,34.793406],[135.351722,34.793325],[135.351818,34.793335]],[[135.352295,34.790054],[135.352325,34.789892],[135.352508,34.789037],[135.35259,34.789047],[135.352596,34.789022],[135.352622,34.788919],[135.352701,34.78849],[135.352664,34.788398],[135.352706,34.788228],[135.352891,34.787164]],[[135.352891,34.787164],[135.352897,34.787138]],[[135.352897,34.787138],[135.352537,34.787253],[135.352365,34.787153],[135.351699,34.787014],[135.351402,34.787099],[135.351061,34.787201],[135.350847,34.787284],[135.350073,34.78765],[135.350005,34.787691],[135.349962,34.787739],[135.349863,34.787967],[135.349824,34.787995],[135.349459,34.788055],[135.34939,34.788184],[135.349347,34.788216],[135.349305,34.788227],[135.349254,34.788232]],[[135.349254,34.788232],[135.349348,34.788467],[135.349366,34.788551],[135.349372,34.78865],[135.349419,34.788988],[135.349429,34.789186],[135.349431,34.789267],[135.349393,34.789541],[135.349403,34.789888],[135.349398,34.79024],[135.349396,34.79057],[135.349397,34.790758],[135.349405,34.791115],[135.349406,34.791569]],[[135.349254,34.788232],[135.348583,34.788217],[135.34856,34.788115],[135.348543,34.788037],[135.348346,34.787775],[135.348173,34.787575],[135.348122,34.787516],[135.347874,34.787359]],[[135.347874,34.787359],[135.347808,34.787474],[135.347719,34.787616],[135.347626,34.787792],[135.347561,34.787936],[135.347509,34.788043],[135.347359,34.788294],[135.347262,34.788491],[135.34716,34.78872],[135.347123,34.788752],[135.347048,34.788808]],[[135.347048,34.788808],[135.347026,34.788846],[135.346869,34.789363],[135.346658,34.790052],[135.346515,34.790522]],[[135.346515,34.790522],[135.346319,34.791141],[135.346257,34.791338],[135.346253,34.791352],[135.346854,34.791224],[135.347025,34.791194],[135.347103,34.791183],[135.347175,34.791183],[135.347378,34.791217],[135.347939,34.791332]],[[135.346515,34.790522],[135.346063,34.790414],[135.345915,34.790812],[135.345532,34.790691],[135.344919,34.790597],[135.344889,34.790593],[135.343731,34.790452],[135.343594,34.790449],[135.343041,34.789959],[135.341993,34.789495]],[[135.341993,34.789495],[135.342792,34.790572]],[[135.342792,34.790572],[135.342831,34.790624],[135.343407,34.791416],[135.34399,34.792228],[135.344248,34.79256],[135.344702,34.793122],[135.344995,34.793456],[135.345278,34.793751]],[[135.347333,34.794352],[135.347547,34.794196],[135.347663,34.794091],[135.347488,34.793197]],[[135.351223,34.796532],[135.351406,34.796158],[135.351467,34.795798],[135.351587,34.795089],[135.351692,34.794329],[135.351818,34.793335]],[[135.353681,34.796465],[135.353629,34.796467],[135.353362,34.796325]],[[135.353376,34.801517],[135.353723,34.80141],[135.353799,34.801138],[135.353917,34.800843],[135.354049,34.800531],[135.354108,34.800377],[135.354227,34.800066],[135.354476,34.799495],[135.354437,34.799441],[135.354564,34.799176],[135.354635,34.798942],[135.354739,34.798536]],[[135.354739,34.798536],[135.354608,34.798514],[135.354452,34.798191],[135.354424,34.798158],[135.354185,34.797814],[135.353951,34.797417],[135.35393,34.797187],[135.353902,34.796817],[135.353773,34.796833],[135.353681,34.796465]],[[135.353526,34.801799],[135.353538,34.80182],[135.353545,34.801831],[135.353639,34.801994],[135.353703,34.802071],[135.353763,34.802107],[135.353835,34.802132],[135.353931,34.802148],[135.353991,34.802142],[135.35402,34.802139],[135.354109,34.802125],[135.354565,34.802009],[135.354788,34.801939],[135.354928,34.801884],[135.355082,34.801805],[135.355208,34.801732],[135.355462,34.801569],[135.356115,34.801148],[135.35706,34.80049],[135.357708,34.800021],[135.357877,34.79989],[135.357956,34.799829],[135.358768,34.799226]],[[135.358768,34.799226],[135.358526,34.799174],[135.35743,34.798981],[135.357204,34.798944],[135.356486,34.798827],[135.356366,34.798803],[135.356291,34.798776],[135.356208,34.798696],[135.35604,34.798653],[135.355936,34.798636],[135.355674,34.798617],[135.355637,34.798615],[135.355279,34.798586],[135.354739,34.798536]],[[135.359045,34.796681],[135.358234,34.796623],[135.35799,34.796606],[135.356958,34.796524],[135.35688,34.796516],[135.356863,34.796514],[135.356752,34.796473],[135.356068,34.796299],[135.355953,34.796269],[135.355816,34.796249],[135.355743,34.796237],[135.35555,34.796249],[135.35542,34.796259],[135.355252,34.796285],[135.355067,34.796311],[135.354925,34.796321],[135.354802,34.796314],[135.354747,34.796312],[135.354471,34.796307],[135.35443,34.796313],[135.354092,34.796386],[135.353964,34.796414],[135.353681,34.796465]],[[135.358768,34.799226],[135.358989,34.799066]],[[135.358989,34.799066],[135.359299,34.798852]],[[135.359299,34.798852],[135.359248,34.797761],[135.359232,34.797394],[135.359229,34.797327],[135.359197,34.797177],[135.359102,34.796875],[135.359088,34.796828],[135.359045,34.796681]],[[135.365332,34.794597],[135.365546,34.794345],[135.365728,34.794108],[135.365847,34.793932]],[[135.365847,34.793932],[135.36554,34.793908],[135.365335,34.793892],[135.365225,34.793883],[135.364172,34.793795],[135.364108,34.793837],[135.364046,34.793939],[135.363931,34.79415],[135.363684,34.794494],[135.363554,34.794665],[135.363438,34.794837],[135.363366,34.794959],[135.36326,34.79518],[135.363215,34.795264],[135.363167,34.795328],[135.362991,34.795525],[135.362888,34.795617],[135.362726,34.79577],[135.362293,34.796092],[135.362197,34.796158],[135.361869,34.796345]],[[135.361869,34.796345],[135.361954,34.796447],[135.36201,34.796657],[135.361761,34.796698],[135.361776,34.796865],[135.361937,34.796865],[135.362158,34.796866],[135.362113,34.797042],[135.361999,34.797514],[135.361982,34.797537],[135.361954,34.797556],[135.361842,34.797532],[135.361682,34.797801]],[[135.361682,34.797801],[135.361701,34.797793],[135.361921,34.797702],[135.362087,34.79763],[135.362204,34.797563],[135.362352,34.797464],[135.362459,34.79738],[135.362574,34.79729],[135.362676,34.797201],[135.362693,34.797184],[135.362779,34.7971],[135.36305,34.796837],[135.364048,34.795882],[135.364093,34.795838],[135.36452,34.795421],[135.364644,34.795299],[135.364893,34.795052],[135.36526,34.794672],[135.365332,34.794597]],[[135.361869,34.796345],[135.361816,34.796359],[135.361435,34.796471],[135.361363,34.796472],[135.361049,34.796488],[135.360649,34.796534],[135.360501,34.796562],[135.360505,34.796532]],[[135.360505,34.796532],[135.360457,34.796559],[135.36039,34.796575],[135.359965,34.796623],[135.359753,34.796636],[135.359045,34.796681]],[[135.359299,34.798852],[135.359565,34.798692],[135.359862,34.79852],[135.360005,34.798451],[135.360077,34.798416],[135.360287,34.798321],[135.36059,34.79819],[135.360656,34.798167],[135.360861,34.798095],[135.361082,34.798016],[135.361259,34.797954],[135.361269,34.79795],[135.361272,34.797949],[135.361323,34.797931],[135.361355,34.79792],[135.361682,34.797801]],[[135.36092,34.801344],[135.358989,34.799066]],[[135.353008,34.80222],[135.353273,34.802438],[135.353464,34.802586],[135.35362,34.802691],[135.353746,34.802757],[135.353958,34.80285],[135.354074,34.802912],[135.354236,34.803019],[135.35435,34.803079],[135.354442,34.803115],[135.354526,34.803144],[135.354772,34.803208],[135.3563,34.803428],[135.356578,34.803468]],[[135.367684,34.795352],[135.365567,34.794672],[135.365332,34.794597]],[[135.365847,34.793932],[135.365881,34.793882],[135.366076,34.793601],[135.366152,34.793477],[135.366245,34.793325],[135.366515,34.792861]],[[135.366515,34.792861],[135.365205,34.792372],[135.364966,34.792328],[135.364625,34.792266],[135.364376,34.792231],[135.364082,34.792185]],[[135.364082,34.792185],[135.363629,34.792117],[135.363136,34.792051],[135.363094,34.792046],[135.363009,34.792036],[135.362752,34.792004],[135.362547,34.791978],[135.362514,34.791973],[135.362168,34.791926],[135.361676,34.791859],[135.361253,34.791803]],[[135.361253,34.791803],[135.361171,34.792252],[135.361081,34.792745],[135.361,34.79319],[135.360936,34.793549],[135.360896,34.793778],[135.36083,34.794063],[135.360782,34.794325],[135.360743,34.794592],[135.3607,34.794862],[135.360685,34.794995],[135.360664,34.795128],[135.360636,34.795404],[135.360611,34.795583],[135.360599,34.795668],[135.360565,34.795959],[135.360529,34.79626],[135.360505,34.796532]],[[135.361253,34.791803],[135.361223,34.7918]],[[135.361223,34.7918],[135.361151,34.791793],[135.360566,34.791778],[135.360288,34.791772],[135.35994,34.791779],[135.35978,34.791782],[135.359726,34.791784],[135.35911,34.791837],[135.358835,34.791866],[135.35858,34.791889]],[[135.35858,34.791889],[135.358577,34.792231],[135.358574,34.792361],[135.358553,34.792751],[135.358541,34.792882],[135.358521,34.79308],[135.358486,34.793443],[135.358451,34.793852]],[[135.358451,34.793852],[135.35848,34.79385],[135.358487,34.794129],[135.358484,34.794388],[135.358488,34.794652],[135.358487,34.794934],[135.35849,34.795103],[135.358491,34.795204],[135.358501,34.795365],[135.358572,34.795466],[135.358665,34.795677],[135.358687,34.795727],[135.3588,34.79601],[135.358917,34.796337],[135.359045,34.796681]],[[135.353362,34.796325],[135.353442,34.796261],[135.353911,34.795862],[135.353991,34.795775],[135.354075,34.795683],[135.354127,34.795603],[135.354237,34.795368],[135.354293,34.795257],[135.354314,34.7952],[135.354324,34.795141],[135.354318,34.795051],[135.354298,34.794994]],[[135.354298,34.794994],[135.354261,34.794951],[135.354225,34.794783],[135.3542,34.794691],[135.354168,34.794598],[135.354143,34.794528],[135.354139,34.794451],[135.354156,34.794182],[135.354113,34.793903],[135.354082,34.793903],[135.353992,34.793656],[135.35396,34.793555],[135.353935,34.7934],[135.353895,34.793224],[135.353868,34.793039],[135.353875,34.792973],[135.353906,34.792861],[135.354095,34.792332]],[[135.354095,34.792332],[135.353519,34.792286],[135.353245,34.792255],[135.353207,34.792226],[135.353048,34.792216],[135.352746,34.792226],[135.352794,34.791991],[135.352824,34.791833],[135.352858,34.791695],[135.352844,34.791422],[135.352854,34.791227],[135.352871,34.791097],[135.352116,34.791102]],[[135.354095,34.792332],[135.354142,34.792198],[135.354165,34.792126],[135.354166,34.792075],[135.354161,34.792013],[135.35411,34.791829],[135.354103,34.791766],[135.354095,34.791641],[135.354124,34.791294],[135.354134,34.791178],[135.354166,34.79099],[135.354171,34.790034],[135.354154,34.789907],[135.354134,34.789858],[135.354084,34.789794],[135.353986,34.789703],[135.353834,34.788969],[135.353839,34.788938],[135.35389,34.788661],[135.35392,34.788479],[135.354024,34.788054],[135.354031,34.787976]],[[135.354031,34.787976],[135.354194,34.787182]],[[135.354194,34.787182],[135.353688,34.787167],[135.353562,34.787164],[135.353309,34.787163],[135.352891,34.787164]],[[135.358451,34.793852],[135.357975,34.793889],[135.357844,34.793917],[135.357296,34.794082],[135.35672,34.79425],[135.355708,34.794562],[135.355543,34.794608],[135.355425,34.79464],[135.355333,34.794695],[135.355265,34.794756],[135.355214,34.794813],[135.355162,34.794885],[135.355101,34.795017],[135.354751,34.794915],[135.35465,34.794919],[135.354298,34.794994]],[[135.35858,34.791889],[135.358305,34.791902],[135.357296,34.791995],[135.35632,34.792085]],[[135.35632,34.792085],[135.355269,34.792207],[135.354716,34.792272],[135.354432,34.792303],[135.354175,34.792329],[135.354095,34.792332]],[[135.357209,34.787841],[135.3568,34.787841],[135.356544,34.787856],[135.355886,34.787894],[135.355169,34.787919],[135.354748,34.787934],[135.354212,34.787965],[135.354031,34.787976]],[[135.35632,34.792085],[135.356443,34.791808],[135.356733,34.79112],[135.357221,34.789944],[135.357482,34.789266],[135.357625,34.788951],[135.357902,34.788321],[135.358096,34.787852]],[[135.358096,34.787852],[135.358042,34.787852],[135.357825,34.787854],[135.357209,34.787841]],[[135.361223,34.7918],[135.361225,34.791731],[135.361225,34.791708],[135.36123,34.791279],[135.361222,34.791112],[135.361227,34.790579],[135.361229,34.790136],[135.361216,34.789261],[135.361215,34.789174],[135.361218,34.787926]],[[135.361218,34.787926],[135.360728,34.787911],[135.360271,34.787897],[135.359904,34.787896],[135.359788,34.78789],[135.359028,34.787871],[135.358975,34.78787],[135.358522,34.787861],[135.358096,34.787852]],[[135.364082,34.792185],[135.364364,34.791077],[135.364396,34.790997],[135.364434,34.790926],[135.364891,34.790338],[135.365098,34.790169],[135.365254,34.790039],[135.365547,34.789888],[135.36579,34.789753],[135.366128,34.789543],[135.36641,34.789356],[135.366588,34.789214],[135.367071,34.788824],[135.367461,34.788144],[135.367525,34.788021]],[[135.367525,34.788021],[135.367219,34.788015]],[[135.367219,34.788015],[135.366445,34.788003],[135.366115,34.788002],[135.366083,34.788001],[135.364789,34.788004]],[[135.364789,34.788004],[135.363695,34.787989],[135.363386,34.787986],[135.36312,34.787982],[135.362442,34.787957],[135.361892,34.787943],[135.361218,34.787926]],[[135.368947,34.788054],[135.367525,34.788021]],[[135.366515,34.792861],[135.366677,34.792619],[135.366827,34.792391],[135.366995,34.792146],[135.367142,34.791911],[135.367289,34.791673],[135.367669,34.791088],[135.367801,34.790885],[135.368008,34.79054],[135.368203,34.790224],[135.368307,34.790065],[135.368372,34.789966]],[[135.368372,34.789966],[135.368552,34.789686],[135.368652,34.789518],[135.368752,34.789314],[135.368826,34.789098],[135.368898,34.78882],[135.368917,34.788697],[135.368922,34.788592],[135.368935,34.788441],[135.368947,34.788054]],[[135.369839,34.792461],[135.36988,34.792123],[135.369904,34.79197],[135.369908,34.791932],[135.369923,34.791789],[135.369924,34.791775],[135.369945,34.791627],[135.369967,34.791453],[135.369971,34.791401],[135.369986,34.791241],[135.370004,34.79108],[135.370026,34.790906],[135.37003,34.790828],[135.370034,34.790733],[135.370071,34.79052]],[[135.370071,34.79052],[135.369886,34.790476],[135.368372,34.789966]],[[135.370144,34.782272],[135.370044,34.782587],[135.369977,34.782763],[135.369669,34.783541],[135.36961,34.783692],[135.369544,34.783862],[135.369523,34.783905],[135.369413,34.784199],[135.3692,34.784745],[135.36904,34.785193],[135.368962,34.785485],[135.368909,34.785745],[135.36886,34.786194],[135.368839,34.786557],[135.368827,34.786826],[135.368833,34.787092],[135.36885,34.78736],[135.36889,34.787641],[135.368947,34.788054]],[[135.370071,34.79052],[135.370075,34.790499],[135.370091,34.790399],[135.370114,34.790257],[135.370163,34.790071],[135.370226,34.78987],[135.370313,34.78956],[135.37041,34.789281],[135.370447,34.789124],[135.370469,34.789051],[135.370503,34.788932],[135.370555,34.788764],[135.370566,34.788726],[135.370628,34.788537],[135.370663,34.788429],[135.370807,34.788039],[135.370815,34.788013],[135.370901,34.787754],[135.370917,34.787698],[135.370994,34.787515],[135.371074,34.787323],[135.371093,34.787273],[135.371158,34.787109],[135.371188,34.78703],[135.371234,34.786914],[135.371331,34.786685],[135.371431,34.786415],[135.371498,34.786251],[135.371573,34.786079],[135.371641,34.785876],[135.371829,34.785278],[135.372013,34.784649],[135.372017,34.784632],[135.372161,34.784185],[135.372231,34.783957],[135.372293,34.783761],[135.372333,34.78363],[135.372093,34.783481],[135.370144,34.782272]],[[135.352897,34.787138],[135.352955,34.786878],[135.353012,34.786619],[135.353066,34.786402],[135.35316,34.785952],[135.353373,34.784897],[135.35338,34.784865]],[[135.35338,34.784865],[135.352963,34.78489],[135.352272,34.784954],[135.352086,34.784981],[135.352104,34.784728],[135.352026,34.784755],[135.351795,34.784794],[135.351914,34.784998],[135.351576,34.78505],[135.351543,34.784706],[135.350928,34.784879],[135.350655,34.784962],[135.350504,34.784986],[135.350268,34.784997],[135.349981,34.785017],[135.349861,34.785037],[135.349793,34.785075],[135.349736,34.785135],[135.349512,34.785516],[135.349397,34.785663],[135.3492,34.785891],[135.348951,34.786123],[135.348742,34.786345],[135.348649,34.786461],[135.348399,34.78669],[135.348155,34.786925],[135.348072,34.787037],[135.347874,34.787359]],[[135.35483,34.783999],[135.353598,34.783949]],[[135.353598,34.783949],[135.35338,34.784865]],[[135.354194,34.787182],[135.354226,34.786976],[135.354319,34.78655],[135.354343,34.786312],[135.354372,34.786122],[135.354517,34.785516],[135.354615,34.784895],[135.354614,34.784874]],[[135.354614,34.784874],[135.354612,34.78485],[135.35483,34.783999]],[[135.357209,34.787841],[135.357171,34.787658],[135.357171,34.787208],[135.357152,34.787067],[135.357157,34.786996],[135.357164,34.786959],[135.357245,34.786797],[135.357316,34.786443],[135.357371,34.786249],[135.357454,34.785951],[135.357503,34.785877],[135.357759,34.785874],[135.357782,34.78564],[135.357783,34.785418],[135.357771,34.78529],[135.357739,34.785179],[135.357734,34.784923]],[[135.357734,34.784923],[135.357055,34.78492],[135.356887,34.784919],[135.356568,34.784916],[135.355603,34.78489],[135.355444,34.78489],[135.355043,34.784892],[135.354704,34.78489],[135.354614,34.784874]],[[135.355683,34.782815],[135.355041,34.782814]],[[135.355041,34.782814],[135.354929,34.783307],[135.354904,34.783505],[135.3549,34.783623],[135.354895,34.783767],[135.354889,34.783788],[135.35483,34.783999]],[[135.357734,34.784923],[135.358226,34.784919]],[[135.358226,34.784919],[135.358041,34.783904],[135.357956,34.783406],[135.357923,34.783225],[135.357865,34.782811]],[[135.357865,34.782811],[135.356476,34.782813],[135.356015,34.782812],[135.355918,34.782811],[135.355683,34.782815]],[[135.361282,34.78487],[135.36039,34.784885],[135.360151,34.784888],[135.359673,34.784901],[135.358933,34.784908],[135.358226,34.784919]],[[135.361218,34.787926],[135.361216,34.787468],[135.361212,34.786843],[135.361201,34.786558],[135.361201,34.786145],[135.361224,34.78574],[135.361257,34.785502],[135.361236,34.785488],[135.361228,34.78546],[135.361282,34.78487]],[[135.364956,34.784761],[135.364602,34.784772],[135.36425,34.78478],[135.364111,34.784787],[135.363888,34.784796],[135.363667,34.784845],[135.363541,34.784861],[135.363382,34.784871],[135.363036,34.784866],[135.36255,34.784857],[135.362149,34.784854],[135.361509,34.784867],[135.361282,34.78487]],[[135.364789,34.788004],[135.364823,34.787837],[135.364848,34.787714],[135.364856,34.787674],[135.36488,34.787391],[135.364916,34.786645],[135.364935,34.786139],[135.364955,34.785084],[135.364955,34.784781],[135.364956,34.784761]],[[135.364956,34.784761],[135.364991,34.783994],[135.365003,34.78384],[135.365004,34.783807],[135.365039,34.783158]],[[135.365039,34.783158],[135.363894,34.783057],[135.363306,34.783006],[135.363239,34.782998],[135.362861,34.782951],[135.362529,34.782926],[135.362052,34.782881],[135.361473,34.782828]],[[135.361473,34.782828],[135.361441,34.783112],[135.36142,34.783374],[135.361365,34.783873],[135.361282,34.78487]],[[135.367219,34.788015],[135.367513,34.787424],[135.36759,34.787243],[135.367643,34.787066],[135.367667,34.786906],[135.367654,34.786557],[135.36766,34.786364],[135.367682,34.786141],[135.367735,34.785719],[135.36775,34.785019],[135.36785,34.784365],[135.36798,34.783463],[135.368013,34.783418]],[[135.368013,34.783418],[135.366533,34.783294],[135.3664,34.783281]],[[135.3664,34.783281],[135.365804,34.783213],[135.3653,34.783165],[135.36504,34.78314],[135.365039,34.783158]],[[135.368865,34.781072],[135.368807,34.781262],[135.368782,34.781333],[135.368749,34.781427],[135.368677,34.781633],[135.36865,34.781709],[135.368575,34.781923],[135.368511,34.782106],[135.368477,34.7822],[135.368468,34.782225],[135.368374,34.782469],[135.368333,34.782576],[135.368316,34.782621],[135.368301,34.782658],[135.36817,34.783],[135.368013,34.783418]],[[135.370144,34.782272],[135.370438,34.781439],[135.370447,34.781404],[135.369623,34.781315],[135.369542,34.781306],[135.369062,34.781245],[135.369072,34.781151],[135.369015,34.78113],[135.368865,34.781072]],[[135.368932,34.776368],[135.368428,34.776573],[135.36826,34.776603],[135.367999,34.776646],[135.367846,34.776668],[135.367189,34.776764]],[[135.367189,34.776764],[135.367093,34.777457],[135.366833,34.779777],[135.366589,34.78175],[135.36644,34.78295],[135.3664,34.783281]],[[135.368865,34.781072],[135.368863,34.781072],[135.369152,34.780284],[135.369185,34.780192],[135.369257,34.779994],[135.369678,34.778831],[135.36975,34.778609],[135.369856,34.778324],[135.369859,34.778209],[135.369816,34.778091],[135.369788,34.778017],[135.369715,34.777823],[135.369519,34.777302],[135.369514,34.777225],[135.369502,34.777182],[135.369492,34.777146],[135.369221,34.777212],[135.369208,34.777176],[135.36892,34.776396],[135.368932,34.776368]],[[135.367189,34.776764],[135.366942,34.7768],[135.366736,34.77682],[135.366296,34.776866],[135.365526,34.77693],[135.36528,34.776938],[135.365029,34.776931],[135.364599,34.776903],[135.364172,34.776877],[135.363616,34.776854]],[[135.363616,34.776854],[135.362949,34.776815],[135.362193,34.77676],[135.362052,34.776742],[135.361749,34.77673],[135.361423,34.776722],[135.361242,34.776724],[135.361084,34.776738],[135.360404,34.776843],[135.360238,34.776866],[135.360076,34.77688],[135.359881,34.776874],[135.35952,34.776841],[135.359172,34.776816],[135.358713,34.776785],[135.358369,34.776746],[135.358057,34.776838],[135.357727,34.776792]],[[135.357727,34.776792],[135.357705,34.776906],[135.357691,34.777019],[135.357681,34.777186],[135.357673,34.777349],[135.357671,34.777535],[135.357674,34.7777],[135.35768,34.777791],[135.357701,34.778435],[135.357724,34.779022],[135.357749,34.779565],[135.357764,34.779953]],[[135.357764,34.779953],[135.35781,34.781017],[135.357833,34.782052],[135.357835,34.782133],[135.357841,34.782472],[135.357865,34.782811]],[[135.357865,34.782811],[135.359024,34.782814],[135.359643,34.782816],[135.359834,34.782811],[135.360088,34.78282],[135.361326,34.782808],[135.361473,34.782828]],[[135.355939,34.782363],[135.355939,34.782363]],[[135.355939,34.782363],[135.355934,34.78244],[135.355922,34.782498],[135.355898,34.782577],[135.355797,34.782536],[135.355657,34.782543],[135.355683,34.782815]],[[135.357764,34.779953],[135.35737,34.779947],[135.35724,34.779941],[135.356782,34.779923],[135.356688,34.779923],[135.356423,34.779984],[135.356307,34.779975],[135.356072,34.779959],[135.355805,34.779966],[135.355526,34.779986],[135.355527,34.779753],[135.355264,34.779855],[135.35527,34.779723],[135.35519,34.779704],[135.35511,34.779669],[135.35463,34.779356],[135.354572,34.779336]],[[135.354572,34.779336],[135.354501,34.77955],[135.354429,34.779858],[135.354341,34.780242],[135.354317,34.780348],[135.35417,34.781041],[135.354142,34.781183],[135.354114,34.781322],[135.353991,34.781849],[135.353913,34.78233],[135.353772,34.783145],[135.353746,34.78328],[135.353598,34.783949]],[[135.355041,34.782814],[135.355096,34.782545],[135.355107,34.782463],[135.355107,34.782428]],[[135.355107,34.782428],[135.355108,34.782314],[135.355318,34.782287],[135.355365,34.782087],[135.35613,34.782075],[135.356088,34.782115],[135.356039,34.782163],[135.356329,34.782148],[135.356331,34.782211],[135.355922,34.782224],[135.355939,34.782363]],[[135.357727,34.776792],[135.357759,34.776592],[135.357874,34.776262],[135.357827,34.776268],[135.357254,34.776425],[135.357048,34.776562],[135.356524,34.776982],[135.355835,34.777506],[135.355684,34.777234],[135.355704,34.777195]],[[135.355704,34.777195],[135.355642,34.777171]],[[135.355642,34.777171],[135.355302,34.777778],[135.355074,34.778212],[135.354986,34.778383],[135.35482,34.778724],[135.354811,34.778742],[135.354714,34.778965],[135.35469,34.779019],[135.354597,34.779257],[135.354572,34.779336]],[[135.355107,34.782428],[135.355184,34.782367],[135.355261,34.782355],[135.35528,34.78236],[135.355939,34.782363]],[[135.354572,34.779336],[135.354366,34.779268],[135.354279,34.779222],[135.354157,34.779136],[135.354109,34.779114],[135.353815,34.779066],[135.353578,34.779017],[135.353361,34.779293],[135.352966,34.779793],[135.352589,34.78017],[135.352481,34.780122],[135.352138,34.7805],[135.351881,34.780771],[135.351602,34.781064],[135.351202,34.781574],[135.351101,34.78155]],[[135.351101,34.78155],[135.351071,34.781616],[135.351008,34.781713],[135.350911,34.781818],[135.350814,34.781902],[135.350668,34.781997],[135.350518,34.782089]],[[135.350518,34.782089],[135.350182,34.78228],[135.349917,34.782463],[135.349692,34.782648],[135.349441,34.782917],[135.349318,34.78308],[135.349272,34.783138],[135.348895,34.783614],[135.348584,34.783832]],[[135.348584,34.783832],[135.348403,34.784391],[135.347048,34.788808]],[[135.355642,34.777171],[135.35552,34.777123],[135.355275,34.77729],[135.355196,34.777329],[135.354877,34.77745],[135.354779,34.777487],[135.35449,34.777592],[135.354446,34.777615],[135.354413,34.777638],[135.35438,34.777668],[135.354303,34.777659]],[[135.354303,34.777659],[135.353928,34.777952],[135.353787,34.778035],[135.353688,34.778087],[135.353488,34.778164],[135.353039,34.77831],[135.352842,34.77834],[135.352706,34.778463],[135.352664,34.778507],[135.352588,34.778584],[135.35246,34.778722],[135.352345,34.778861],[135.352275,34.778983],[135.352188,34.779179],[135.352083,34.779451]],[[135.352083,34.779451],[135.351766,34.779973],[135.351622,34.780201],[135.351614,34.780214]],[[135.351614,34.780214],[135.351488,34.780422],[135.351399,34.780561],[135.351279,34.78078],[135.351245,34.780844],[135.351228,34.780893],[135.351181,34.781062]],[[135.351181,34.781062],[135.351135,34.78144],[135.351101,34.78155]],[[135.351614,34.780214],[135.351158,34.779985],[135.351109,34.780087],[135.350955,34.780314],[135.350918,34.780373],[135.350857,34.78047],[135.350851,34.780461],[135.350257,34.780224],[135.350248,34.780234],[135.35008,34.780453],[135.349869,34.780728],[135.349865,34.780733],[135.349835,34.780776],[135.349789,34.780763],[135.349727,34.780736],[135.34966,34.780699],[135.349611,34.780668],[135.349565,34.780627],[135.349492,34.780553],[135.349346,34.780657],[135.348609,34.780654],[135.348532,34.780655]],[[135.348532,34.780655],[135.348594,34.781041],[135.34868,34.781577],[135.34869,34.781666],[135.349505,34.781834],[135.349512,34.781839],[135.349529,34.781856],[135.349566,34.781897],[135.34959,34.781917],[135.349617,34.781926],[135.349643,34.78193],[135.349677,34.781893],[135.349722,34.781879]],[[135.349722,34.781879],[135.349681,34.781798],[135.349687,34.781788],[135.349704,34.78162],[135.349665,34.781605],[135.349643,34.781574],[135.349706,34.781357],[135.349571,34.781252],[135.350305,34.781472],[135.350364,34.781341],[135.350415,34.781231],[135.350447,34.781234],[135.350553,34.780957],[135.350573,34.780909],[135.350617,34.78092],[135.351069,34.781043],[135.351085,34.781048],[135.35109,34.781049],[135.351181,34.781062]],[[135.349722,34.781879],[135.34976,34.781866],[135.349844,34.781859],[135.349944,34.781872],[135.350109,34.781937],[135.350518,34.782089]],[[135.352083,34.779451],[135.351707,34.779405],[135.351665,34.779363],[135.35166,34.779358],[135.351658,34.779355],[135.351684,34.779323],[135.351728,34.779269],[135.351781,34.779206],[135.35181,34.779154],[135.35183,34.779116],[135.351764,34.779085],[135.351841,34.778946],[135.351787,34.778924],[135.351605,34.779168],[135.351539,34.77913],[135.351576,34.779057],[135.351547,34.778984],[135.35148,34.778889],[135.351409,34.778819],[135.351348,34.778785],[135.351392,34.778734],[135.351246,34.778617],[135.351202,34.778584],[135.351088,34.778523],[135.351024,34.77849],[135.350861,34.77842],[135.350831,34.77835],[135.350867,34.778318],[135.350821,34.778308],[135.350597,34.778297],[135.350521,34.778297],[135.35049,34.778298],[135.350495,34.777992],[135.350462,34.777998]],[[135.350462,34.777998],[135.350216,34.778014],[135.350052,34.778038],[135.349805,34.778108],[135.349578,34.778184],[135.349479,34.778229],[135.349363,34.778287],[135.349215,34.778383],[135.349141,34.778447],[135.349096,34.778504],[135.349036,34.778631],[135.349006,34.778708],[135.348975,34.778829],[135.348955,34.77887],[135.348929,34.778901],[135.348901,34.77892],[135.348827,34.778952],[135.348812,34.778965],[135.348795,34.778981],[135.348752,34.779059],[135.34871,34.779094],[135.348658,34.77912],[135.348611,34.779128],[135.348518,34.779144],[135.348462,34.77917],[135.348424,34.779209],[135.348399,34.779246],[135.348337,34.779364],[135.348319,34.779384]],[[135.348319,34.779384],[135.348404,34.779857],[135.348532,34.780655]],[[135.347723,34.776212],[135.34777,34.776332],[135.347795,34.776427],[135.347805,34.776506],[135.347808,34.776524],[135.347828,34.776647],[135.347908,34.777117],[135.347979,34.777494]],[[135.347979,34.777494],[135.348076,34.778084],[135.348081,34.778111],[135.348174,34.778637],[135.348226,34.778947],[135.348319,34.779384]],[[135.350462,34.777998],[135.350187,34.777807],[135.350141,34.777701],[135.350083,34.777569],[135.34997,34.777389],[135.349945,34.777324],[135.34992,34.777225],[135.350206,34.777054],[135.349518,34.776255]],[[135.349518,34.776255],[135.348382,34.776084],[135.348296,34.776076],[135.347964,34.776146],[135.347723,34.776212]],[[135.347979,34.777494],[135.347533,34.77769],[135.347595,34.777819],[135.34761,34.77786],[135.347607,34.777901],[135.347595,34.777953],[135.347555,34.777999],[135.347496,34.778026],[135.347392,34.778029],[135.347255,34.777995],[135.347136,34.777946],[135.347019,34.777863],[135.346946,34.7778],[135.346894,34.777715],[135.346758,34.777355],[135.346724,34.777292],[135.346667,34.777223],[135.346607,34.777176],[135.346352,34.777073],[135.346289,34.777035],[135.346233,34.77699],[135.346107,34.776881],[135.345925,34.776723],[135.345709,34.776612],[135.345596,34.776578],[135.345536,34.77658],[135.345485,34.776603],[135.345445,34.776643],[135.345391,34.776749]],[[135.345391,34.776749],[135.34528,34.776972],[135.345113,34.777315],[135.344937,34.777652],[135.344569,34.77794],[135.344481,34.77792],[135.344378,34.778282],[135.344272,34.778631]],[[135.344272,34.778631],[135.345194,34.778777],[135.345749,34.778864],[135.345817,34.779055],[135.346068,34.779662],[135.347091,34.780558]],[[135.347091,34.780558],[135.347274,34.780429],[135.347438,34.780313],[135.347515,34.780258],[135.347572,34.78012],[135.347664,34.779981],[135.347739,34.779903],[135.348114,34.779626],[135.348037,34.77945],[135.348319,34.779384]],[[135.347723,34.776212],[135.347414,34.775769],[135.347123,34.775392],[135.346909,34.775082],[135.346876,34.775029],[135.346855,34.774996],[135.346685,34.774742],[135.346664,34.774701],[135.346626,34.774586],[135.346574,34.774481],[135.346508,34.774383],[135.346553,34.774362]],[[135.346553,34.774362],[135.346411,34.77422],[135.346075,34.774353],[135.345704,34.774508],[135.345617,34.774517],[135.345362,34.774612],[135.345119,34.774703],[135.344987,34.774753],[135.344911,34.774808],[135.34481,34.77493],[135.344653,34.77466],[135.344286,34.774794],[135.344262,34.774803],[135.34411,34.775086],[135.343968,34.775126],[135.343942,34.775144],[135.34384,34.775254],[135.343619,34.775264]],[[135.343619,34.775264],[135.343666,34.775406],[135.343692,34.775494],[135.343705,34.775573],[135.343698,34.775664],[135.343677,34.77583],[135.344373,34.776249],[135.344392,34.776273],[135.345032,34.776425],[135.345049,34.776583],[135.345063,34.776609],[135.345088,34.77663],[135.34511,34.776644],[135.345391,34.776749]],[[135.343619,34.775264],[135.343418,34.775273],[135.343352,34.775291],[135.342785,34.775447],[135.342776,34.775418],[135.342718,34.77547],[135.342629,34.775572],[135.342414,34.775948],[135.342409,34.775949],[135.34235,34.776042],[135.3423,34.776112],[135.342211,34.776249],[135.342154,34.776336],[135.3421,34.776424],[135.341978,34.776618],[135.341973,34.776626],[135.341941,34.776677],[135.341858,34.776808],[135.341805,34.776918],[135.341805,34.776921],[135.3418,34.777018],[135.341778,34.777209],[135.341655,34.777267],[135.341637,34.77733],[135.341595,34.777474],[135.341608,34.777589],[135.34164,34.777695],[135.341657,34.777737],[135.341817,34.777822],[135.341892,34.777897],[135.341899,34.778063],[135.341899,34.778065],[135.341918,34.778194],[135.341895,34.779004],[135.341901,34.779007]],[[135.341901,34.779007],[135.341904,34.779],[135.341906,34.778976],[135.342387,34.778746],[135.343172,34.778459],[135.344272,34.778631]],[[135.354303,34.777659],[135.35429,34.777484],[135.354265,34.777484],[135.354253,34.77739],[135.354251,34.777377],[135.354198,34.777366],[135.35415,34.777355],[135.354113,34.777345],[135.354089,34.777334],[135.354074,34.777321],[135.354064,34.777304],[135.35406,34.777285],[135.35406,34.777267],[135.354067,34.777226],[135.354093,34.777226],[135.354094,34.777179],[135.354095,34.777136],[135.354096,34.777102],[135.354095,34.777075],[135.354086,34.77705],[135.354065,34.777021],[135.354042,34.776991],[135.354022,34.776959],[135.354011,34.776929],[135.354005,34.7769],[135.354004,34.776871],[135.35401,34.776831],[135.354025,34.776833],[135.354053,34.776864],[135.354079,34.776892],[135.354107,34.776917],[135.354137,34.776937],[135.35417,34.776953],[135.354204,34.776963],[135.354236,34.776969],[135.354262,34.776971],[135.35428,34.77697],[135.354292,34.776964],[135.3543,34.776953],[135.354305,34.776934],[135.354306,34.776925],[135.354307,34.776913],[135.354386,34.776931],[135.354385,34.776936],[135.354397,34.776939],[135.354392,34.776956],[135.354451,34.776965],[135.354461,34.776916],[135.354407,34.776908],[135.354406,34.776914],[135.354391,34.776912],[135.35439,34.776916],[135.354308,34.776898],[135.354309,34.776854],[135.354305,34.776806],[135.354294,34.776761],[135.354281,34.776726],[135.35427,34.776701],[135.354261,34.776684],[135.354255,34.776678],[135.354247,34.776673],[135.35424,34.776669],[135.354232,34.776666],[135.354214,34.776634],[135.354259,34.776623],[135.3543,34.77661],[135.354317,34.776603],[135.354329,34.776594],[135.35434,34.776583],[135.354346,34.776574],[135.35435,34.776563],[135.35435,34.776553],[135.354349,34.776542],[135.35434,34.776523],[135.354318,34.776487],[135.354372,34.77644],[135.354421,34.776396],[135.354459,34.77636],[135.354487,34.776331],[135.354509,34.776304],[135.354525,34.776276],[135.354539,34.776243],[135.354545,34.776214],[135.354548,34.776183],[135.354543,34.77614],[135.354531,34.776101],[135.354515,34.776059],[135.354498,34.776007],[135.354484,34.775945],[135.354475,34.775897],[135.354471,34.775872]],[[135.354471,34.775872],[135.354342,34.775902],[135.353653,34.776088],[135.353585,34.775948],[135.35349,34.77593],[135.35329,34.775891],[135.353069,34.775848],[135.352938,34.775839],[135.352778,34.775846],[135.352553,34.775853],[135.352485,34.775832],[135.352335,34.775762],[135.351865,34.775597],[135.351648,34.775474],[135.351563,34.775434],[135.351475,34.775404],[135.351047,34.775349]],[[135.351047,34.775349],[135.350653,34.775567],[135.350356,34.775743],[135.349951,34.775982],[135.349518,34.776255]],[[135.354471,34.775872],[135.354459,34.775788],[135.354409,34.775356],[135.35443,34.775325],[135.35445,34.775296],[135.354463,34.775269],[135.35447,34.775238],[135.354472,34.775195],[135.354467,34.77501],[135.354414,34.774816],[135.354417,34.774703],[135.354214,34.774694],[135.354263,34.774355],[135.354335,34.773912],[135.354053,34.773912],[135.353959,34.773905],[135.353892,34.773887],[135.353806,34.773853],[135.353569,34.773748],[135.35349,34.773721],[135.353126,34.773616],[135.352848,34.773541],[135.352917,34.773113],[135.352926,34.773064]],[[135.352926,34.773064],[135.352417,34.773111],[135.351921,34.773112],[135.351915,34.773292],[135.351635,34.773295],[135.351633,34.77338],[135.350724,34.773386],[135.34954,34.773393],[135.34943,34.77345],[135.349391,34.773452],[135.349389,34.77351],[135.349166,34.773511],[135.349171,34.773602],[135.349048,34.773702],[135.348964,34.773644],[135.34882,34.773777]],[[135.34882,34.773777],[135.348876,34.773851],[135.349124,34.774104],[135.349925,34.774505],[135.350038,34.774865],[135.3501,34.774912],[135.350347,34.775073],[135.350642,34.775192],[135.351047,34.775349]],[[135.34882,34.773777],[135.348623,34.773957],[135.348549,34.773986],[135.348443,34.773929],[135.348296,34.77398],[135.348344,34.774067],[135.348265,34.774098],[135.34815,34.774217],[135.348049,34.774163],[135.347903,34.774202],[135.347641,34.774274],[135.347519,34.774307],[135.34732,34.774318],[135.346895,34.774342],[135.346553,34.774362]],[[135.368932,34.776368],[135.368945,34.776337],[135.369233,34.776224],[135.369699,34.775524],[135.36982,34.775471],[135.369843,34.775461],[135.369896,34.775437],[135.369957,34.775411],[135.369972,34.775404],[135.37005,34.775357],[135.370068,34.775347],[135.370096,34.77533],[135.370121,34.775315],[135.370155,34.775295],[135.370177,34.775282],[135.370218,34.775258],[135.37022,34.775257],[135.370274,34.775218],[135.370357,34.775158],[135.370436,34.7751],[135.370461,34.775082],[135.370464,34.77508],[135.370549,34.775],[135.370902,34.774671],[135.370904,34.774669],[135.370906,34.774668],[135.370906,34.774667],[135.370912,34.774662],[135.370918,34.774656],[135.370929,34.774645],[135.370936,34.774639],[135.370946,34.77463],[135.370951,34.774625],[135.370955,34.774622],[135.370973,34.774605],[135.370976,34.774602],[135.370989,34.774589],[135.371006,34.774572],[135.371021,34.774557],[135.371021,34.774556],[135.371023,34.774554],[135.371032,34.774546],[135.371051,34.774526],[135.371066,34.774512],[135.371662,34.773913],[135.37207,34.773495],[135.372163,34.7734],[135.372265,34.773338],[135.372275,34.773331],[135.372371,34.773279],[135.372376,34.773226],[135.372143,34.773066],[135.371641,34.773602],[135.371363,34.773898],[135.371163,34.774084],[135.370691,34.774533],[135.370488,34.77473],[135.370284,34.774905],[135.370211,34.774965],[135.370134,34.775019],[135.369838,34.775231],[135.369608,34.775358],[135.369596,34.775362],[135.369153,34.775526],[135.368992,34.775579],[135.368741,34.775652],[135.367927,34.775884],[135.36792,34.775886],[135.367855,34.775904],[135.367285,34.776066],[135.366943,34.776165],[135.36656,34.776262],[135.366546,34.776264],[135.366313,34.776306],[135.365875,34.776355],[135.365034,34.776397],[135.364883,34.776401],[135.364409,34.776414],[135.364127,34.776386],[135.363893,34.776337],[135.36377,34.7763]],[[135.36377,34.7763],[135.363685,34.776482],[135.363616,34.776854]],[[135.36377,34.7763],[135.363451,34.776204],[135.363122,34.776084],[135.362438,34.775836],[135.362306,34.775788],[135.362193,34.775747],[135.361844,34.775614],[135.361662,34.775545],[135.3616,34.775521],[135.361142,34.775358],[135.361013,34.775312],[135.360544,34.775157],[135.36032,34.775098],[135.360108,34.775043],[135.359864,34.774988],[135.359606,34.77493],[135.358641,34.774716],[135.358465,34.774672],[135.358205,34.774607],[135.357893,34.774529],[135.357585,34.774421],[135.357366,34.774321]],[[135.357366,34.774321],[135.357201,34.774607],[135.357073,34.774821],[135.357133,34.775006],[135.356848,34.775365],[135.356777,34.775334],[135.356459,34.775849],[135.35631,34.776121],[135.35627,34.776191],[135.356133,34.77643],[135.355982,34.776686],[135.355859,34.776911],[135.355751,34.777101],[135.355704,34.777195]],[[135.357366,34.774321],[135.357181,34.774237],[135.357156,34.774223],[135.357067,34.774172],[135.356861,34.774035],[135.356456,34.773767],[135.356178,34.773584],[135.355626,34.77321],[135.355489,34.773121],[135.355111,34.772877],[135.354866,34.772693],[135.354627,34.772527],[135.354331,34.772376],[135.354325,34.772373],[135.354001,34.772232],[135.353462,34.772051],[135.353214,34.772588],[135.353212,34.772593],[135.352998,34.773058],[135.352926,34.773064]],[[135.347091,34.780558],[135.346515,34.781648],[135.346456,34.781517],[135.346201,34.781707],[135.345978,34.781885],[135.345888,34.782142],[135.345718,34.782605]],[[135.345718,34.782605],[135.345773,34.782619],[135.345884,34.782634],[135.345976,34.782656],[135.346054,34.78269],[135.346156,34.782771],[135.346233,34.782811],[135.346332,34.782825],[135.346572,34.782841],[135.346727,34.782858],[135.346813,34.782878],[135.346903,34.78292],[135.347014,34.78298],[135.347144,34.783052],[135.347228,34.78309],[135.347326,34.783107],[135.347418,34.783119],[135.347474,34.783131],[135.347576,34.783175],[135.347644,34.783188],[135.347745,34.783179],[135.347918,34.783156],[135.348035,34.783145],[135.348161,34.783139],[135.348361,34.783147],[135.348514,34.783146],[135.348622,34.78313],[135.34868,34.783114],[135.348796,34.78309],[135.348778,34.783154],[135.348584,34.783832]],[[135.346587,34.805949],[135.346186,34.805132],[135.345993,34.804729]],[[135.345993,34.804729],[135.345875,34.804781],[135.345614,34.805021],[135.344807,34.805153],[135.344586,34.805162],[135.344026,34.80514],[135.343755,34.805222],[135.343732,34.805229],[135.34337,34.805353],[135.343197,34.805553],[135.343192,34.805619],[135.343066,34.805687],[135.342781,34.805841],[135.342237,34.806199],[135.342044,34.806275],[135.341795,34.80636],[135.341376,34.806497]],[[135.341376,34.806497],[135.341314,34.806661],[135.341243,34.806847],[135.341215,34.806918],[135.341032,34.807385],[135.340992,34.807485],[135.340964,34.807532],[135.340928,34.807562],[135.340854,34.8076],[135.340769,34.807628],[135.340664,34.807644],[135.3404,34.807635],[135.340396,34.807635],[135.340376,34.807635],[135.340273,34.807636],[135.340148,34.807632],[135.339908,34.807597],[135.33976,34.807567],[135.339672,34.807548],[135.339606,34.80753],[135.339457,34.807509],[135.339391,34.807488],[135.339322,34.807457],[135.339183,34.807364],[135.339067,34.807295],[135.338986,34.807261],[135.338942,34.807246],[135.338892,34.807236],[135.338826,34.807245],[135.338747,34.807271],[135.338613,34.80722]],[[135.338613,34.80722],[135.338635,34.807282],[135.338693,34.807436],[135.338748,34.807538],[135.338855,34.807673],[135.338942,34.807771],[135.339036,34.807834],[135.339132,34.807867],[135.33974,34.808087],[135.340453,34.808373],[135.340818,34.809053]],[[135.340818,34.809053],[135.340897,34.809005],[135.341677,34.808534]],[[135.341677,34.808534],[135.342081,34.808292],[135.342793,34.807865],[135.343474,34.807464],[135.343719,34.80732],[135.343933,34.807195],[135.34414,34.807073],[135.344481,34.80687],[135.344837,34.806659],[135.346587,34.805949]],[[135.345993,34.804729],[135.346125,34.804676],[135.34599,34.803959]],[[135.34599,34.803959],[135.345643,34.803967],[135.344894,34.803961],[135.344369,34.803948],[135.344252,34.803929],[135.344165,34.803906],[135.344057,34.803865],[135.343976,34.803824],[135.343928,34.803784],[135.343518,34.803749]],[[135.343518,34.803749],[135.343482,34.803751]],[[135.343482,34.803751],[135.343445,34.804028],[135.343242,34.804092],[135.342834,34.804423],[135.342386,34.804757],[135.342184,34.804978],[135.342125,34.805036],[135.341893,34.805268],[135.34187,34.805291],[135.341826,34.805334],[135.341742,34.80544],[135.341738,34.805447],[135.341646,34.805611],[135.341559,34.80581],[135.341558,34.805811],[135.341466,34.806066],[135.341336,34.806402],[135.341376,34.806497]],[[135.347524,34.801006],[135.346579,34.800198],[135.346195,34.799888],[135.346068,34.799763],[135.345865,34.799537],[135.345749,34.799393],[135.34569,34.799317],[135.345598,34.799165],[135.345536,34.799021]],[[135.345536,34.799021],[135.345454,34.799066]],[[135.345454,34.799066],[135.345427,34.799865],[135.345426,34.79988],[135.345392,34.800741],[135.345371,34.80111],[135.344837,34.801047],[135.344222,34.800979],[135.343936,34.800943],[135.34332,34.800871],[135.342866,34.800813],[135.342788,34.80103]],[[135.342788,34.80103],[135.342767,34.801147],[135.342767,34.80124],[135.342781,34.801342],[135.342879,34.801732],[135.342984,34.802077],[135.343209,34.802794],[135.343217,34.802814],[135.343227,34.802839],[135.343518,34.803749]],[[135.34599,34.803959],[135.345985,34.803912],[135.345941,34.80359],[135.345946,34.803507],[135.345965,34.803371],[135.346023,34.803105],[135.346083,34.80291],[135.346155,34.802763],[135.34621,34.802656],[135.346303,34.802513],[135.34644,34.802337],[135.346819,34.801876],[135.347194,34.801414],[135.347524,34.801006]],[[135.35154,34.804742],[135.351384,34.804391],[135.350828,34.803894],[135.350282,34.803403],[135.349537,34.802745]],[[135.349537,34.802745],[135.348792,34.802086],[135.347964,34.801381],[135.347929,34.801352],[135.347524,34.801006]],[[135.350176,34.797988],[135.349683,34.798543],[135.349433,34.798824],[135.349425,34.798833],[135.349033,34.799274],[135.349029,34.799279],[135.348711,34.799636],[135.348272,34.80013],[135.347904,34.800585],[135.347524,34.801006]],[[135.349537,34.802745],[135.349891,34.802468],[135.350428,34.802056],[135.350729,34.801825],[135.351038,34.801585],[135.351284,34.801395],[135.351611,34.801137],[135.351995,34.800891]],[[135.346258,34.798566],[135.346633,34.798163],[135.346964,34.797838],[135.347299,34.797498]],[[135.347299,34.797498],[135.346388,34.79687],[135.345465,34.796232],[135.344548,34.795604]],[[135.344548,34.795604],[135.344394,34.795996],[135.344377,34.796034],[135.344325,34.796154],[135.344111,34.796682]],[[135.344111,34.796682],[135.344355,34.796725],[135.344517,34.796753],[135.344605,34.796782],[135.344715,34.796826],[135.345002,34.796996],[135.345069,34.797047],[135.345113,34.797106],[135.345138,34.797155],[135.345175,34.797253],[135.345229,34.797476],[135.345338,34.798063],[135.345392,34.798324],[135.345406,34.798393]],[[135.345406,34.798393],[135.345767,34.798382],[135.345761,34.798349],[135.345652,34.798231],[135.345722,34.798162],[135.345737,34.798161],[135.345817,34.798224],[135.346007,34.798374],[135.346044,34.798373],[135.346075,34.798386],[135.34614,34.798465],[135.34618,34.798517],[135.346258,34.798566]],[[135.349783,34.797693],[135.349477,34.797982],[135.349387,34.798066]],[[135.349387,34.798066],[135.349389,34.798117],[135.349372,34.798149],[135.348888,34.798566],[135.348525,34.798589],[135.34836,34.79861],[135.348027,34.7987],[135.34794,34.798724],[135.347363,34.798787],[135.346657,34.798885],[135.346522,34.798899],[135.346114,34.798922],[135.345967,34.798931],[135.345749,34.798967],[135.345536,34.799021]],[[135.345278,34.793751],[135.34511,34.794195],[135.344874,34.794797],[135.344773,34.795048],[135.344673,34.795326],[135.344548,34.795604]],[[135.347299,34.797498],[135.347622,34.797701],[135.347682,34.797733],[135.347854,34.797824],[135.348398,34.798073],[135.348584,34.798137],[135.348854,34.798187],[135.349017,34.7982],[135.349136,34.798187],[135.349243,34.79815],[135.349387,34.798066]],[[135.342792,34.790572],[135.342367,34.790778],[135.341227,34.791362],[135.341203,34.791422],[135.341207,34.791483],[135.34124,34.791765],[135.341231,34.791825],[135.34121,34.791869],[135.34117,34.791933],[135.34079,34.791774],[135.340545,34.79216],[135.34027,34.792578]],[[135.34027,34.792578],[135.340803,34.792783],[135.340989,34.792858],[135.340982,34.79287],[135.341315,34.79316],[135.342007,34.793747],[135.34279,34.794392],[135.3428,34.794399],[135.343668,34.795015],[135.344548,34.795604]],[[135.34027,34.792578],[135.339821,34.792912],[135.339672,34.793021],[135.339589,34.793099],[135.339547,34.793166],[135.339498,34.793243],[135.339321,34.793556],[135.339133,34.793879],[135.339078,34.793993],[135.339019,34.794167],[135.338944,34.794451],[135.338917,34.794547],[135.33888,34.794682],[135.338894,34.794712],[135.339245,34.794911],[135.339187,34.795108]],[[135.339187,34.795108],[135.33927,34.795146],[135.339482,34.795263],[135.339818,34.795455],[135.34003,34.795577],[135.340051,34.795588],[135.340239,34.795687],[135.340376,34.795752],[135.340585,34.795848],[135.340787,34.795921],[135.340959,34.795984],[135.341092,34.796029],[135.341204,34.796068],[135.341468,34.79615],[135.341651,34.796206],[135.341875,34.796269],[135.34219,34.796348],[135.342714,34.796463],[135.342958,34.796514]],[[135.342958,34.796514],[135.343343,34.796566],[135.343372,34.79657],[135.344111,34.796682]],[[135.34027,34.792578],[135.339994,34.792473],[135.339788,34.792378],[135.33964,34.792296],[135.339542,34.79222],[135.339416,34.792144],[135.339345,34.792094],[135.339285,34.792038],[135.339228,34.791948],[135.339181,34.79192],[135.339101,34.791899],[135.338684,34.791848],[135.33869,34.791779],[135.33871,34.791741],[135.338844,34.791636],[135.338875,34.791584],[135.338896,34.791504],[135.338885,34.791393],[135.338846,34.791288],[135.338775,34.791189],[135.338687,34.791123],[135.338611,34.791088],[135.338509,34.791069],[135.338406,34.79107],[135.338281,34.791086],[135.338234,34.791076],[135.33819,34.791054],[135.338114,34.790982],[135.337583,34.791017],[135.3373,34.79187]],[[135.3373,34.79187],[135.33724,34.792059],[135.337223,34.792219],[135.337181,34.792741],[135.3372,34.792779],[135.337353,34.792918],[135.337398,34.79298],[135.33743,34.793067],[135.337447,34.793573],[135.337437,34.793751],[135.337429,34.793877],[135.337413,34.79401],[135.337371,34.794129],[135.337305,34.794313],[135.337263,34.79436],[135.337116,34.794529]],[[135.337116,34.794529],[135.337196,34.794685],[135.337224,34.794741],[135.33729,34.794762],[135.337594,34.794842],[135.337633,34.794858],[135.337661,34.794881],[135.338094,34.795538]],[[135.338094,34.795538],[135.338711,34.795187],[135.338849,34.795124],[135.338973,34.795096],[135.339104,34.795088],[135.339187,34.795108]],[[135.341993,34.789495],[135.341859,34.789314],[135.34175,34.789197],[135.341653,34.78912],[135.341538,34.789047],[135.341427,34.78899],[135.341295,34.788947],[135.341027,34.788907],[135.340656,34.78887],[135.340344,34.78886],[135.339945,34.788883],[135.33939,34.788959],[135.339078,34.789024],[135.338891,34.789077],[135.33863,34.789172]],[[135.33863,34.789172],[135.338115,34.789329],[135.337649,34.789454],[135.337579,34.789473],[135.337386,34.789521],[135.337147,34.789568],[135.33693,34.789607],[135.336898,34.789613]],[[135.336898,34.789613],[135.336854,34.789778],[135.336766,34.790086],[135.336721,34.790266],[135.336584,34.790684],[135.336471,34.790984],[135.336347,34.791319]],[[135.336347,34.791319],[135.336633,34.791411],[135.336577,34.791645],[135.336823,34.791717],[135.336798,34.791806],[135.336795,34.79184],[135.336801,34.791873],[135.336831,34.791897],[135.336941,34.791914],[135.3373,34.79187]],[[135.345406,34.798393],[135.345452,34.798616]],[[135.345452,34.798616],[135.345551,34.798609],[135.34579,34.798582],[135.345818,34.798655],[135.345835,34.798653],[135.346373,34.798642],[135.346258,34.798566]],[[135.345452,34.798616],[135.345536,34.799021]],[[135.342958,34.796514],[135.342899,34.796748],[135.3427,34.796721],[135.342506,34.796686],[135.342352,34.797141],[135.342238,34.797484],[135.342124,34.797799],[135.342025,34.798099],[135.341977,34.798234],[135.341968,34.79826],[135.341761,34.79884]],[[135.341761,34.79884],[135.342116,34.798936],[135.342419,34.799008],[135.342499,34.799027],[135.342752,34.799086],[135.343097,34.799179],[135.343343,34.79923],[135.343605,34.799275],[135.343995,34.799335],[135.344203,34.799381],[135.344329,34.799403],[135.344448,34.799414],[135.344838,34.79939],[135.344906,34.799373],[135.344992,34.799338],[135.345171,34.799237],[135.345306,34.799154],[135.345454,34.799066]],[[135.338094,34.795538],[135.338153,34.795638],[135.338151,34.796],[135.3374,34.795983],[135.337318,34.795992],[135.337175,34.79605],[135.337579,34.796707],[135.337626,34.796801],[135.337652,34.796876],[135.337666,34.796944],[135.33767,34.797018],[135.337668,34.797093],[135.337478,34.79806]],[[135.337478,34.79806],[135.337807,34.798095],[135.338128,34.798129],[135.338641,34.798184],[135.33865,34.798185],[135.338739,34.798195],[135.33907,34.798242],[135.339082,34.798244],[135.339093,34.798246],[135.339546,34.798338],[135.340369,34.79852]],[[135.340369,34.79852],[135.340916,34.798636],[135.3411,34.798676],[135.341447,34.798765],[135.341761,34.79884]],[[135.337116,34.794529],[135.33709,34.794478],[135.336965,34.794638],[135.336949,34.794686],[135.336942,34.794754],[135.336923,34.794886],[135.336897,34.794971],[135.336674,34.795128],[135.336555,34.795197],[135.335882,34.795532],[135.335794,34.795565],[135.3357,34.795582],[135.335606,34.795578],[135.335509,34.795551],[135.335339,34.795475]],[[135.335339,34.795475],[135.335284,34.795508],[135.335408,34.795613],[135.335509,34.795688],[135.335534,34.795708],[135.336274,34.795973],[135.335972,34.796197],[135.335852,34.796279],[135.335813,34.796324],[135.335747,34.796511],[135.335721,34.796636],[135.335699,34.796727],[135.33568,34.796807],[135.335618,34.797079],[135.335516,34.797461],[135.335463,34.79761],[135.335433,34.797656],[135.335427,34.797663],[135.335388,34.797712],[135.335326,34.797764],[135.335086,34.797945]],[[135.335086,34.797945],[135.335349,34.798026]],[[135.335349,34.798026],[135.336252,34.798012]],[[135.336252,34.798012],[135.33647,34.798013],[135.336624,34.798017],[135.337453,34.798059],[135.337478,34.79806]],[[135.340222,34.801087],[135.339646,34.800971],[135.339794,34.800475],[135.339948,34.799931],[135.340026,34.799637]],[[135.340026,34.799637],[135.339573,34.799552],[135.339469,34.799601],[135.339431,34.799771],[135.33932,34.79976],[135.339059,34.799733],[135.339018,34.799671],[135.338915,34.799653],[135.338785,34.799629],[135.338738,34.799648],[135.338599,34.799612],[135.338536,34.799555],[135.338417,34.799537],[135.338346,34.799424],[135.338231,34.799387],[135.338128,34.799347],[135.33802,34.799294],[135.337941,34.799253],[135.337845,34.799186],[135.337755,34.799315],[135.337465,34.799766],[135.336011,34.798916],[135.336113,34.798472],[135.336149,34.798343],[135.336216,34.798231],[135.336249,34.798164],[135.336259,34.798126],[135.336252,34.798012]],[[135.335349,34.798026],[135.335035,34.798101],[135.334568,34.798424],[135.334634,34.798595],[135.334704,34.798778],[135.33473,34.798846],[135.334837,34.799105],[135.334971,34.799426],[135.335107,34.79974],[135.335143,34.799876],[135.335161,34.800229]],[[135.335161,34.800229],[135.335169,34.800377],[135.335178,34.800536],[135.335206,34.800832],[135.335455,34.801161],[135.33559,34.801343]],[[135.33559,34.801343],[135.337972,34.801145],[135.338326,34.801117],[135.338793,34.801093]],[[135.338793,34.801093],[135.338809,34.801042],[135.338845,34.801005],[135.338898,34.800964],[135.338939,34.800938],[135.338991,34.80091],[135.339033,34.800897],[135.339125,34.800897],[135.339192,34.800911],[135.339239,34.800934],[135.339261,34.800964],[135.339269,34.800992],[135.339274,34.801095],[135.339283,34.801186],[135.339302,34.801278],[135.339315,34.80132],[135.33935,34.801347],[135.33939,34.801352],[135.339551,34.801333],[135.339644,34.801335],[135.339758,34.801348],[135.339873,34.801373],[135.339976,34.801407],[135.340052,34.801454],[135.340108,34.801468],[135.340222,34.801087]],[[135.340026,34.799637],[135.340085,34.799437],[135.34023,34.798957],[135.340235,34.79894],[135.340258,34.798861],[135.340369,34.79852]],[[135.340222,34.801087],[135.340731,34.801431],[135.340834,34.801502],[135.340903,34.801524],[135.340967,34.80152],[135.34103,34.80151],[135.341139,34.801456],[135.341409,34.80126],[135.341494,34.800971],[135.341574,34.8007],[135.342016,34.80093],[135.342788,34.80103]],[[135.338793,34.801093],[135.3388,34.801184],[135.338916,34.801799],[135.338987,34.802301],[135.33901,34.802512],[135.33904,34.802899],[135.339055,34.803083],[135.339077,34.803409],[135.338855,34.803564],[135.338664,34.803681]],[[135.338664,34.803681],[135.339483,34.804075],[135.339669,34.804034],[135.339894,34.803995],[135.340013,34.80398],[135.340069,34.803973],[135.340105,34.803969],[135.340201,34.803959],[135.34033,34.80395],[135.341287,34.803898],[135.342138,34.80385],[135.343482,34.803751]],[[135.338664,34.803681],[135.338213,34.80385],[135.337788,34.804007],[135.337355,34.804176],[135.337153,34.804452],[135.33697,34.804725],[135.33675,34.805058],[135.336595,34.804996],[135.336412,34.804905],[135.336322,34.80489],[135.336218,34.804884],[135.336099,34.804879],[135.335883,34.804858],[135.335616,34.804866],[135.33548,34.804855],[135.335331,34.804832],[135.33512,34.804799],[135.335065,34.804815]],[[135.335065,34.804815],[135.335259,34.805092],[135.335331,34.805162],[135.335498,34.805257],[135.336248,34.80552],[135.33669,34.805731],[135.337323,34.805921],[135.337681,34.806064],[135.337992,34.806456]],[[135.337992,34.806456],[135.338316,34.806799],[135.338519,34.807078],[135.33858,34.807157],[135.338613,34.80722]],[[135.335065,34.804815],[135.335033,34.804785],[135.33483,34.804593],[135.33462,34.804413],[135.334327,34.804169],[135.334089,34.803962],[135.333885,34.803803],[135.33369,34.803678],[135.333641,34.803708],[135.333468,34.803843],[135.333682,34.804589],[135.333687,34.804626],[135.333682,34.804663],[135.333641,34.804689],[135.333563,34.804701],[135.333505,34.804714],[135.333475,34.804789],[135.333295,34.804837],[135.333221,34.80488],[135.333074,34.805026],[135.333027,34.805103],[135.33301,34.80519],[135.332983,34.805236],[135.33293,34.8053],[135.332861,34.80535],[135.332768,34.805391],[135.332664,34.805415],[135.332319,34.805478],[135.332319,34.80576],[135.33199,34.805789],[135.331943,34.805803],[135.331898,34.805829],[135.33185,34.805904],[135.331761,34.806116],[135.331599,34.806459],[135.334007,34.807341]],[[135.334007,34.807341],[135.33419,34.807269]],[[135.33419,34.807269],[135.334709,34.807071],[135.334783,34.806932],[135.334813,34.806901],[135.334874,34.806854],[135.334905,34.806837],[135.335197,34.806682],[135.335426,34.806822],[135.335507,34.806846],[135.335568,34.806855],[135.335626,34.806852],[135.335869,34.806803],[135.335999,34.80678],[135.336049,34.806767],[135.336088,34.806754],[135.336138,34.80675],[135.336326,34.806749],[135.336408,34.806759],[135.336494,34.806774],[135.336625,34.806807],[135.336789,34.806854],[135.336834,34.806858],[135.336891,34.806848],[135.337025,34.806788],[135.337341,34.806596],[135.33737,34.806578],[135.337557,34.806546],[135.337992,34.806456]],[[135.33419,34.807269],[135.334279,34.807368],[135.33445,34.807542],[135.334592,34.80768],[135.334603,34.807694],[135.334713,34.807831],[135.334918,34.80803],[135.334963,34.808019],[135.335296,34.808116],[135.335658,34.808225],[135.336038,34.808344],[135.336386,34.808446],[135.336745,34.808554],[135.337131,34.80867],[135.337087,34.808924],[135.337232,34.808975],[135.337403,34.809115],[135.337766,34.809288],[135.337752,34.809308],[135.337537,34.809611],[135.337665,34.809676],[135.337756,34.809481],[135.337715,34.809467],[135.33776,34.809377],[135.337817,34.809396],[135.338008,34.809461],[135.337854,34.809772],[135.338048,34.809871],[135.338135,34.809959],[135.3382,34.810014],[135.338221,34.810036],[135.338255,34.810078],[135.338278,34.810095],[135.338338,34.810118],[135.338387,34.810156],[135.338619,34.810401]],[[135.338619,34.810401],[135.339817,34.809667],[135.340733,34.809105],[135.340818,34.809053]],[[135.334007,34.807341],[135.333583,34.807274],[135.332911,34.80844],[135.33289,34.808476],[135.332656,34.808883],[135.332655,34.808887]],[[135.332655,34.808887],[135.332701,34.808989],[135.332717,34.809049],[135.332724,34.809109],[135.332738,34.809325],[135.332763,34.809407],[135.332812,34.809479],[135.333117,34.809774],[135.333615,34.810097],[135.333811,34.810218],[135.334072,34.810379],[135.334123,34.810401],[135.334196,34.810411],[135.334384,34.810404],[135.334408,34.810417],[135.33468,34.810598],[135.334794,34.810669],[135.334929,34.810711],[135.335169,34.810765],[135.335449,34.810848],[135.335317,34.811084],[135.335297,34.811149],[135.335295,34.811222],[135.335314,34.811287],[135.335377,34.811365],[135.335735,34.81183]],[[135.335735,34.81183],[135.336175,34.81168],[135.336608,34.811532],[135.336995,34.811384],[135.338055,34.810743]],[[135.338055,34.810743],[135.338619,34.810401]],[[135.332655,34.808887],[135.332226,34.809194],[135.3309,34.810008],[135.330209,34.810453],[135.329405,34.811018]],[[135.329405,34.811018],[135.329432,34.811028],[135.329565,34.81116],[135.329657,34.811395],[135.329727,34.811584],[135.329801,34.811667],[135.329881,34.811734],[135.329943,34.811767],[135.330016,34.811786],[135.330218,34.811787],[135.330292,34.8118],[135.330378,34.811852],[135.330401,34.81187],[135.330457,34.811914],[135.330503,34.811983],[135.330612,34.812149],[135.330645,34.812187],[135.33068,34.812216],[135.330768,34.812245],[135.330902,34.812291],[135.330924,34.812298],[135.331079,34.81234],[135.331112,34.812356],[135.331153,34.812376],[135.331229,34.812438],[135.331303,34.812526],[135.331376,34.812675],[135.331411,34.812735],[135.331614,34.812899],[135.331653,34.812931],[135.331715,34.812998],[135.331804,34.813137],[135.33185,34.813185],[135.332076,34.813364],[135.332302,34.813584],[135.332403,34.813659],[135.332406,34.813662],[135.332623,34.813755],[135.332715,34.813781],[135.333198,34.813918],[135.333358,34.813599],[135.333542,34.813233]],[[135.333542,34.813233],[135.333547,34.813223],[135.333727,34.812963],[135.334133,34.812379],[135.335667,34.811854],[135.335735,34.81183]],[[135.331479,34.800286],[135.331742,34.800453],[135.33208,34.800267],[135.332105,34.800254],[135.332417,34.800096],[135.332704,34.800144],[135.332826,34.80015],[135.3329,34.800139],[135.333051,34.80009],[135.333193,34.799813],[135.333673,34.80011],[135.33378,34.800172],[135.333903,34.800212],[135.334012,34.800229],[135.335161,34.800229]],[[135.335086,34.797945],[135.334877,34.798095],[135.334773,34.798131],[135.334633,34.798165],[135.334416,34.798206],[135.334256,34.798218],[135.334078,34.798226],[135.333824,34.798235]],[[135.333824,34.798235],[135.333745,34.798235],[135.333263,34.798231],[135.333154,34.79822],[135.333038,34.798201],[135.332862,34.798156],[135.332739,34.798114],[135.332614,34.798057],[135.332511,34.798],[135.332382,34.797914],[135.332182,34.797762],[135.332113,34.797732],[135.331857,34.797704],[135.33118,34.797617]],[[135.33118,34.797617],[135.331146,34.797676],[135.330995,34.797721],[135.330882,34.797748],[135.330732,34.797776],[135.330622,34.797785],[135.33042,34.797793],[135.330344,34.797787],[135.330292,34.797796],[135.33025,34.79781],[135.330206,34.797835],[135.330083,34.7978],[135.330011,34.797794],[135.329967,34.797805],[135.329943,34.797821],[135.329938,34.797845],[135.329975,34.797882],[135.329986,34.797908],[135.329974,34.797953],[135.329972,34.797991],[135.329982,34.798028],[135.329992,34.798072],[135.329986,34.798119],[135.329969,34.798154],[135.32976,34.798294],[135.329565,34.79839],[135.329238,34.798528],[135.328948,34.798637],[135.328754,34.799079],[135.32955,34.798957],[135.329719,34.799204],[135.329836,34.799393],[135.330019,34.79948],[135.330159,34.799561],[135.330304,34.799729],[135.33035,34.799792],[135.330576,34.799941],[135.330278,34.800073],[135.329875,34.800253],[135.329904,34.800287],[135.330246,34.800648],[135.330505,34.800718],[135.330434,34.800841],[135.330433,34.800846],[135.33044,34.800857],[135.330608,34.800684],[135.330679,34.800708],[135.330696,34.80071],[135.330721,34.800703],[135.330981,34.800507],[135.331031,34.800487],[135.331082,34.800449],[135.331273,34.800208],[135.331314,34.800235],[135.331352,34.800195],[135.331479,34.800286]],[[135.331479,34.800286],[135.331478,34.800388],[135.331496,34.800469],[135.331547,34.800582],[135.331567,34.800606],[135.331621,34.800642],[135.331624,34.800726],[135.33161,34.800781],[135.331583,34.800849],[135.331559,34.800891],[135.331525,34.800939],[135.331416,34.801045],[135.331353,34.801077],[135.331262,34.801121],[135.331075,34.801206],[135.331097,34.801613],[135.331096,34.801683],[135.331068,34.801739],[135.331029,34.801777],[135.33099,34.801794],[135.330796,34.801812],[135.330791,34.801874]],[[135.330791,34.801874],[135.330785,34.80196],[135.332081,34.80199],[135.332175,34.802005],[135.332241,34.802031],[135.332308,34.802078],[135.332379,34.802133],[135.332667,34.802493],[135.333379,34.802479],[135.333977,34.802451],[135.334195,34.802434],[135.33447,34.802399],[135.335356,34.802259],[135.335565,34.802217],[135.335562,34.801455],[135.33559,34.801343]],[[135.332478,34.794889],[135.332263,34.794953],[135.331968,34.79505]],[[135.331968,34.79505],[135.331984,34.795085],[135.332055,34.795307],[135.332178,34.795735],[135.332184,34.796196],[135.332166,34.796286],[135.332132,34.796373],[135.332066,34.79648],[135.332211,34.796654],[135.332714,34.796779],[135.332753,34.796788],[135.333301,34.797527],[135.333533,34.797844],[135.333824,34.798235]],[[135.335339,34.795475],[135.335219,34.795392],[135.335076,34.795292],[135.334878,34.795162],[135.334797,34.795089],[135.334638,34.794859],[135.333638,34.794733],[135.332938,34.794886],[135.332846,34.794824],[135.332509,34.794919],[135.332478,34.794889]],[[135.331252,34.794079],[135.331103,34.794165],[135.330138,34.794726],[135.33022,34.795009],[135.330303,34.795331],[135.330393,34.795645],[135.330487,34.795988],[135.330583,34.796301],[135.330672,34.796612],[135.330735,34.796827],[135.330805,34.79692],[135.331026,34.797191],[135.33125,34.797449],[135.33118,34.797617]],[[135.331968,34.79505],[135.331672,34.794422],[135.331446,34.793974],[135.331252,34.794079]],[[135.324732,34.788304],[135.324432,34.788477],[135.324876,34.788838],[135.325152,34.788842],[135.325396,34.788908],[135.325593,34.789051],[135.326113,34.789397],[135.326229,34.789402],[135.326406,34.789415]],[[135.326406,34.789415],[135.326455,34.789349],[135.326533,34.789269],[135.326615,34.7892],[135.326794,34.789106],[135.326915,34.789055],[135.326969,34.789041],[135.327002,34.789032],[135.327099,34.789021],[135.327351,34.789013],[135.327379,34.789013],[135.327796,34.789003],[135.328227,34.788993],[135.328246,34.788994],[135.328478,34.788995],[135.328657,34.789012],[135.328792,34.789038],[135.32947,34.789251]],[[135.32947,34.789251],[135.329579,34.789281],[135.330709,34.78937]],[[135.330709,34.78937],[135.331172,34.789397],[135.331558,34.789422],[135.332086,34.789451],[135.332535,34.789483],[135.332928,34.789517],[135.333102,34.78954],[135.333309,34.789575],[135.333451,34.789602],[135.334033,34.789668]],[[135.334033,34.789668],[135.334639,34.78974],[135.334943,34.789764],[135.335157,34.789773],[135.335606,34.789759],[135.336239,34.789695],[135.336679,34.78965],[135.336898,34.789613]],[[135.33863,34.789172],[135.338513,34.789101],[135.337025,34.789012],[135.336982,34.78901],[135.336084,34.788937],[135.335692,34.788902],[135.335269,34.788869],[135.334157,34.788773],[135.333535,34.78873],[135.33302,34.788698],[135.332607,34.788671],[135.332134,34.78865],[135.331611,34.788626],[135.331231,34.788608],[135.330753,34.788579],[135.329538,34.788525],[135.328273,34.788462],[135.328264,34.788461],[135.32784,34.788442],[135.327442,34.788424],[135.327387,34.788422],[135.327021,34.788403],[135.326669,34.788386],[135.326193,34.788368],[135.325629,34.788335],[135.325172,34.788314],[135.324947,34.788454],[135.324732,34.788304]],[[135.330644,34.791904],[135.330693,34.791948],[135.330758,34.791955],[135.331177,34.791974],[135.331414,34.791992]],[[135.331414,34.791992],[135.331478,34.791584],[135.331477,34.791498],[135.331322,34.79084],[135.331309,34.790772],[135.331297,34.790718],[135.331292,34.790697],[135.331283,34.790547],[135.331298,34.79049],[135.33135,34.790409],[135.331611,34.790053],[135.331665,34.789969],[135.331685,34.789921],[135.331688,34.789871],[135.331675,34.789832],[135.331639,34.789794],[135.331556,34.789764],[135.330699,34.789552],[135.330709,34.78937]],[[135.32947,34.789251],[135.329147,34.789491],[135.328064,34.790652],[135.328037,34.79068],[135.327816,34.790889],[135.327628,34.791693],[135.328166,34.792152],[135.329111,34.792305],[135.330031,34.792283],[135.330573,34.791832],[135.330644,34.791904]],[[135.331414,34.791992],[135.33185,34.792037],[135.332298,34.792084],[135.334236,34.792473]],[[135.334236,34.792473],[135.334281,34.792155],[135.334276,34.792104],[135.334177,34.791829],[135.334173,34.791812],[135.33407,34.791497],[135.333957,34.791169],[135.333892,34.790867],[135.333881,34.790816],[135.333881,34.790575],[135.333,34.790219],[135.332937,34.790164],[135.332894,34.790109],[135.332882,34.790052],[135.332898,34.79001],[135.332943,34.789963],[135.333061,34.789877],[135.333209,34.789779],[135.333294,34.789747],[135.333379,34.789742],[135.334017,34.789773],[135.334033,34.789668]],[[135.334236,34.792473],[135.334341,34.792495]],[[135.334341,34.792495],[135.334366,34.792437],[135.334405,34.792407],[135.334639,34.792325],[135.335002,34.792202],[135.335358,34.792083],[135.335385,34.792086],[135.335767,34.792093],[135.336028,34.792094],[135.336086,34.791931],[135.336217,34.791619],[135.336347,34.791319]],[[135.334341,34.792495],[135.334289,34.792794],[135.334239,34.793098],[135.334171,34.793389],[135.334107,34.793662],[135.333974,34.7937],[135.333883,34.793743],[135.333808,34.793808],[135.333758,34.793891],[135.333594,34.79424],[135.333561,34.794295],[135.333497,34.794339],[135.332506,34.794569],[135.332482,34.794573],[135.332438,34.794841],[135.332478,34.794889]],[[135.330644,34.791904],[135.330549,34.791953],[135.330183,34.792474],[135.330077,34.79261],[135.329468,34.792673],[135.328879,34.793305],[135.330437,34.794186],[135.330851,34.793952],[135.331252,34.794079]],[[135.324732,34.788304],[135.324492,34.788135],[135.321866,34.789727]],[[135.321866,34.789727],[135.322138,34.790027],[135.322033,34.79018],[135.321951,34.790351],[135.321816,34.790564],[135.32173,34.790684],[135.321524,34.790908]],[[135.321524,34.790908],[135.322131,34.791208],[135.322497,34.791387],[135.322201,34.792847],[135.32297,34.793987],[135.323291,34.7938],[135.323904,34.793472],[135.32439,34.793175],[135.324753,34.792918],[135.324965,34.792763],[135.325071,34.792623],[135.325148,34.79242],[135.325415,34.791371],[135.325577,34.791443],[135.32585,34.791008],[135.325945,34.790846],[135.326039,34.790619],[135.326321,34.789598],[135.326356,34.789499],[135.326406,34.789415]],[[135.321866,34.789727],[135.320325,34.79064],[135.317898,34.792009],[135.31771,34.792131],[135.316509,34.79318],[135.316432,34.793215],[135.31593,34.793342]],[[135.31593,34.793342],[135.316064,34.793717],[135.316381,34.793633],[135.316534,34.793992],[135.316645,34.794287],[135.31668,34.794374],[135.316756,34.794562],[135.31695,34.795088]],[[135.31695,34.795088],[135.318327,34.79505],[135.318312,34.794896],[135.318282,34.794396],[135.31848,34.794305],[135.318699,34.794189],[135.319077,34.793914],[135.319037,34.793668],[135.319376,34.793469],[135.319645,34.793307],[135.319583,34.793249],[135.319347,34.793272],[135.319283,34.793267],[135.31925,34.793249],[135.319224,34.793212],[135.319204,34.793159],[135.319203,34.793068],[135.319211,34.792967],[135.319223,34.79288],[135.319249,34.792784],[135.319277,34.792715],[135.319335,34.792639],[135.319405,34.792574],[135.319907,34.792354],[135.320078,34.792208],[135.320313,34.792105],[135.32048,34.792015],[135.320538,34.791964],[135.32063,34.791857],[135.320697,34.791752],[135.32075,34.791565],[135.320991,34.791473],[135.321524,34.790908]],[[135.31593,34.793342],[135.315471,34.793448],[135.315236,34.793477],[135.313175,34.793613]],[[135.313175,34.793613],[135.312801,34.794131],[135.312252,34.794947],[135.312495,34.795132],[135.313253,34.794567],[135.313395,34.794558],[135.313589,34.794559],[135.313796,34.794582],[135.313962,34.794634],[135.314164,34.794779],[135.314227,34.794822],[135.314428,34.794928],[135.314718,34.795158],[135.31695,34.795088]],[[135.340029,34.818944],[135.339776,34.81844],[135.339671,34.818306],[135.339607,34.818236],[135.339521,34.81815],[135.339462,34.818092],[135.339428,34.817839],[135.339932,34.81775],[135.339915,34.817629],[135.339886,34.817527],[135.339855,34.817441],[135.339825,34.817376],[135.339789,34.817361],[135.339709,34.817362],[135.339692,34.81731],[135.339659,34.81729],[135.33962,34.817285],[135.339622,34.817176]],[[135.339622,34.817176],[135.339509,34.817175],[135.339434,34.81716],[135.339402,34.817134],[135.339377,34.817084],[135.339326,34.816973],[135.339174,34.816712],[135.338964,34.816405],[135.338924,34.816347],[135.338785,34.816141],[135.338698,34.815985],[135.338624,34.815935],[135.338532,34.815831],[135.338207,34.815578],[135.338088,34.81535]],[[135.338088,34.81535],[135.338062,34.81536],[135.337765,34.815467]],[[135.337765,34.815467],[135.337779,34.815627],[135.337754,34.815667],[135.337697,34.815762],[135.337676,34.815828],[135.337639,34.815955],[135.337614,34.81601],[135.337529,34.81613],[135.33746,34.816235],[135.337407,34.816333],[135.337367,34.816434],[135.337329,34.816556],[135.337291,34.816614],[135.337171,34.816705],[135.337133,34.816766],[135.337093,34.816895],[135.337036,34.81693],[135.336973,34.816983],[135.336834,34.817097],[135.3368,34.817135],[135.33679,34.817146],[135.336771,34.817167],[135.336703,34.817242],[135.336662,34.817258],[135.336611,34.817259],[135.336592,34.817255],[135.336464,34.817228],[135.336404,34.817265],[135.336315,34.817311],[135.336054,34.81741],[135.335842,34.817489],[135.335705,34.817561],[135.335689,34.81757],[135.335496,34.817676],[135.335426,34.8177],[135.335416,34.817701],[135.335062,34.817726],[135.334957,34.817733],[135.334809,34.817756],[135.334637,34.817834],[135.334549,34.81789],[135.33449,34.81795],[135.334429,34.818012],[135.334436,34.818104],[135.334437,34.818207],[135.334356,34.81827]],[[135.334356,34.81827],[135.33447,34.818827],[135.335527,34.819086],[135.335543,34.819355],[135.336441,34.81929],[135.337213,34.819403],[135.337981,34.819022],[135.338569,34.819235],[135.339267,34.819096],[135.340029,34.818944]],[[135.352097,34.818392],[135.351906,34.818414],[135.351855,34.818413],[135.351813,34.818402],[135.35174,34.818351],[135.351537,34.818192],[135.351387,34.818035],[135.351323,34.817964],[135.351281,34.817889],[135.351234,34.817769],[135.351137,34.81756],[135.351095,34.817476],[135.351051,34.81743],[135.351005,34.817394],[135.350951,34.817367],[135.350837,34.817328],[135.35083,34.817325],[135.35062,34.81726],[135.350538,34.817222],[135.350452,34.817159],[135.350408,34.817107],[135.350392,34.817062],[135.350398,34.817017],[135.35042,34.816987],[135.350492,34.816912],[135.350514,34.816861],[135.350527,34.816789],[135.350526,34.816665],[135.350516,34.816615],[135.350496,34.816584],[135.350469,34.816543],[135.350336,34.816386],[135.350326,34.81633],[135.350327,34.816286],[135.350344,34.816252],[135.350374,34.816242],[135.350402,34.816242],[135.350435,34.816251],[135.350536,34.816295],[135.350572,34.816298],[135.350606,34.816288],[135.350679,34.816247],[135.350699,34.816222],[135.350701,34.8162],[135.350693,34.816174],[135.350611,34.816063],[135.350375,34.81579],[135.350211,34.81559],[135.35013,34.815456],[135.350089,34.815337],[135.350094,34.815274],[135.350106,34.815212]],[[135.350106,34.815212],[135.348804,34.815019]],[[135.348804,34.815019],[135.348719,34.815194],[135.348665,34.815307]],[[135.348665,34.815307],[135.348469,34.815552],[135.348344,34.815683],[135.348276,34.815743],[135.348112,34.815889],[135.348017,34.815967],[135.347927,34.816038],[135.347811,34.816116],[135.347697,34.816184],[135.347571,34.816238],[135.347383,34.81632],[135.347135,34.816413],[135.346891,34.816506],[135.346783,34.816566],[135.346705,34.816622],[135.346638,34.81671],[135.346569,34.816899],[135.34652,34.81712],[135.346475,34.81738],[135.346411,34.817707],[135.3464,34.817778],[135.346367,34.81798]],[[135.346367,34.81798],[135.348827,34.818267],[135.349076,34.818252],[135.349174,34.81826],[135.34924,34.818274],[135.349319,34.818313],[135.349417,34.818377],[135.349476,34.818443],[135.349513,34.818511],[135.34952,34.818562],[135.349514,34.81861],[135.349493,34.818647],[135.34939,34.818819],[135.349361,34.818883],[135.349359,34.818925],[135.349377,34.81897],[135.349405,34.819007],[135.34945,34.819038],[135.349501,34.819059],[135.349546,34.819067],[135.349607,34.819062]],[[135.349607,34.819062],[135.349647,34.819052],[135.349698,34.819036],[135.349954,34.818864],[135.350049,34.818829],[135.350209,34.818798]],[[135.350209,34.818798],[135.350357,34.818791],[135.35132,34.818794],[135.351384,34.819127],[135.351406,34.819188],[135.351443,34.819301],[135.351444,34.819359],[135.351446,34.819457],[135.351466,34.819521],[135.35151,34.819622],[135.351532,34.819664],[135.351566,34.819695],[135.351648,34.819754],[135.351688,34.819805],[135.351723,34.819874],[135.351735,34.819941],[135.351767,34.820249],[135.351801,34.820324],[135.351816,34.820336],[135.351837,34.820347],[135.351856,34.82035]],[[135.351856,34.82035],[135.351861,34.820347],[135.351855,34.820324],[135.351836,34.820266],[135.351827,34.820183],[135.351829,34.819956],[135.351849,34.819919],[135.351874,34.819903],[135.352245,34.819799],[135.35225,34.819772],[135.35225,34.819746],[135.35223,34.819707],[135.352064,34.819498],[135.352033,34.819439],[135.352003,34.819313],[135.351977,34.819224],[135.351964,34.819158],[135.351967,34.819091],[135.351996,34.818988],[135.352025,34.818902],[135.352053,34.818858],[135.352144,34.818744],[135.352164,34.818705],[135.352169,34.818665],[135.352169,34.81863],[135.352097,34.818392]],[[135.348665,34.815307],[135.347734,34.814772],[135.347407,34.814548],[135.347079,34.814291],[135.34687,34.814102],[135.34685,34.814076],[135.34684,34.814027],[135.34685,34.813885],[135.346877,34.813499],[135.346888,34.813444],[135.346907,34.813336],[135.346903,34.813295],[135.346889,34.813258],[135.346874,34.813247],[135.346847,34.813248],[135.346811,34.813259],[135.346609,34.813374],[135.34646,34.813465],[135.34639,34.813498],[135.346214,34.813566],[135.346204,34.81308],[135.346211,34.812914],[135.346219,34.812827],[135.346226,34.812773],[135.346245,34.812711],[135.346277,34.812644],[135.345716,34.812688],[135.345419,34.812706],[135.345229,34.812753],[135.344903,34.812782],[135.344617,34.81281],[135.344591,34.812813],[135.344272,34.812833],[135.344153,34.812848],[135.344034,34.81287],[135.343892,34.812908],[135.34375,34.812933],[135.343496,34.812967]],[[135.343496,34.812967],[135.343509,34.813051],[135.343463,34.813084],[135.343143,34.813317],[135.343191,34.813543],[135.343205,34.813609],[135.343224,34.813721],[135.343231,34.813844],[135.343217,34.814016],[135.343151,34.814345]],[[135.343151,34.814345],[135.34368,34.814397],[135.343535,34.815466],[135.3435,34.815723],[135.34338,34.816762],[135.343347,34.817044],[135.343286,34.817569]],[[135.343286,34.817569],[135.343992,34.817491],[135.344371,34.817578],[135.344849,34.817675],[135.345289,34.817771],[135.346168,34.817949],[135.346367,34.81798]],[[135.342963,34.817696],[135.343286,34.817569]],[[135.343151,34.814345],[135.343048,34.814803],[135.342433,34.814737],[135.342138,34.814705],[135.34209,34.814717],[135.341839,34.814779],[135.34169,34.815304],[135.341568,34.815731],[135.341544,34.815814],[135.341373,34.816017],[135.341334,34.816063],[135.341026,34.816048],[135.340699,34.816029],[135.340355,34.816036],[135.340356,34.816252],[135.340365,34.816365],[135.340399,34.816551],[135.340338,34.816708],[135.340341,34.816723],[135.340376,34.816771],[135.340385,34.816786],[135.340389,34.816824],[135.340209,34.816673],[135.340119,34.816607],[135.340138,34.816801],[135.340159,34.816868],[135.340214,34.816916],[135.340364,34.817007],[135.339979,34.817039],[135.339875,34.817046],[135.339807,34.817062],[135.339747,34.81708],[135.339679,34.817121],[135.339622,34.817176]],[[135.340029,34.818944],[135.340202,34.819131],[135.340565,34.818917],[135.340598,34.818906],[135.34067,34.818905],[135.340858,34.818902],[135.340962,34.818912],[135.341025,34.818919],[135.341124,34.818942],[135.341237,34.818979],[135.341357,34.819024]],[[135.341357,34.819024],[135.341435,34.819087],[135.341773,34.819383]],[[135.341773,34.819383],[135.341708,34.819121],[135.341853,34.818959],[135.341924,34.818856],[135.341953,34.818798],[135.342285,34.817918],[135.342963,34.817696]],[[135.342963,34.817696],[135.343066,34.818004],[135.343094,34.818038],[135.343171,34.818076],[135.343254,34.818096],[135.343395,34.818101],[135.34354,34.818066],[135.343904,34.817929],[135.343924,34.817933],[135.343933,34.817976],[135.344,34.818548],[135.344004,34.818611],[135.344013,34.818647],[135.344024,34.81869]],[[135.344024,34.81869],[135.344345,34.818996],[135.344442,34.819116],[135.34448,34.819178],[135.344497,34.819229],[135.344513,34.819339],[135.344613,34.820043],[135.344682,34.820523],[135.344693,34.820628],[135.344697,34.820661]],[[135.344697,34.820661],[135.345438,34.821043],[135.345632,34.821354],[135.345815,34.821616],[135.346061,34.821941],[135.346107,34.82196],[135.347029,34.822022],[135.347113,34.822028],[135.347755,34.822043],[135.347927,34.822035],[135.348129,34.822008],[135.348308,34.822008],[135.348791,34.822028],[135.348847,34.82201],[135.348898,34.821981],[135.348927,34.821941],[135.348926,34.821825],[135.348888,34.821641],[135.348874,34.821569],[135.348895,34.821327],[135.348888,34.821274],[135.348829,34.821098],[135.348777,34.820902],[135.348734,34.82071],[135.348741,34.820575],[135.349084,34.819677],[135.349169,34.819528],[135.349199,34.819504],[135.34925,34.819479],[135.349342,34.81946],[135.349425,34.819426],[135.349494,34.819381],[135.349563,34.819326],[135.349593,34.819285],[135.349619,34.819235],[135.349626,34.819189],[135.349623,34.819146],[135.349607,34.819062]],[[135.347998,34.810095],[135.348025,34.810269],[135.348071,34.810536],[135.348213,34.81137],[135.348269,34.811744],[135.34828,34.811861],[135.348269,34.811917],[135.348248,34.811983],[135.348214,34.812049],[135.348128,34.812145],[135.348046,34.812246],[135.348017,34.812285],[135.347999,34.812329]],[[135.347999,34.812329],[135.348362,34.812418],[135.34853,34.812456],[135.348561,34.812463],[135.348688,34.812483],[135.348797,34.812493],[135.348895,34.812492],[135.348996,34.812479],[135.349622,34.812389],[135.349643,34.812389],[135.349851,34.812396],[135.350005,34.812412],[135.350189,34.81243],[135.350375,34.812468],[135.350506,34.812502],[135.350782,34.812601],[135.351022,34.812676]],[[135.351022,34.812676],[135.351111,34.812597],[135.351514,34.812333],[135.351554,34.81228],[135.35157,34.812229],[135.351565,34.812197],[135.351544,34.812165],[135.351506,34.812137],[135.351446,34.812116],[135.3513,34.812064],[135.351225,34.812015],[135.35116,34.811946],[135.351102,34.811836],[135.351052,34.811679],[135.350986,34.811558],[135.350838,34.811349],[135.350819,34.811323],[135.350639,34.811077],[135.350641,34.811045],[135.35066,34.811024],[135.350703,34.811008],[135.350757,34.810988],[135.350792,34.81096],[135.350832,34.810893],[135.350975,34.810655],[135.351018,34.810582],[135.351049,34.810554],[135.351113,34.81052],[135.351585,34.810338],[135.351655,34.810291],[135.351693,34.810247],[135.351706,34.81019],[135.351698,34.810088],[135.351646,34.809666]],[[135.347999,34.812329],[135.347984,34.81239],[135.347983,34.812469],[135.347992,34.812538],[135.348018,34.81261],[135.348066,34.812685],[135.348127,34.812755],[135.348172,34.81279],[135.348223,34.81282],[135.348309,34.812852],[135.348428,34.812892],[135.34868,34.812949],[135.348813,34.812996],[135.348878,34.813034],[135.348951,34.813099],[135.349018,34.813174],[135.349062,34.813232],[135.349093,34.813306],[135.349101,34.81338],[135.349091,34.81348],[135.348944,34.814339],[135.348906,34.814578],[135.348903,34.814593],[135.348879,34.814744],[135.348854,34.814845],[135.348804,34.815019]],[[135.350106,34.815212],[135.350157,34.815164],[135.350217,34.815131],[135.350307,34.815118],[135.350422,34.815124],[135.350522,34.815146],[135.350634,34.815195],[135.350935,34.815396],[135.351011,34.815451],[135.35106,34.81547],[135.351103,34.815472],[135.35114,34.815455],[135.351176,34.815424],[135.351201,34.815368],[135.351215,34.815271],[135.35122,34.815162],[135.351197,34.815015],[135.351166,34.814878],[135.35113,34.814806],[135.351074,34.814741],[135.350999,34.814681],[135.350865,34.814596],[135.350812,34.81454],[135.350799,34.814481],[135.350806,34.814407],[135.350818,34.814379],[135.350831,34.81435],[135.350903,34.81427],[135.350977,34.814214],[135.351015,34.814186],[135.351038,34.814175],[135.35112,34.814136],[135.35129,34.814064],[135.351378,34.814002],[135.351434,34.813944],[135.351466,34.813881],[135.351479,34.813834],[135.351469,34.813783],[135.35142,34.813697],[135.351232,34.813437],[135.351038,34.813145],[135.350865,34.813005],[135.350835,34.812949],[135.350841,34.812917],[135.350846,34.812892],[135.350876,34.812829],[135.351022,34.812676]],[[135.347998,34.810095],[135.346769,34.810217],[135.346744,34.810219],[135.34546,34.810359],[135.34513,34.810397],[135.344882,34.810423]],[[135.344882,34.810423],[135.344658,34.81045],[135.344026,34.810553],[135.343757,34.81059],[135.343745,34.810591],[135.343475,34.810624],[135.343062,34.810673],[135.342951,34.81069],[135.342865,34.810711],[135.342797,34.810738],[135.342674,34.810786]],[[135.342674,34.810786],[135.342663,34.810804],[135.342661,34.810818],[135.342775,34.811021],[135.342881,34.811086],[135.342934,34.811118],[135.342968,34.811152],[135.343003,34.811187],[135.34306,34.811257],[135.343102,34.811329],[135.343134,34.811402],[135.343306,34.811964]],[[135.343306,34.811964],[135.343453,34.811935],[135.343563,34.811914],[135.343695,34.811901],[135.343806,34.811897],[135.344041,34.811901],[135.344272,34.8119],[135.344468,34.811915],[135.344567,34.811923],[135.344828,34.811948],[135.345017,34.811974],[135.345432,34.812015],[135.345641,34.812035],[135.345941,34.812068],[135.346122,34.812092],[135.346288,34.812116],[135.346529,34.812156],[135.346607,34.812172],[135.346799,34.812212],[135.347114,34.812201],[135.347255,34.812205],[135.347343,34.812212],[135.347443,34.812232],[135.347533,34.812256],[135.347592,34.812267],[135.347728,34.812269],[135.347839,34.81229],[135.347999,34.812329]],[[135.343306,34.811964],[135.343428,34.812539],[135.343459,34.812732],[135.343496,34.812967]],[[135.342674,34.810786],[135.342461,34.81083],[135.34212,34.810942],[135.341939,34.811011],[135.340841,34.811518],[135.339909,34.811947],[135.339576,34.812109],[135.339448,34.812175],[135.339335,34.812233],[135.339192,34.812318],[135.339099,34.812374],[135.338937,34.812476],[135.338862,34.812527]],[[135.338862,34.812527],[135.338826,34.812551],[135.338599,34.812704],[135.338408,34.812837],[135.338146,34.813051],[135.338116,34.813072],[135.337997,34.813157],[135.337877,34.813267],[135.337726,34.813403],[135.337703,34.813427],[135.33757,34.813567],[135.337438,34.813705],[135.337317,34.813852],[135.337217,34.813965],[135.337115,34.814102],[135.337004,34.814249],[135.336647,34.814721]],[[135.336647,34.814721],[135.337022,34.814928],[135.337152,34.815],[135.337245,34.81504],[135.337258,34.815056],[135.337347,34.815166],[135.337434,34.815268],[135.337486,34.815304],[135.337579,34.815348],[135.337707,34.815379],[135.337749,34.815397],[135.337762,34.815436],[135.337765,34.815467]],[[135.338088,34.81535],[135.338156,34.815323],[135.338365,34.815202],[135.338474,34.815153],[135.338516,34.815135],[135.338548,34.815121],[135.338669,34.815068],[135.338877,34.814942],[135.339283,34.814679],[135.339719,34.81438],[135.340059,34.814096],[135.340454,34.813768],[135.340747,34.813479],[135.340855,34.813364],[135.341041,34.813145],[135.341083,34.813095],[135.341157,34.813013],[135.341277,34.812928],[135.341433,34.812836],[135.341577,34.812756],[135.341642,34.812719],[135.341756,34.812632],[135.341952,34.812432],[135.342066,34.812346],[135.342236,34.81227],[135.342321,34.812241],[135.342439,34.812202],[135.342549,34.812165],[135.343306,34.811964]],[[135.341677,34.808534],[135.342798,34.809497],[135.34288,34.809573],[135.342954,34.809641],[135.34298,34.809665],[135.343017,34.8097],[135.34303,34.809711],[135.343096,34.809765],[135.343138,34.80978],[135.343709,34.809845],[135.344105,34.809892],[135.344169,34.809937],[135.344234,34.80998],[135.344322,34.810037],[135.344406,34.810089],[135.344859,34.810326],[135.344882,34.810423]],[[135.338055,34.810743],[135.338323,34.811503],[135.338505,34.811973],[135.338495,34.811977],[135.338537,34.81201],[135.338426,34.812104],[135.338461,34.812143],[135.338862,34.812527]],[[135.333542,34.813233],[135.333544,34.813234],[135.334167,34.813428],[135.334174,34.81343],[135.334276,34.813466],[135.334333,34.813486],[135.334362,34.813496],[135.334427,34.813519],[135.33448,34.813537],[135.334518,34.81355],[135.334594,34.813577],[135.334587,34.813589],[135.334538,34.813745],[135.334467,34.813938],[135.334485,34.813944],[135.334787,34.814037],[135.334884,34.814066],[135.335009,34.81391],[135.335044,34.813878],[135.335456,34.81364],[135.335505,34.813672],[135.335615,34.813794],[135.335711,34.813872],[135.335763,34.813922],[135.335881,34.814068],[135.335912,34.814106],[135.335917,34.814112],[135.335959,34.814167],[135.336101,34.814229],[135.336152,34.814252],[135.33622,34.81433],[135.33631,34.814448],[135.33648,34.814606],[135.336503,34.814627],[135.336557,34.814671],[135.336639,34.814717],[135.336647,34.814721]],[[135.351022,34.812676],[135.351395,34.812779],[135.351692,34.81286],[135.351781,34.812876],[135.351858,34.812878],[135.351968,34.81286],[135.352141,34.812825],[135.35246,34.812707],[135.352944,34.812591]],[[135.352944,34.812591],[135.353185,34.812521],[135.353252,34.812494],[135.353315,34.812458],[135.353388,34.812405],[135.353755,34.812089],[135.353855,34.812011],[135.354349,34.811564],[135.354731,34.811247],[135.35507,34.811012],[135.355177,34.810957],[135.355253,34.810923],[135.355324,34.810909],[135.355399,34.810901],[135.355507,34.810901],[135.355614,34.810902],[135.356029,34.810921]],[[135.352944,34.812591],[135.352948,34.812695],[135.352967,34.812761],[135.352999,34.812807],[135.353055,34.812849],[135.353125,34.812885],[135.353212,34.812896],[135.353278,34.812922],[135.353319,34.81296],[135.353367,34.81303],[135.353419,34.81313],[135.353445,34.813192],[135.353466,34.813289],[135.353556,34.813339],[135.353615,34.813375],[135.353705,34.813449],[135.353762,34.813505],[135.353832,34.813574],[135.353898,34.813654],[135.353934,34.813706],[135.35425,34.813961],[135.354343,34.814053],[135.354393,34.814109],[135.354427,34.814162],[135.354446,34.814217],[135.354468,34.814237]],[[135.354468,34.814237],[135.354512,34.814264],[135.354857,34.814486],[135.355332,34.814734],[135.355488,34.81481],[135.355742,34.814902],[135.356233,34.815081]],[[135.356233,34.815081],[135.356299,34.814946],[135.356371,34.814813],[135.356443,34.814687],[135.356476,34.814624],[135.356517,34.81452],[135.356664,34.814112],[135.356701,34.813988],[135.356743,34.813784],[135.356775,34.813627],[135.356857,34.813392],[135.356876,34.813357],[135.356888,34.813334],[135.356981,34.813157],[135.357014,34.813095],[135.357095,34.812941],[135.357142,34.812846],[135.35738,34.812394],[135.357534,34.812212]],[[135.357534,34.812212],[135.357553,34.812191],[135.357965,34.811972]],[[135.351519,34.815844],[135.351655,34.815727],[135.351791,34.815598],[135.351888,34.815521],[135.352108,34.81539],[135.352166,34.815359],[135.352228,34.815315],[135.352281,34.815265],[135.35233,34.815235],[135.352385,34.815207],[135.35273,34.815092],[135.352801,34.815079],[135.352917,34.815021],[135.352985,34.814982],[135.353026,34.814943],[135.353071,34.814889],[135.353118,34.81482],[135.353156,34.814774],[135.353196,34.814729],[135.353258,34.814687],[135.353463,34.814608],[135.353583,34.814558],[135.353624,34.814532],[135.353647,34.814506],[135.353682,34.814467],[135.353754,34.814357],[135.353973,34.814401],[135.354159,34.814409],[135.35423,34.814377],[135.354422,34.814263],[135.354468,34.814237]],[[135.352097,34.818392],[135.35204,34.81828],[135.351855,34.817992],[135.351798,34.81789],[135.351763,34.8178],[135.351735,34.817685],[135.351725,34.817647],[135.3517,34.817602],[135.35166,34.817554],[135.351546,34.817469],[135.351435,34.817378],[135.351307,34.817273],[135.351124,34.817117],[135.351001,34.816978],[135.350991,34.816951],[135.350982,34.816896],[135.350988,34.816857],[135.351012,34.816814],[135.351127,34.816693],[135.351201,34.81655],[135.351349,34.816349],[135.351362,34.816309],[135.351364,34.816248],[135.351352,34.816092],[135.351389,34.816011],[135.35141,34.815975],[135.351443,34.815921],[135.351519,34.815844]],[[135.355973,34.815872],[135.356042,34.815699],[135.356066,34.815624],[135.356132,34.815419],[135.356233,34.815081]],[[135.351519,34.815844],[135.351684,34.815929],[135.351731,34.81596],[135.351957,34.815964],[135.352133,34.815894],[135.352251,34.81588],[135.352367,34.815881],[135.352456,34.815893],[135.352581,34.815921],[135.352757,34.815977],[135.353042,34.816075],[135.353173,34.816156],[135.353234,34.816205],[135.353213,34.816373],[135.353486,34.816481],[135.35398,34.816706],[135.354559,34.816982],[135.354191,34.817116],[135.354238,34.817221],[135.354306,34.817247],[135.354953,34.817497]],[[135.354953,34.817497],[135.355034,34.817353],[135.35511,34.817227],[135.355215,34.817074],[135.355281,34.816966],[135.355314,34.816912],[135.355973,34.815872]],[[135.353794,34.818916],[135.353966,34.818941],[135.353995,34.818943],[135.354087,34.818948],[135.354127,34.818949],[135.35415,34.818951],[135.354173,34.818945],[135.354187,34.818936],[135.354201,34.818927],[135.354206,34.818923],[135.354282,34.81885],[135.354388,34.818736],[135.354509,34.818605],[135.354535,34.818575],[135.354549,34.818558],[135.354595,34.81853],[135.354607,34.818523],[135.354696,34.818493],[135.354776,34.81846],[135.354844,34.818403],[135.354929,34.818282],[135.35503,34.818125]],[[135.35503,34.818125],[135.355071,34.818062],[135.355081,34.81804],[135.355107,34.81798],[135.35512,34.817898],[135.355113,34.817844],[135.355094,34.817773],[135.355056,34.817721],[135.354946,34.817575],[135.354943,34.817542],[135.354953,34.817497]],[[135.351856,34.82035],[135.351948,34.820442],[135.352131,34.820606],[135.352197,34.820688],[135.352305,34.820858],[135.352337,34.820947],[135.352329,34.820988],[135.352259,34.821043],[135.352234,34.821078],[135.352246,34.821122]],[[135.352246,34.821122],[135.352469,34.821012],[135.352438,34.82089],[135.352389,34.820772],[135.352323,34.820682],[135.35208,34.820397],[135.352063,34.820334],[135.352084,34.82008],[135.352121,34.819988],[135.35218,34.819942],[135.352381,34.819869],[135.352566,34.819801],[135.352594,34.819768],[135.352599,34.81971],[135.352576,34.81964],[135.352541,34.819578],[135.352304,34.8195],[135.352305,34.819369],[135.352322,34.819274],[135.352366,34.819209],[135.35247,34.819113],[135.352503,34.819044],[135.35259,34.818917],[135.352629,34.818861],[135.352869,34.818821],[135.353023,34.818806],[135.353149,34.81881],[135.353413,34.818851],[135.35354,34.818876],[135.35361,34.81889],[135.353734,34.818908],[135.353737,34.818908],[135.353794,34.818916]],[[135.360595,34.813348],[135.360941,34.81353],[135.361226,34.813683],[135.361445,34.813798],[135.361652,34.813898],[135.361936,34.814028],[135.361997,34.814055],[135.362352,34.814211],[135.362751,34.814375],[135.363096,34.814506],[135.363456,34.814631],[135.363885,34.814787]],[[135.357534,34.812212],[135.35854,34.812813],[135.358553,34.81282],[135.359081,34.813135],[135.359341,34.813326],[135.359675,34.813624],[135.359866,34.813814],[135.360032,34.814004],[135.360133,34.814133],[135.360432,34.814565],[135.360706,34.81497],[135.360786,34.815085],[135.361092,34.815536],[135.361099,34.815613],[135.361097,34.815664],[135.3611,34.815709]],[[135.3611,34.815709],[135.361226,34.815831],[135.361427,34.816122],[135.361434,34.816123],[135.361616,34.816162],[135.361807,34.816359],[135.362015,34.816543],[135.362275,34.816732],[135.362429,34.816827],[135.362558,34.816892],[135.362583,34.816905],[135.36273,34.81698],[135.363057,34.81712]],[[135.363057,34.81712],[135.363132,34.816931],[135.363323,34.816383],[135.363334,34.816359],[135.363496,34.815861],[135.363663,34.815364],[135.363752,34.815117],[135.363775,34.815054],[135.363885,34.814787]],[[135.360856,34.816622],[135.360994,34.816125],[135.361045,34.815921],[135.3611,34.815709]],[[135.355973,34.815872],[135.356342,34.815649],[135.356844,34.815357],[135.357534,34.814957],[135.35802,34.814607],[135.358113,34.814533],[135.358344,34.814698],[135.358489,34.814805],[135.358541,34.814841],[135.358778,34.815007],[135.35866,34.815262],[135.359103,34.815485],[135.358821,34.815911],[135.358826,34.815999]],[[135.358826,34.815999],[135.359002,34.816105],[135.359301,34.816285],[135.359514,34.816376],[135.359622,34.816412],[135.36004,34.816529],[135.360268,34.816593],[135.360308,34.816586],[135.360525,34.816415],[135.360856,34.816622]],[[135.363719,34.819821],[135.363746,34.819661],[135.363752,34.81954],[135.363772,34.819503],[135.363853,34.819532],[135.364162,34.818991],[135.364012,34.818867],[135.363923,34.818784],[135.363786,34.818695],[135.363743,34.818644],[135.363668,34.818477],[135.363613,34.818409],[135.363559,34.818358],[135.363632,34.818275],[135.363641,34.818241],[135.363621,34.81816],[135.363622,34.818123],[135.363638,34.818098],[135.363679,34.81805],[135.363681,34.818017],[135.36362,34.817899],[135.363619,34.817714],[135.363837,34.817407]],[[135.363837,34.817407],[135.363566,34.81731],[135.363057,34.81712]],[[135.360856,34.816622],[135.360788,34.816627],[135.36073,34.816655],[135.360671,34.816723],[135.360641,34.816801],[135.360644,34.816876],[135.360662,34.816935],[135.360692,34.81701],[135.360775,34.817148],[135.360813,34.817218],[135.360829,34.817252],[135.360825,34.817284],[135.360813,34.817301],[135.360385,34.817628],[135.360323,34.817693],[135.360291,34.817755],[135.360271,34.817843],[135.360233,34.818009],[135.360206,34.818071],[135.360028,34.818275],[135.359955,34.818389],[135.359927,34.818464],[135.359898,34.818589],[135.359878,34.818659],[135.35985,34.818712],[135.359791,34.818783],[135.359682,34.818873],[135.359627,34.818919],[135.359572,34.818981],[135.359504,34.819077]],[[135.359504,34.819077],[135.359494,34.819099],[135.359431,34.819346],[135.360903,34.819682],[135.360331,34.819916],[135.360224,34.820169],[135.360132,34.820406],[135.360339,34.820454],[135.360261,34.820688],[135.360944,34.820857],[135.361922,34.82111]],[[135.361922,34.82111],[135.361943,34.821085],[135.36196,34.821062],[135.361964,34.820997],[135.361932,34.82087],[135.361931,34.820801],[135.36194,34.820317],[135.362067,34.820353],[135.362358,34.819906],[135.362737,34.820055],[135.362842,34.819874],[135.362956,34.819904],[135.363002,34.819727],[135.363158,34.819765],[135.363306,34.819787],[135.363719,34.819821]],[[135.356608,34.819015],[135.356647,34.818975],[135.35674,34.819011]],[[135.35674,34.819011],[135.356757,34.818883],[135.356758,34.818829],[135.35677,34.818559],[135.356767,34.818472],[135.356755,34.818303],[135.356706,34.818005],[135.356975,34.817962],[135.357124,34.817933],[135.357265,34.817912],[135.357379,34.817861],[135.357563,34.817787],[135.357854,34.817671],[135.357785,34.817578],[135.357728,34.81752],[135.357678,34.81748],[135.357487,34.816948],[135.357474,34.81692],[135.357311,34.816795],[135.357409,34.816689],[135.357476,34.816609],[135.357561,34.816533],[135.357629,34.816496],[135.357719,34.816463],[135.357805,34.81645],[135.357901,34.816443],[135.358038,34.816436],[135.35814,34.816441],[135.358265,34.816468],[135.358374,34.816482],[135.358453,34.816475],[135.358514,34.816452],[135.358574,34.816415],[135.358663,34.81633],[135.358771,34.816196],[135.358812,34.81613],[135.358827,34.816077],[135.358826,34.815999]],[[135.35503,34.818125],[135.356608,34.819015]],[[135.358309,34.820175],[135.358309,34.820195],[135.358323,34.820249],[135.358345,34.820307],[135.358348,34.820357],[135.358344,34.820578],[135.358339,34.820646],[135.358324,34.820713],[135.358248,34.820931],[135.358103,34.821297],[135.357969,34.821633],[135.357963,34.82167],[135.357973,34.821707],[135.358049,34.8218],[135.358083,34.82187],[135.358105,34.821945],[135.358134,34.822058],[135.358066,34.822266],[135.358192,34.822334],[135.358483,34.822489]],[[135.358483,34.822489],[135.358616,34.822558],[135.358563,34.822679],[135.358827,34.822771],[135.358881,34.822798],[135.358911,34.822822],[135.358986,34.822973],[135.359067,34.823109],[135.359092,34.823168],[135.359224,34.823501],[135.359291,34.823687],[135.359296,34.823749],[135.359288,34.823806],[135.359262,34.823925],[135.359268,34.823951],[135.359326,34.824009],[135.35934,34.824047],[135.359329,34.824093],[135.359289,34.824188],[135.35928,34.824241],[135.359292,34.824287],[135.359348,34.82435],[135.359496,34.824556],[135.359607,34.824621],[135.359695,34.824495],[135.359765,34.824395],[135.359871,34.824252],[135.360075,34.824002],[135.360147,34.823881],[135.360215,34.823749],[135.360347,34.823496],[135.360459,34.823221],[135.360501,34.823114],[135.360531,34.823056],[135.360589,34.82295],[135.360644,34.82286],[135.360685,34.822808],[135.360759,34.822732],[135.360829,34.822625],[135.360922,34.822497],[135.360975,34.822417],[135.361055,34.822285],[135.361099,34.822244],[135.36121,34.82216],[135.361243,34.822129],[135.361258,34.822102],[135.361294,34.82197],[135.361328,34.821888],[135.361392,34.821756],[135.36143,34.821687],[135.361635,34.821439],[135.361807,34.821245]],[[135.361807,34.821245],[135.361889,34.821149],[135.361922,34.82111]],[[135.359504,34.819077],[135.359274,34.819044],[135.359194,34.819038],[135.359099,34.819045],[135.359,34.819075],[135.358966,34.819192],[135.358946,34.819278],[135.358929,34.81932],[135.358888,34.81937],[135.35881,34.819443],[135.358598,34.819612],[135.358501,34.819708],[135.358417,34.819789],[135.358343,34.819874],[135.358321,34.819936],[135.358316,34.819984],[135.358307,34.82007],[135.358309,34.820175]],[[135.363837,34.817407],[135.363884,34.817424],[135.364104,34.817502],[135.364922,34.81778],[135.365433,34.81796],[135.366062,34.818173],[135.366672,34.818375],[135.367141,34.818536],[135.367542,34.818666]],[[135.367542,34.818666],[135.367565,34.818534],[135.367594,34.818447],[135.367618,34.818388],[135.367685,34.818279],[135.367753,34.818165],[135.367791,34.818101],[135.367822,34.818043],[135.367826,34.817999],[135.367834,34.817896],[135.367848,34.817844],[135.367886,34.817771],[135.367931,34.817696],[135.36799,34.817611],[135.368087,34.817517],[135.36813,34.817477],[135.368214,34.817401],[135.368294,34.81732],[135.368378,34.817223],[135.36853,34.817034],[135.36861,34.816942],[135.368656,34.816878],[135.368687,34.816822],[135.368741,34.816678],[135.36879,34.816537]],[[135.371207,34.81792],[135.371156,34.817768],[135.371142,34.817728],[135.371075,34.817514],[135.371021,34.817404],[135.37097,34.817324],[135.370905,34.817257],[135.370822,34.817194],[135.370704,34.817083],[135.370673,34.817054],[135.370612,34.816975],[135.370537,34.81686]],[[135.370537,34.81686],[135.370308,34.81685],[135.370183,34.816839],[135.370053,34.816828],[135.369908,34.816808],[135.369779,34.816789],[135.369739,34.816782],[135.36965,34.816766],[135.369261,34.816677],[135.369042,34.816615],[135.368941,34.816585],[135.368896,34.816572],[135.36879,34.816537]],[[135.367542,34.818666],[135.367735,34.818744],[135.367882,34.818809],[135.368002,34.818862],[135.368252,34.818992],[135.368302,34.81902],[135.368417,34.819086],[135.368584,34.819195],[135.36866,34.819249],[135.368895,34.819416],[135.369058,34.819531],[135.369414,34.819777],[135.369705,34.819973],[135.369734,34.81999],[135.36984,34.82005]],[[135.36984,34.82005],[135.369861,34.820033]],[[135.369861,34.820033],[135.369942,34.819969],[135.36998,34.819926],[135.370001,34.819878],[135.370027,34.81978],[135.370056,34.819726],[135.370094,34.819687],[135.370146,34.819676],[135.370206,34.819679],[135.370265,34.819692],[135.37039,34.819748],[135.370446,34.819762],[135.370511,34.819756],[135.370586,34.819725],[135.370692,34.819641],[135.370801,34.819497],[135.370827,34.819436],[135.370834,34.819355],[135.370842,34.819117],[135.370855,34.819045],[135.370864,34.818998],[135.3709,34.818801],[135.370938,34.818661],[135.370978,34.818581],[135.371031,34.818504],[135.37119,34.818299],[135.371236,34.818213],[135.371244,34.818149],[135.371239,34.81808],[135.371223,34.817965],[135.371207,34.81792]],[[135.368285,34.823019],[135.368416,34.823009],[135.368506,34.823007],[135.368553,34.823007],[135.368618,34.822988],[135.368654,34.822963],[135.368669,34.822924],[135.368668,34.822878],[135.36865,34.822832],[135.368602,34.822759],[135.368467,34.822533],[135.368435,34.822425],[135.368434,34.822338],[135.368453,34.822284],[135.368482,34.822233],[135.36853,34.822187],[135.368592,34.822125],[135.368617,34.822071],[135.368621,34.822],[135.368625,34.821928],[135.368646,34.821875],[135.368693,34.821825],[135.36886,34.821668],[135.368913,34.82159],[135.36894,34.821527],[135.368958,34.821447],[135.368972,34.821255],[135.368988,34.821187],[135.369009,34.821148],[135.369054,34.821101],[135.36913,34.821038],[135.369146,34.821002],[135.369146,34.820961],[135.369128,34.820915],[135.368975,34.820725],[135.368957,34.820684],[135.368965,34.820638],[135.36898,34.820608],[135.369012,34.820585],[135.369042,34.820572],[135.369093,34.820564],[135.369248,34.820571],[135.369327,34.820563],[135.369417,34.820541],[135.369475,34.820493],[135.369497,34.820469],[135.369568,34.820394],[135.369625,34.820296],[135.369671,34.8202],[135.36972,34.820145],[135.369782,34.820095],[135.36984,34.82005]],[[135.367542,34.818666],[135.367525,34.818733],[135.367494,34.818794],[135.367442,34.818889],[135.367379,34.818984],[135.367225,34.819193],[135.367119,34.819354],[135.367039,34.81953],[135.366944,34.819685],[135.366895,34.819717],[135.366838,34.819735],[135.366755,34.819735],[135.36658,34.8197],[135.366483,34.819679],[135.366406,34.819677],[135.366337,34.819697],[135.366248,34.819748],[135.366149,34.81984],[135.366002,34.820011],[135.365917,34.820153],[135.365872,34.820177],[135.365735,34.820222],[135.365671,34.820271],[135.365625,34.820318],[135.365602,34.820386],[135.365601,34.820457],[135.365628,34.820522],[135.365734,34.820627],[135.365694,34.820665]],[[135.365694,34.820665],[135.365516,34.820817],[135.365271,34.821021],[135.365076,34.821158],[135.364851,34.821385],[135.364869,34.821409],[135.364871,34.821439],[135.364838,34.82151],[135.364725,34.821709],[135.364647,34.821843],[135.364576,34.82197]],[[135.364576,34.82197],[135.364636,34.821944],[135.364735,34.821895],[135.364797,34.821842],[135.364894,34.821763],[135.364944,34.821743],[135.364985,34.821739],[135.36503,34.821749],[135.365075,34.821774],[135.365109,34.821806],[135.365388,34.822111],[135.365467,34.822189],[135.365532,34.82226],[135.366065,34.822972],[135.366153,34.823142],[135.366185,34.823259],[135.366198,34.823523],[135.366263,34.823466],[135.36632,34.823426],[135.366371,34.823392],[135.36669,34.823284],[135.366726,34.823285],[135.366794,34.823312],[135.366886,34.823375],[135.366931,34.823445],[135.366959,34.823522],[135.366998,34.823397],[135.36704,34.823302],[135.367097,34.823209],[135.367163,34.82315],[135.367278,34.823094],[135.367416,34.823051],[135.367595,34.823032],[135.368285,34.823019]],[[135.363719,34.819821],[135.36399,34.819931],[135.364198,34.819979],[135.364336,34.819999],[135.364525,34.820022],[135.364713,34.820054],[135.364837,34.82007],[135.364987,34.820081],[135.365189,34.820095],[135.365383,34.820102],[135.365443,34.820115],[135.365495,34.820157],[135.365526,34.820199],[135.365537,34.820243],[135.365536,34.820399],[135.36554,34.820469],[135.365557,34.820524],[135.365605,34.820597],[135.365694,34.820665]],[[135.361807,34.821245],[135.363031,34.821606],[135.362756,34.822343]],[[135.362756,34.822343],[135.363084,34.822241],[135.363126,34.822241],[135.363192,34.822264],[135.363327,34.822352],[135.363381,34.822374],[135.363449,34.82238],[135.363499,34.822372],[135.363563,34.822342],[135.363634,34.822295],[135.363808,34.822144],[135.363884,34.822099],[135.363965,34.822066],[135.364059,34.822045],[135.36419,34.822019],[135.364378,34.821992],[135.364576,34.82197]],[[135.356523,34.823862],[135.356543,34.823553],[135.357685,34.823603],[135.358504,34.823649],[135.358529,34.823619],[135.358548,34.82358],[135.358549,34.823549],[135.358375,34.82329],[135.358334,34.823226],[135.358331,34.82295],[135.358375,34.822917],[135.358402,34.822882],[135.358483,34.822489]],[[135.358309,34.820175],[135.358092,34.819985],[135.358071,34.819879],[135.358044,34.819789],[135.358014,34.819717],[135.357971,34.819647],[135.357922,34.819588],[135.357828,34.819501],[135.357711,34.819415],[135.35755,34.819315],[135.357443,34.819265],[135.357049,34.819146],[135.35697,34.819125],[135.356905,34.819097],[135.35674,34.819011]],[[135.356608,34.819015],[135.356437,34.819219],[135.356354,34.819335],[135.356349,34.819341],[135.356307,34.819415],[135.356288,34.81949],[135.356285,34.819586],[135.356297,34.819672],[135.356314,34.819729]],[[135.356314,34.819729],[135.356328,34.819776],[135.356394,34.819915],[135.356444,34.81999],[135.356507,34.820049],[135.356554,34.820084],[135.356672,34.820131],[135.356606,34.820482],[135.356534,34.820814],[135.356528,34.820838],[135.356305,34.821111],[135.356026,34.821399],[135.356006,34.821444],[135.355342,34.821418],[135.355027,34.821412]],[[135.355027,34.821412],[135.355027,34.821489],[135.355013,34.821531],[135.35498,34.821594],[135.354973,34.821673],[135.354963,34.82182],[135.355046,34.821938],[135.355094,34.822034],[135.355117,34.822113],[135.355134,34.822193],[135.35513,34.822269],[135.355141,34.822315],[135.355161,34.822362],[135.355232,34.822433],[135.355289,34.822486],[135.35533,34.822524],[135.355371,34.822553],[135.35544,34.822814],[135.355516,34.823086],[135.356523,34.823862]],[[135.344608,34.822353],[135.34475,34.822252],[135.344654,34.822117],[135.344659,34.8219],[135.344537,34.821856],[135.344635,34.821484],[135.344496,34.821425],[135.344498,34.821405],[135.344625,34.82119],[135.344681,34.821163],[135.344727,34.821152],[135.344735,34.821102],[135.344722,34.821082],[135.344599,34.820961],[135.344596,34.820938],[135.344609,34.820898],[135.344689,34.820689],[135.344697,34.820661]],[[135.344024,34.81869],[135.343791,34.818803],[135.343601,34.818879],[135.343524,34.818677],[135.343507,34.818666],[135.34322,34.818594],[135.343114,34.818589],[135.342984,34.818602],[135.342802,34.818636],[135.34244,34.818729],[135.342452,34.818788],[135.342444,34.818834],[135.342185,34.819269],[135.34202,34.819315],[135.341773,34.819383]],[[135.341357,34.819024],[135.341275,34.819161],[135.34063,34.819325],[135.34053,34.819375],[135.340455,34.819431],[135.340394,34.819505],[135.340356,34.819581],[135.340331,34.819677],[135.340311,34.819774],[135.340327,34.820218],[135.33975,34.820743],[135.339706,34.82078]],[[135.339706,34.82078],[135.339714,34.821351],[135.339714,34.821362],[135.339721,34.822407]],[[135.339721,34.822407],[135.339888,34.822393],[135.339945,34.822387],[135.340053,34.822378],[135.340106,34.822374],[135.340179,34.822368],[135.340407,34.822352],[135.340502,34.822344],[135.340534,34.822343],[135.340609,34.822339],[135.340774,34.822329],[135.340924,34.822321],[135.341136,34.822309],[135.341314,34.822299],[135.341445,34.822292],[135.341542,34.822278],[135.341562,34.822275],[135.341657,34.822251],[135.341715,34.822228],[135.341826,34.82218],[135.341922,34.822129],[135.341976,34.822086],[135.341983,34.822081],[135.342059,34.822017],[135.342173,34.821896],[135.342268,34.821811],[135.342322,34.821774],[135.342371,34.82175],[135.342428,34.821731],[135.342496,34.821722],[135.342558,34.821719],[135.342819,34.821717],[135.342924,34.821722],[135.343041,34.821729],[135.343255,34.821742],[135.343347,34.821759],[135.343439,34.821791],[135.343505,34.82183],[135.343567,34.821883],[135.343606,34.821937],[135.343633,34.821995],[135.343655,34.822052],[135.343665,34.822108],[135.343656,34.822217],[135.343652,34.822293],[135.343787,34.822304],[135.344252,34.822328],[135.344274,34.822329],[135.344608,34.822353]],[[135.347048,34.823726],[135.347072,34.823673],[135.347087,34.823596],[135.347087,34.823473],[135.347063,34.823394],[135.34699,34.823275],[135.346882,34.823144],[135.346813,34.823088],[135.346746,34.823051],[135.346647,34.823007],[135.34626,34.822886],[135.345539,34.822658],[135.345198,34.822569],[135.345152,34.822549],[135.344755,34.822413],[135.344608,34.822353]],[[135.339721,34.822407],[135.339636,34.822419],[135.339577,34.822427],[135.339391,34.822452],[135.339238,34.822473],[135.339201,34.822478]],[[135.339201,34.822478],[135.339205,34.822573],[135.339206,34.822591],[135.339189,34.822723],[135.339167,34.822802],[135.339138,34.822875],[135.339072,34.82296],[135.339024,34.822993],[135.33897,34.823017],[135.338968,34.823018],[135.338648,34.823134],[135.338625,34.823163],[135.338612,34.823443],[135.338612,34.823525],[135.338634,34.823684],[135.338629,34.823747],[135.338613,34.823788],[135.338558,34.823864],[135.338618,34.823898]],[[135.338618,34.823898],[135.33894,34.824074],[135.339018,34.824039],[135.339092,34.824006],[135.339161,34.823984],[135.339328,34.823931],[135.339371,34.823917],[135.339442,34.823895],[135.339556,34.823859],[135.339639,34.823832],[135.339704,34.823812],[135.339966,34.823729],[135.340082,34.823692],[135.340123,34.823679],[135.340258,34.823636],[135.340318,34.823617],[135.340409,34.823588],[135.340566,34.823536],[135.340726,34.823488],[135.34093,34.823423],[135.340965,34.823412],[135.341001,34.823401],[135.341121,34.823381],[135.341215,34.823374],[135.341278,34.823374],[135.341327,34.823375],[135.341415,34.82338],[135.341584,34.82339],[135.342791,34.82346],[135.343586,34.823507],[135.343808,34.82352],[135.344012,34.823518],[135.34416,34.823505],[135.344209,34.823495],[135.344259,34.823485],[135.344341,34.823465],[135.344447,34.823432],[135.344591,34.823384],[135.344672,34.823371],[135.34475,34.823368],[135.344807,34.823374],[135.344954,34.823398],[135.345022,34.823408],[135.345286,34.823457],[135.345306,34.823461],[135.345438,34.823485],[135.345833,34.823563],[135.345958,34.823593],[135.346088,34.823628],[135.346224,34.823672],[135.346323,34.823722],[135.346431,34.823785],[135.346523,34.823868],[135.347048,34.823726]],[[135.338618,34.823898],[135.338504,34.824099],[135.338438,34.824252],[135.338424,34.824332],[135.338546,34.824937],[135.338571,34.825014],[135.338686,34.825372],[135.338684,34.82544],[135.338664,34.825516],[135.338591,34.825731],[135.338592,34.825795],[135.338598,34.825846],[135.339247,34.825846],[135.339378,34.82587],[135.339489,34.825902],[135.33958,34.825942],[135.339655,34.82599],[135.33973,34.826053],[135.339793,34.826138],[135.340303,34.825971],[135.340298,34.825284],[135.343238,34.825527],[135.344883,34.826309],[135.344367,34.826668],[135.344466,34.826772],[135.345227,34.826589],[135.345541,34.82691],[135.345628,34.826934],[135.345715,34.826943],[135.345805,34.826927],[135.34627,34.826711],[135.346364,34.826053],[135.347283,34.825851],[135.347314,34.825832],[135.347329,34.825495],[135.347313,34.82534],[135.347294,34.825208],[135.347239,34.824932],[135.347247,34.82486],[135.347287,34.82457],[135.347297,34.824389],[135.347289,34.824329],[135.347272,34.824263],[135.347142,34.824122],[135.347055,34.824062],[135.347003,34.824021],[135.34697,34.82396],[135.346963,34.823921],[135.34702,34.82379],[135.347048,34.823726]],[[135.339706,34.82078],[135.339212,34.820859],[135.338921,34.820899],[135.338762,34.820914],[135.337395,34.821196],[135.337517,34.821005],[135.337548,34.820376],[135.33747,34.820299],[135.337409,34.820218],[135.337329,34.820137],[135.337295,34.820071],[135.337234,34.819996],[135.336981,34.819883],[135.336842,34.819857],[135.336669,34.819814],[135.336595,34.819739],[135.336217,34.819753],[135.336079,34.819808],[135.335966,34.819815],[135.335728,34.819795],[135.335595,34.819785],[135.335569,34.81984],[135.33559,34.819911],[135.335637,34.819965],[135.335704,34.820063],[135.335806,34.820226],[135.335855,34.820422],[135.335836,34.820499],[135.335732,34.820674],[135.335621,34.820823],[135.335491,34.820999],[135.335353,34.821153],[135.335442,34.82136],[135.33549,34.821523],[135.335551,34.821648],[135.335733,34.821833],[135.335854,34.821974],[135.335998,34.821885],[135.336103,34.821813],[135.336353,34.821675],[135.336519,34.821695],[135.336667,34.821809],[135.337048,34.822155],[135.337317,34.822421],[135.337504,34.822578],[135.337631,34.822669],[135.337785,34.822788],[135.337936,34.822667],[135.33812,34.822534],[135.33837,34.822417],[135.338707,34.822371],[135.338946,34.822369],[135.339085,34.822379],[135.339158,34.822405],[135.339201,34.822478]],[[135.353794,34.818916],[135.353788,34.818974],[135.353767,34.819033],[135.353699,34.819075],[135.353566,34.819277],[135.353512,34.819319]],[[135.353512,34.819319],[135.353579,34.819366],[135.353594,34.819381],[135.353607,34.819399],[135.353621,34.819419],[135.353633,34.819435],[135.353645,34.819445],[135.353662,34.819453],[135.353682,34.81946],[135.353707,34.81946],[135.353737,34.81946],[135.353767,34.819459],[135.353786,34.819455],[135.353808,34.819446],[135.353834,34.819434],[135.353876,34.819411],[135.353903,34.819395],[135.353927,34.819387],[135.353958,34.819382],[135.353991,34.819378],[135.354008,34.819409],[135.354038,34.819454],[135.354063,34.819488],[135.354083,34.81952],[135.35412,34.819588],[135.354143,34.819634],[135.354176,34.819694],[135.354188,34.819721],[135.354204,34.819743],[135.35422,34.819762],[135.354233,34.819779],[135.354246,34.819797],[135.354271,34.819826],[135.354291,34.819847],[135.354716,34.820098],[135.354838,34.820063],[135.354942,34.820032],[135.355067,34.819996],[135.355132,34.819999],[135.355196,34.819923],[135.355692,34.819397],[135.356314,34.819729]],[[135.353512,34.819319],[135.353418,34.819392],[135.353551,34.81954],[135.353721,34.819707],[135.353851,34.819758],[135.353918,34.819848],[135.354043,34.82018],[135.354164,34.820296],[135.354363,34.82043],[135.354473,34.820547],[135.354595,34.820646],[135.35475,34.820816],[135.354849,34.820915],[135.354928,34.821114],[135.354941,34.821312],[135.354951,34.821303],[135.355061,34.821266],[135.355027,34.821412]],[[135.371914,34.820579],[135.371864,34.820578],[135.371625,34.820574],[135.371427,34.82056],[135.371263,34.820545],[135.37117,34.82053],[135.371096,34.820518],[135.370897,34.820471],[135.370713,34.820424],[135.370531,34.820365],[135.370375,34.820308],[135.370304,34.820275],[135.370207,34.82023],[135.370065,34.82015],[135.369861,34.820033]],[[135.368285,34.823019],[135.368893,34.823136],[135.369097,34.822863],[135.369508,34.822327],[135.369952,34.822391],[135.370262,34.822839],[135.370322,34.822913],[135.37041,34.822992],[135.370472,34.823047],[135.370689,34.823182],[135.370867,34.823313],[135.370867,34.823154],[135.370871,34.823095],[135.370892,34.823061],[135.37093,34.82304],[135.370986,34.823024],[135.371183,34.823424],[135.371278,34.823686],[135.371291,34.823742],[135.37128,34.823786],[135.371258,34.823827],[135.371194,34.823886],[135.371137,34.823926],[135.371084,34.823948],[135.371134,34.823994],[135.371176,34.824022],[135.371242,34.824054],[135.371293,34.824081],[135.371326,34.824115]],[[135.371326,34.824115],[135.371585,34.823579],[135.371608,34.823524],[135.371627,34.823458],[135.371634,34.823365],[135.371617,34.823182],[135.371631,34.823113],[135.371658,34.823038],[135.371702,34.822964],[135.371856,34.822756],[135.371907,34.822665],[135.371941,34.822589],[135.371966,34.822517],[135.371965,34.82242],[135.371923,34.822306],[135.371915,34.822256],[135.371937,34.822209],[135.371985,34.822164],[135.372241,34.821906],[135.372623,34.821472],[135.37266,34.821422],[135.37261,34.821343],[135.372546,34.821144],[135.372514,34.821119],[135.3724,34.82108],[135.37238,34.821067],[135.372382,34.821041],[135.372399,34.821025],[135.372636,34.820899],[135.372437,34.820854],[135.37225,34.820795],[135.372114,34.820761],[135.371942,34.820726],[135.371871,34.820705],[135.371914,34.820579]],[[135.370866,34.825729],[135.370966,34.825677],[135.370994,34.825621],[135.371029,34.825539],[135.371066,34.825464],[135.371118,34.825359],[135.371137,34.825309],[135.371148,34.825244],[135.371134,34.825004],[135.37108,34.82479],[135.371084,34.824701],[135.371101,34.824633],[135.371124,34.824587],[135.371326,34.824115]],[[135.368285,34.823019],[135.368217,34.823033],[135.368184,34.823047],[135.368163,34.823076],[135.368167,34.823105],[135.368178,34.823142],[135.368313,34.823388],[135.368325,34.823425],[135.368323,34.82347],[135.3683,34.823517],[135.368245,34.82358],[135.368162,34.823665],[135.368126,34.82368],[135.368063,34.823684],[135.367957,34.823668],[135.367813,34.823646],[135.367709,34.823648],[135.367641,34.823668],[135.367603,34.823696],[135.367579,34.823743],[135.367571,34.823799],[135.36758,34.823849],[135.367606,34.823894],[135.367652,34.823934],[135.367723,34.823965],[135.36787,34.824005],[135.367943,34.824035],[135.368,34.824084],[135.368015,34.824139],[135.367996,34.824185],[135.367968,34.824217],[135.367742,34.824353],[135.36771,34.824387],[135.367689,34.824417],[135.367676,34.824475],[135.367704,34.824568],[135.36772,34.824618],[135.367723,34.824685],[135.367701,34.824751],[135.367677,34.824773],[135.36762,34.824787],[135.36742,34.824749],[135.367365,34.824751],[135.367329,34.824766],[135.367307,34.8248],[135.367287,34.824852],[135.367288,34.82493],[135.367289,34.825005],[135.367278,34.825043],[135.367234,34.825116]],[[135.367234,34.825116],[135.367209,34.825171],[135.367212,34.825227],[135.367223,34.82525],[135.367327,34.825394],[135.367362,34.825444],[135.367385,34.825491],[135.367409,34.825562],[135.367444,34.82563],[135.367543,34.825791],[135.367599,34.825882]],[[135.367599,34.825882],[135.367857,34.825953],[135.368208,34.826053],[135.368782,34.826162],[135.368987,34.826061],[135.369074,34.825754],[135.369114,34.825621],[135.369364,34.825562],[135.37,34.825691],[135.36996,34.825843],[135.370088,34.825868],[135.370194,34.825646],[135.370235,34.825603],[135.370293,34.825589],[135.370658,34.82558],[135.370715,34.825586],[135.370739,34.825708],[135.370862,34.825675],[135.370866,34.825729]],[[135.373772,34.824707],[135.373803,34.824682]],[[135.373803,34.824682],[135.373568,34.824466],[135.373474,34.824402],[135.37327,34.824236],[135.373995,34.82406],[135.37412,34.824029],[135.374075,34.823983],[135.373339,34.82319],[135.373568,34.823038],[135.374213,34.823764],[135.374275,34.823609],[135.374372,34.823617]],[[135.374372,34.823617],[135.374327,34.823508],[135.374287,34.823401],[135.374282,34.823353],[135.374295,34.823321],[135.374346,34.82325],[135.374406,34.823123],[135.374459,34.822986],[135.37449,34.822865],[135.374507,34.822805],[135.374532,34.822736],[135.374559,34.822678],[135.37458,34.822615],[135.374593,34.822529],[135.374608,34.822464]],[[135.374608,34.822464],[135.374779,34.822091],[135.374792,34.822022],[135.374789,34.821929],[135.374745,34.821794],[135.374736,34.821775],[135.374667,34.821662],[135.374584,34.821562],[135.374545,34.821498],[135.374535,34.821474],[135.374535,34.821467],[135.374537,34.821232],[135.374557,34.820913],[135.374583,34.820744],[135.374615,34.820578]],[[135.374615,34.820578],[135.374269,34.820577],[135.372983,34.820581],[135.372141,34.820581],[135.371914,34.820579]],[[135.370866,34.825729],[135.370869,34.825763],[135.371321,34.825545]],[[135.371321,34.825545],[135.371295,34.825412],[135.371324,34.825332],[135.371359,34.825269],[135.371409,34.825168],[135.371418,34.825126],[135.371272,34.824965],[135.37127,34.824968],[135.371225,34.824921],[135.371247,34.824825],[135.37117,34.824739],[135.371242,34.824457],[135.371255,34.824405],[135.371379,34.824167],[135.371603,34.824269],[135.371605,34.824272],[135.371786,34.824349],[135.371862,34.824323],[135.372234,34.824257],[135.373166,34.824659],[135.373341,34.824735],[135.373395,34.824782],[135.373495,34.824868],[135.373519,34.824889],[135.373772,34.824707]],[[135.376269,34.822499],[135.376291,34.822459],[135.376389,34.822335],[135.376853,34.821803],[135.376934,34.82172],[135.37704,34.821613],[135.377079,34.821566],[135.377099,34.821517],[135.377109,34.821493],[135.377151,34.821397],[135.377176,34.821338],[135.37722,34.821239],[135.377287,34.821139],[135.377404,34.820996],[135.377512,34.820887],[135.377532,34.820866],[135.377662,34.82075],[135.377911,34.820561]],[[135.377911,34.820561],[135.377447,34.820562],[135.376665,34.820563],[135.376353,34.820564],[135.376123,34.820564],[135.375843,34.820568],[135.375075,34.820577],[135.374987,34.820578],[135.374615,34.820578]],[[135.374608,34.822464],[135.374932,34.82289],[135.375241,34.823133],[135.375446,34.822888],[135.375504,34.822861],[135.375603,34.822796],[135.375656,34.822748],[135.375664,34.822964],[135.375671,34.82297],[135.375659,34.822972],[135.375649,34.823282],[135.376018,34.823296],[135.375979,34.823553],[135.375976,34.82367],[135.375966,34.824103]],[[135.375966,34.824103],[135.375995,34.824777],[135.376079,34.824798],[135.376133,34.82481]],[[135.376133,34.82481],[135.376153,34.824581],[135.376148,34.824467],[135.376121,34.824334],[135.376098,34.824142],[135.376086,34.823921],[135.376077,34.823731],[135.376097,34.823554],[135.376123,34.823389],[135.376178,34.823029],[135.376188,34.82294],[135.376193,34.822894],[135.376194,34.82288],[135.376203,34.822717],[135.376213,34.822619],[135.376247,34.822538],[135.376269,34.822499]],[[135.375966,34.824103],[135.375663,34.824463],[135.375555,34.824416]],[[135.375555,34.824416],[135.375523,34.824402],[135.375426,34.82436],[135.375337,34.824336],[135.375253,34.824329],[135.375179,34.824336],[135.375114,34.824356],[135.375057,34.824395],[135.375011,34.824446],[135.37498,34.824501],[135.37496,34.824561],[135.37496,34.824592],[135.374979,34.824642],[135.374961,34.824647],[135.374913,34.824659],[135.37486,34.824917]],[[135.37486,34.824917],[135.374949,34.824935],[135.374933,34.825041],[135.374897,34.825222],[135.374793,34.825567]],[[135.374793,34.825567],[135.375103,34.825615],[135.375064,34.825755],[135.375021,34.825884],[135.374973,34.825981],[135.37493,34.826041],[135.374877,34.826086],[135.374818,34.826124],[135.374769,34.826146]],[[135.374769,34.826146],[135.375065,34.82645],[135.375176,34.826538],[135.375143,34.826562],[135.375053,34.826608],[135.375005,34.826633],[135.374943,34.826704]],[[135.374943,34.826704],[135.374759,34.826931],[135.374705,34.827054],[135.374685,34.827153],[135.374673,34.827249],[135.37483,34.827324],[135.374916,34.827379],[135.375003,34.827449],[135.375173,34.827471],[135.375362,34.826893]],[[135.375362,34.826893],[135.375592,34.82679],[135.375973,34.826583],[135.376076,34.82652],[135.376215,34.826434],[135.376369,34.826308],[135.376429,34.826228],[135.376469,34.826138],[135.376486,34.826058],[135.376491,34.826024],[135.37647,34.825966],[135.376399,34.825877],[135.376378,34.82581],[135.376373,34.825792],[135.376298,34.825534],[135.37626,34.825414],[135.376259,34.825338],[135.37626,34.825282],[135.37626,34.825254],[135.376257,34.825235],[135.37625,34.825189],[135.376233,34.825115],[135.376173,34.825004],[135.376143,34.824922],[135.376133,34.82481]],[[135.374483,34.825592],[135.374488,34.825592],[135.374793,34.825567]],[[135.37486,34.824917],[135.373823,34.824701],[135.373803,34.824682]],[[135.373772,34.824707],[135.373915,34.825046],[135.373928,34.825191],[135.373893,34.825262],[135.373895,34.825263],[135.374206,34.8254],[135.374213,34.825574],[135.374214,34.825605],[135.374339,34.825599],[135.374483,34.825592]],[[135.371321,34.825545],[135.371322,34.825551],[135.371328,34.825622],[135.371314,34.825723],[135.371299,34.825778],[135.371325,34.825845],[135.371321,34.825896],[135.371505,34.825957]],[[135.371505,34.825957],[135.371657,34.825838],[135.371534,34.825789],[135.371528,34.825717],[135.371531,34.825558],[135.37191,34.825714],[135.372124,34.825806],[135.372434,34.825939],[135.372435,34.825987],[135.372443,34.826307],[135.372184,34.8265],[135.372125,34.826498],[135.371906,34.826494],[135.371899,34.82659],[135.371876,34.826592],[135.371766,34.826596],[135.37175,34.826783],[135.371629,34.826843],[135.37164,34.826965],[135.371718,34.827019],[135.371837,34.827117],[135.371895,34.827119],[135.371905,34.827088],[135.37192,34.827064],[135.371958,34.827039],[135.37203,34.827013],[135.372149,34.826975],[135.372375,34.826909],[135.372636,34.826817],[135.372756,34.82677],[135.372796,34.826746],[135.372832,34.826708],[135.372847,34.826681],[135.37286,34.826661],[135.372877,34.826613],[135.372876,34.826527],[135.37287,34.82646],[135.372861,34.826433],[135.372989,34.826394],[135.37305,34.826348],[135.373071,34.82632],[135.373115,34.826263],[135.373458,34.825939],[135.373478,34.825919],[135.373615,34.825868],[135.373829,34.825815],[135.373844,34.825811],[135.373874,34.825807],[135.373918,34.826004],[135.374335,34.825937],[135.374297,34.825795],[135.374296,34.825786],[135.374494,34.82577],[135.374485,34.825628],[135.374483,34.825592]],[[135.370934,34.826846],[135.370787,34.826913],[135.370702,34.826867],[135.370637,34.826907],[135.370475,34.82696],[135.370394,34.826986],[135.370077,34.827038],[135.369965,34.827077],[135.36987,34.82713],[135.369809,34.82718],[135.369752,34.827238],[135.369705,34.827332],[135.369949,34.827391],[135.369929,34.827535],[135.369999,34.827558],[135.370092,34.827609],[135.370276,34.827701],[135.370457,34.827812],[135.37054,34.82788],[135.370627,34.827952],[135.370716,34.828039],[135.37077,34.828095]],[[135.37077,34.828095],[135.370888,34.828006],[135.371032,34.827911],[135.37109,34.827865],[135.371236,34.827748],[135.37142,34.827533],[135.371542,34.827396],[135.371664,34.827258],[135.371659,34.827225],[135.371519,34.82714],[135.371174,34.826963],[135.370934,34.826846]],[[135.374372,34.823617],[135.374639,34.823622],[135.374645,34.823626],[135.375044,34.824051],[135.375167,34.824],[135.375183,34.823902],[135.375328,34.823899],[135.37533,34.8239],[135.37532,34.823989],[135.375572,34.824343],[135.375555,34.824416]],[[135.373488,34.827001],[135.373604,34.826881],[135.373673,34.826851],[135.373779,34.826844],[135.373849,34.826863],[135.373983,34.826932],[135.374058,34.826948],[135.374129,34.826939],[135.374186,34.826908],[135.37423,34.826837],[135.374309,34.826652],[135.374371,34.826554],[135.374446,34.826496],[135.374519,34.826474],[135.374591,34.826471],[135.374648,34.826494],[135.374691,34.826529],[135.374776,34.826589],[135.374943,34.826704]],[[135.374769,34.826146],[135.374648,34.826166],[135.374381,34.826209],[135.374378,34.826211],[135.374336,34.826214],[135.374038,34.826232],[135.373911,34.826253],[135.373852,34.826267],[135.373798,34.826291],[135.373748,34.826322],[135.373663,34.826397],[135.373528,34.826549],[135.37343,34.826657],[135.373332,34.826747],[135.373208,34.826845],[135.373132,34.826884],[135.373042,34.826924],[135.372982,34.826944],[135.37283,34.826981],[135.372375,34.82708],[135.37274,34.827301],[135.372783,34.827283],[135.372873,34.827251],[135.372944,34.82723],[135.373044,34.827197],[135.373136,34.827163],[135.373228,34.82712],[135.373258,34.827098],[135.373299,34.827059],[135.373341,34.827011],[135.373352,34.827003],[135.373379,34.826988],[135.37342,34.826976],[135.373453,34.826972],[135.373488,34.827001]],[[135.371473,34.828427],[135.371515,34.828393],[135.371776,34.828106],[135.371924,34.82798],[135.372087,34.827889],[135.372351,34.827764],[135.372504,34.827688],[135.372739,34.827558],[135.372907,34.827448],[135.373084,34.827336],[135.373311,34.827178],[135.373475,34.827014],[135.373488,34.827001]],[[135.371505,34.825957],[135.371843,34.826077],[135.371736,34.826159],[135.371684,34.826193],[135.371555,34.826268],[135.371374,34.826363],[135.371228,34.826443],[135.371142,34.8265],[135.370831,34.826668],[135.370884,34.826772],[135.370927,34.826834],[135.370934,34.826846]],[[135.37077,34.828095],[135.370495,34.828286],[135.370214,34.828335],[135.369393,34.828847]],[[135.369393,34.828847],[135.369663,34.829026]],[[135.369663,34.829026],[135.369929,34.828815],[135.370384,34.828447],[135.37081,34.828138],[135.370976,34.82802],[135.371473,34.828427]],[[135.366596,34.829418],[135.366637,34.829263],[135.366726,34.828962],[135.366766,34.828824],[135.366813,34.82866],[135.366849,34.828531],[135.366897,34.828349],[135.366934,34.828231],[135.366987,34.828047],[135.367025,34.827925],[135.367076,34.827749],[135.367106,34.827628],[135.367166,34.827433],[135.367198,34.827326],[135.367254,34.827125],[135.367282,34.827028],[135.367339,34.826823],[135.367366,34.826721],[135.367423,34.826513],[135.367452,34.826408],[135.367505,34.826205],[135.367533,34.82611],[135.367599,34.825882]],[[135.367234,34.825116],[135.367146,34.82508],[135.366998,34.82504],[135.366804,34.825023],[135.36668,34.825021],[135.366597,34.825028],[135.366504,34.825054],[135.366439,34.825077],[135.366159,34.825224],[135.365997,34.825305],[135.365756,34.825415],[135.365639,34.825458],[135.365537,34.825476],[135.365457,34.825475],[135.365211,34.825423],[135.364903,34.825359],[135.364834,34.825465],[135.364708,34.825591],[135.364543,34.825714],[135.364427,34.825782],[135.36415,34.825766],[135.363983,34.825752],[135.363906,34.825753],[135.36384,34.825776],[135.363806,34.825817],[135.363787,34.825881],[135.363769,34.825974],[135.363737,34.826053],[135.363676,34.82613],[135.363496,34.826368],[135.363438,34.826412],[135.363407,34.826424],[135.363347,34.826434],[135.363158,34.826434],[135.363108,34.826444],[135.363081,34.826462],[135.363056,34.826504],[135.363041,34.826552],[135.363018,34.826667],[135.362995,34.826721],[135.362718,34.827082],[135.36267,34.827124],[135.362583,34.827173],[135.362511,34.827193],[135.362412,34.827213],[135.362282,34.827219],[135.362084,34.827483],[135.362052,34.827568],[135.362017,34.827732],[135.361954,34.828028],[135.361922,34.828108]],[[135.361922,34.828108],[135.362835,34.828343],[135.362745,34.828416],[135.362675,34.828485],[135.362607,34.828577],[135.362544,34.828666],[135.362488,34.828748]],[[135.362488,34.828748],[135.363128,34.828657],[135.363815,34.828686],[135.364186,34.828689],[135.364295,34.828655],[135.364346,34.82863],[135.364375,34.828596],[135.364398,34.828547],[135.364422,34.828456],[135.364886,34.828546],[135.36494,34.828566],[135.364972,34.82859],[135.364989,34.828622],[135.364995,34.82866],[135.364991,34.828712],[135.364949,34.828925],[135.364941,34.828955],[135.365017,34.828973],[135.365069,34.829266],[135.365127,34.829592],[135.365194,34.829969],[135.365198,34.829992],[135.365023,34.830159],[135.365016,34.830185],[135.364644,34.830203],[135.364585,34.8302],[135.364504,34.830171],[135.36444,34.830155],[135.364382,34.830157],[135.364323,34.830168],[135.364243,34.830213],[135.364239,34.830377],[135.364694,34.830365],[135.364994,34.830395],[135.365073,34.83061],[135.365204,34.830576],[135.365175,34.830497]],[[135.365175,34.830497],[135.365172,34.830418],[135.365186,34.830344],[135.365209,34.830279],[135.365238,34.830233],[135.365303,34.830174],[135.365486,34.830067],[135.36568,34.830189],[135.365872,34.830044],[135.365774,34.829898],[135.365992,34.829769],[135.366418,34.829529],[135.366596,34.829418]],[[135.366596,34.829418],[135.366942,34.829365],[135.36699,34.829357],[135.367567,34.829277],[135.367648,34.829026],[135.367672,34.828999],[135.367978,34.828739],[135.368049,34.828619],[135.368083,34.828548],[135.368136,34.828456],[135.368228,34.828371],[135.368245,34.82835],[135.368395,34.82845],[135.368575,34.828575],[135.36865,34.828643],[135.368682,34.828695],[135.368688,34.828705],[135.369015,34.828871],[135.369268,34.829],[135.369393,34.828847]],[[135.380257,34.821519],[135.380354,34.821318],[135.38053,34.820958],[135.380589,34.820837]],[[135.380589,34.820837],[135.380491,34.820838],[135.380226,34.820838],[135.38007,34.82083],[135.379791,34.820804],[135.379638,34.820785],[135.379561,34.820771],[135.37946,34.820752],[135.379118,34.820689],[135.379,34.820667],[135.378794,34.820636],[135.378635,34.820614],[135.378458,34.820595],[135.37826,34.820578],[135.37822,34.820574],[135.377911,34.820561]],[[135.376269,34.822499],[135.376493,34.82256],[135.376911,34.822679],[135.376968,34.822666],[135.377042,34.822659],[135.377131,34.822664],[135.377555,34.822713],[135.377715,34.822903],[135.377728,34.822936],[135.377725,34.822974],[135.377703,34.823109]],[[135.377703,34.823109],[135.37776,34.82308],[135.377817,34.823051],[135.377912,34.822975],[135.377961,34.822921],[135.377979,34.822884],[135.377981,34.822837],[135.377956,34.822808],[135.37788,34.822768],[135.377851,34.822743],[135.377833,34.822671],[135.377833,34.822574],[135.377849,34.822479],[135.377879,34.822346],[135.378478,34.822353],[135.378565,34.822356],[135.37882,34.82243],[135.378885,34.822332],[135.378987,34.822167],[135.379059,34.822113],[135.379085,34.822086],[135.379101,34.82205],[135.379107,34.822],[135.379104,34.821954],[135.379052,34.82178],[135.379051,34.821723],[135.37906,34.821642],[135.379134,34.821372],[135.379402,34.821388],[135.379535,34.821395],[135.379693,34.821395],[135.379788,34.821402],[135.37989,34.821412],[135.379987,34.821434],[135.380257,34.821519]],[[135.381281,34.819264],[135.38146,34.818746],[135.38153,34.818532]],[[135.38153,34.818532],[135.381006,34.81854],[135.380434,34.818549],[135.379931,34.818557],[135.379875,34.818557]],[[135.379875,34.818557],[135.379841,34.818586],[135.379712,34.818657],[135.379564,34.818729],[135.37934,34.818837],[135.379247,34.818902],[135.379162,34.818977],[135.379083,34.819074]],[[135.379083,34.819074],[135.378965,34.819283],[135.378924,34.819359],[135.378913,34.81938],[135.378884,34.819432],[135.378811,34.819533],[135.378732,34.819629],[135.378625,34.819735],[135.378607,34.819753],[135.378485,34.81985],[135.378371,34.819942],[135.378266,34.82003],[135.378171,34.820138],[135.378131,34.820188],[135.378089,34.820241],[135.377911,34.820561]],[[135.380589,34.820837],[135.380617,34.820787],[135.380806,34.820447],[135.380915,34.820221],[135.381007,34.820029],[135.381034,34.819959]],[[135.381034,34.819959],[135.380587,34.819815],[135.380857,34.819483],[135.38088,34.81943],[135.380894,34.819365],[135.380888,34.819309],[135.380851,34.819244],[135.381019,34.819252],[135.381281,34.819264]],[[135.383312,34.816486],[135.383087,34.816418]],[[135.383087,34.816418],[135.3829,34.816361],[135.382692,34.816302]],[[135.382692,34.816302],[135.382479,34.816241],[135.382232,34.816184],[135.382073,34.816153],[135.381868,34.816121],[135.381683,34.816104]],[[135.381683,34.816104],[135.381587,34.816095],[135.381377,34.816082],[135.381231,34.816072],[135.381026,34.816068],[135.380927,34.816066],[135.380679,34.816072]],[[135.380679,34.816072],[135.380661,34.816073],[135.380521,34.81608],[135.380388,34.816087],[135.380346,34.816091]],[[135.380346,34.816091],[135.380307,34.816187],[135.380198,34.816455],[135.380175,34.816501],[135.380126,34.816551],[135.380119,34.81656],[135.38011,34.816572],[135.380062,34.816765]],[[135.380062,34.816765],[135.380051,34.816813],[135.380033,34.816864],[135.380002,34.816925],[135.37997,34.817011]],[[135.37997,34.817011],[135.379957,34.817046],[135.379924,34.817112],[135.379902,34.81715],[135.379861,34.817211],[135.379836,34.817253]],[[135.379836,34.817253],[135.379793,34.817327],[135.379746,34.817422],[135.37968,34.817558],[135.379628,34.817686],[135.379615,34.817744],[135.379598,34.817824],[135.379589,34.817898],[135.379585,34.817932],[135.379558,34.818012],[135.379531,34.818095],[135.379506,34.818169],[135.379432,34.818351],[135.379414,34.818403],[135.379405,34.818449],[135.379402,34.818564]],[[135.379402,34.818564],[135.379608,34.818561],[135.379875,34.818557]],[[135.379875,34.818557],[135.379977,34.818473],[135.380283,34.818244],[135.380483,34.818096],[135.380609,34.818011],[135.380674,34.817967],[135.380877,34.817856],[135.381146,34.817713],[135.381568,34.81751],[135.381637,34.817472],[135.381941,34.817308],[135.382139,34.817213],[135.382345,34.817125],[135.382588,34.817024],[135.382621,34.817009],[135.382706,34.816971],[135.382849,34.816871],[135.383024,34.816758],[135.383136,34.816675],[135.383224,34.816583],[135.383312,34.816486]],[[135.381272,34.816872],[135.381363,34.816576],[135.381596,34.816608],[135.381596,34.816636],[135.38192,34.816691],[135.381883,34.816822],[135.381813,34.816999],[135.381476,34.816913],[135.381272,34.816872]],[[135.381034,34.819959],[135.381103,34.819777],[135.381281,34.819264]],[[135.384922,34.820667],[135.384857,34.820654],[135.384715,34.820629],[135.384535,34.820598],[135.384386,34.820578],[135.384253,34.820562],[135.384045,34.820544],[135.383932,34.82054],[135.383891,34.820541],[135.383767,34.820542],[135.383323,34.820568],[135.383193,34.820582],[135.383097,34.820593],[135.382745,34.820669],[135.382579,34.820701],[135.382484,34.820716],[135.382299,34.820745],[135.38219,34.820758],[135.382105,34.820764],[135.381949,34.820768],[135.381811,34.820774],[135.381532,34.820789],[135.381085,34.820821],[135.380722,34.820835],[135.380589,34.820837]],[[135.380257,34.821519],[135.38023,34.821624],[135.38023,34.821679],[135.380242,34.821719],[135.38025,34.821735],[135.380264,34.821759],[135.380301,34.821785],[135.381934,34.822189],[135.381949,34.822454],[135.381968,34.82258],[135.381975,34.822723],[135.381964,34.822885],[135.38194,34.8231],[135.38192,34.823264],[135.381906,34.823297],[135.381875,34.823349],[135.381695,34.823539]],[[135.381695,34.823539],[135.381655,34.823588],[135.381654,34.823673],[135.381631,34.823837],[135.381611,34.823886],[135.381593,34.823912],[135.381547,34.823972],[135.381516,34.824034],[135.381485,34.824159],[135.381458,34.82419],[135.381317,34.824318],[135.38128,34.824355],[135.381174,34.824479],[135.381064,34.824695],[135.381041,34.824755],[135.381035,34.824808],[135.381039,34.82491],[135.381056,34.824957],[135.381127,34.825062],[135.381127,34.825098],[135.381054,34.825245],[135.381006,34.825328],[135.380914,34.825439],[135.38089,34.825479],[135.380871,34.825528],[135.380855,34.825605]],[[135.380855,34.825605],[135.380962,34.825635],[135.381108,34.82546],[135.381186,34.825373],[135.381215,34.825327],[135.381244,34.825278],[135.38129,34.825115],[135.381319,34.825059],[135.38135,34.825027]],[[135.38135,34.825027],[135.381353,34.825024],[135.381413,34.824962],[135.381475,34.824901],[135.381535,34.824825],[135.381684,34.824569],[135.38172,34.824527],[135.381763,34.824502],[135.381813,34.824473],[135.381995,34.82441],[135.382317,34.824245],[135.382329,34.824238],[135.382381,34.824203],[135.382557,34.824001]],[[135.382557,34.824001],[135.382432,34.823888],[135.382378,34.823817],[135.382344,34.823748],[135.382338,34.823675],[135.382351,34.823606],[135.382358,34.823588],[135.382381,34.823527],[135.382408,34.82348],[135.382442,34.82344],[135.38249,34.823408],[135.382623,34.823342],[135.382679,34.823299],[135.382718,34.823259],[135.382759,34.823196],[135.382797,34.823106],[135.382838,34.823027],[135.382874,34.822983],[135.38294,34.822927],[135.383016,34.822884],[135.383081,34.822862],[135.383132,34.822853],[135.383186,34.822857],[135.383207,34.822861],[135.38329,34.822874],[135.383692,34.822526],[135.383741,34.822488],[135.383821,34.822393],[135.383879,34.822333],[135.383947,34.822288],[135.38401,34.822259],[135.384061,34.822247],[135.384152,34.822244],[135.384276,34.822237],[135.384364,34.822215],[135.38445,34.822185],[135.384483,34.822167],[135.38461,34.822047],[135.384634,34.822007],[135.38466,34.821938],[135.384734,34.821546],[135.384754,34.82148],[135.384756,34.821444],[135.384736,34.821421],[135.384639,34.821324],[135.384617,34.821274],[135.384607,34.821229],[135.384614,34.821127],[135.384628,34.821055],[135.384651,34.820999],[135.384682,34.820965],[135.384723,34.820937],[135.384762,34.820904],[135.384797,34.82086],[135.384922,34.820667]],[[135.384922,34.820667],[135.38507,34.820502],[135.385264,34.8203],[135.385316,34.820231],[135.385332,34.820169],[135.385338,34.820063],[135.385322,34.819961],[135.385304,34.819866],[135.385324,34.819723],[135.385335,34.819597],[135.385326,34.819482],[135.385339,34.819371],[135.385396,34.819193],[135.385467,34.818919]],[[135.385467,34.818919],[135.385039,34.818768],[135.384858,34.818696],[135.384684,34.818638],[135.384504,34.818595],[135.384292,34.81855],[135.384252,34.818545],[135.384089,34.818526],[135.383881,34.818506],[135.383587,34.818502],[135.383068,34.818504],[135.382987,34.818507],[135.382276,34.818519],[135.38226,34.818519],[135.381587,34.818531],[135.38153,34.818532]],[[135.388238,34.818128],[135.388109,34.818073],[135.387924,34.817995],[135.387723,34.817921],[135.387316,34.817778],[135.387286,34.817768],[135.386684,34.817566],[135.386562,34.817525],[135.386398,34.81747],[135.386382,34.817465],[135.386209,34.817411],[135.385983,34.81734],[135.385924,34.817321],[135.385398,34.817156],[135.385218,34.817099],[135.385173,34.817084],[135.38485,34.816981],[135.384442,34.816848],[135.384235,34.816781],[135.384096,34.816735],[135.383786,34.816637],[135.383479,34.816539],[135.383312,34.816486]],[[135.385467,34.818919],[135.385475,34.818791],[135.385497,34.818728],[135.385546,34.818662],[135.385618,34.818612],[135.385737,34.818551],[135.386145,34.818366],[135.386243,34.818332],[135.386331,34.818313],[135.386449,34.818306],[135.386949,34.818293],[135.387424,34.818262],[135.387613,34.818264],[135.387868,34.818269],[135.387973,34.818261],[135.388057,34.818235],[135.388134,34.818204],[135.388189,34.818174],[135.388238,34.818128]],[[135.377703,34.823109],[135.37766,34.823144],[135.377642,34.82318],[135.377625,34.823531],[135.377621,34.823606],[135.377871,34.823624],[135.377859,34.823663],[135.378148,34.823675],[135.378117,34.823859],[135.378589,34.823883],[135.379381,34.823917]],[[135.379381,34.823917],[135.379405,34.823784],[135.379403,34.823627],[135.379412,34.823583],[135.379425,34.823537],[135.379583,34.823277],[135.379787,34.823353],[135.379954,34.823428],[135.379947,34.823556],[135.379949,34.823592],[135.380016,34.823777],[135.380167,34.823764],[135.380238,34.823767],[135.380672,34.823924],[135.38087,34.823918],[135.381009,34.823905],[135.38107,34.823895],[135.381104,34.823875],[135.381124,34.823849],[135.381149,34.823769],[135.381172,34.823715],[135.381201,34.823675],[135.381249,34.823639],[135.381329,34.823601],[135.38142,34.823574],[135.38157,34.823541],[135.381695,34.823539]],[[135.379535,34.826418],[135.379718,34.826159],[135.380069,34.826277],[135.380515,34.826187],[135.38057,34.825989],[135.380587,34.825923],[135.38061,34.825856],[135.380642,34.825813],[135.380685,34.825781],[135.380742,34.825753],[135.380812,34.825735],[135.38083,34.82572],[135.380841,34.825686],[135.380855,34.825605]],[[135.379381,34.823917],[135.379343,34.824215],[135.37934,34.824246],[135.37928,34.824557],[135.379239,34.824877],[135.379198,34.825254],[135.37919,34.825441],[135.379169,34.825634],[135.379146,34.825744],[135.37908,34.826014],[135.379004,34.826362],[135.379535,34.826418]],[[135.376133,34.82481],[135.376244,34.824818],[135.376585,34.824716]],[[135.376585,34.824716],[135.376632,34.824676],[135.376644,34.824644],[135.376631,34.824596],[135.376589,34.824383],[135.376907,34.82445],[135.377043,34.82447],[135.377055,34.824417],[135.377397,34.824323],[135.3775,34.824322],[135.377584,34.824311],[135.377654,34.824314],[135.377619,34.824473],[135.377576,34.824694],[135.377487,34.824738],[135.377395,34.824798],[135.377331,34.824864],[135.37694,34.824892]],[[135.37694,34.824892],[135.376922,34.824946],[135.376914,34.825008],[135.376884,34.825148],[135.376852,34.825263],[135.376847,34.825345],[135.376848,34.825468],[135.376848,34.825574],[135.376856,34.825654],[135.376865,34.825729],[135.376886,34.825787],[135.376929,34.82582],[135.377016,34.825863],[135.377092,34.82588],[135.377206,34.825889],[135.377519,34.825895],[135.377832,34.825915],[135.377944,34.826095],[135.377988,34.826154],[135.378037,34.826206],[135.378255,34.826443],[135.378267,34.826466],[135.378385,34.826468],[135.378525,34.826478],[135.378689,34.826498],[135.378866,34.826529],[135.379102,34.82658],[135.379369,34.826663]],[[135.379369,34.826663],[135.379535,34.826418]],[[135.376585,34.824716],[135.37678,34.824777],[135.37694,34.824892]],[[135.387563,34.821671],[135.387427,34.821618],[135.387218,34.821536],[135.387048,34.821472],[135.386697,34.821329],[135.386154,34.821097],[135.385941,34.821018],[135.385826,34.820976],[135.385586,34.820883],[135.385402,34.82081],[135.385221,34.820748],[135.385084,34.820706],[135.384922,34.820667]],[[135.382557,34.824001],[135.383335,34.824459],[135.383344,34.82445]],[[135.383344,34.82445],[135.383699,34.82412],[135.384074,34.824034],[135.384228,34.824219]],[[135.384228,34.824219],[135.384236,34.824229],[135.384467,34.824089],[135.384514,34.824083],[135.384743,34.824128],[135.384825,34.824097],[135.384898,34.82405],[135.384994,34.823997],[135.385048,34.823981],[135.385119,34.823982],[135.385349,34.82403],[135.385467,34.823826],[135.385534,34.823861],[135.385584,34.823901],[135.385617,34.823954],[135.385633,34.824004],[135.38564,34.824043],[135.385673,34.824233],[135.385705,34.824283],[135.386026,34.824674]],[[135.386026,34.824674],[135.386136,34.824472],[135.386149,34.824452],[135.386186,34.8244],[135.386269,34.8243],[135.386353,34.824202],[135.386426,34.824121],[135.386492,34.824017],[135.386517,34.823943],[135.386553,34.823825],[135.386585,34.823662],[135.3866,34.823505],[135.386597,34.823427],[135.386576,34.823343],[135.38654,34.823279],[135.386483,34.823215],[135.386468,34.823199],[135.386426,34.823155],[135.386321,34.823004],[135.386264,34.822904],[135.386251,34.822835],[135.386254,34.822762],[135.386268,34.822685],[135.386291,34.82262],[135.386332,34.82253],[135.38636,34.822491],[135.386396,34.822451],[135.386459,34.822414],[135.386646,34.822337],[135.386789,34.822277],[135.386977,34.822191],[135.387084,34.822139],[135.387145,34.822097],[135.387203,34.822042],[135.387308,34.821937],[135.387412,34.82183],[135.387464,34.821775],[135.387563,34.821671]],[[135.389647,34.821512],[135.3892,34.821226],[135.388813,34.820979],[135.3884,34.820688],[135.38835,34.820653],[135.388222,34.820559],[135.387716,34.81993],[135.387588,34.819724],[135.387513,34.819697],[135.385747,34.819018],[135.385467,34.818919]],[[135.387563,34.821671],[135.387891,34.821342],[135.387939,34.821299],[135.387982,34.82128],[135.388021,34.821269],[135.388076,34.82127],[135.388132,34.821283],[135.388358,34.821349],[135.388499,34.821382],[135.38861,34.821388],[135.389016,34.821403],[135.389082,34.821412],[135.389159,34.82144],[135.389413,34.821555],[135.389463,34.821574],[135.389529,34.821572],[135.389579,34.821553],[135.389647,34.821512]],[[135.391544,34.820166],[135.391498,34.820136],[135.390964,34.819789]],[[135.390964,34.819789],[135.390941,34.819857],[135.390842,34.820088],[135.390826,34.820137],[135.390783,34.820166],[135.390716,34.82018],[135.390656,34.820181],[135.390605,34.820181],[135.390545,34.820213],[135.390483,34.82024],[135.390446,34.820269],[135.390421,34.820278],[135.390369,34.820281],[135.390347,34.820276],[135.390352,34.820191],[135.390357,34.820134],[135.390359,34.820109],[135.390142,34.82009],[135.390185,34.819961],[135.39023,34.819828],[135.390099,34.819804],[135.389977,34.819791],[135.389812,34.819782],[135.389819,34.819761],[135.389819,34.819705],[135.389818,34.819635],[135.389817,34.819558],[135.389824,34.819481],[135.389849,34.819425],[135.389899,34.819362],[135.389941,34.819284],[135.389957,34.819228],[135.389972,34.819145]],[[135.389972,34.819145],[135.389958,34.819137]],[[135.389958,34.819137],[135.389831,34.819054],[135.38976,34.81901],[135.389732,34.818992],[135.389696,34.818969]],[[135.389696,34.818969],[135.389482,34.818836]],[[135.389482,34.818836],[135.389031,34.818553],[135.388896,34.818466],[135.388776,34.818393],[135.38846,34.818236],[135.388282,34.818148],[135.388238,34.818128]],[[135.389647,34.821512],[135.38989,34.821363],[135.390299,34.821141],[135.390363,34.821106]],[[135.390363,34.821106],[135.390319,34.821068],[135.390406,34.821022],[135.390509,34.820968],[135.390623,34.820907],[135.390775,34.820839],[135.39088,34.82079],[135.390952,34.820769],[135.391046,34.820759],[135.390993,34.820619],[135.391086,34.820569],[135.391194,34.820428],[135.391253,34.820372],[135.391261,34.82033],[135.391286,34.820343],[135.391345,34.820322],[135.391404,34.820286],[135.391544,34.820166]],[[135.390964,34.819789],[135.390076,34.819213],[135.389972,34.819145]],[[135.392395,34.820723],[135.39212,34.820542],[135.391833,34.820354],[135.391544,34.820166]],[[135.390363,34.821106],[135.390425,34.821072],[135.390491,34.821036],[135.390855,34.820858],[135.391021,34.820804],[135.391151,34.820777],[135.391326,34.820766],[135.391397,34.820764],[135.39155,34.820761],[135.392242,34.820762],[135.392325,34.820748],[135.392395,34.820723]],[[135.387472,34.826745],[135.387482,34.826727],[135.387482,34.826709],[135.387459,34.82661]],[[135.387459,34.82661],[135.387415,34.826539],[135.387399,34.826495],[135.387392,34.826423],[135.387378,34.82635],[135.387337,34.826278],[135.387297,34.826218],[135.38724,34.826159],[135.387161,34.826089],[135.387647,34.825655],[135.38791,34.825421],[135.387951,34.825384],[135.387985,34.825352],[135.388003,34.825311],[135.388028,34.825235],[135.38804,34.825147],[135.388036,34.825121],[135.388022,34.825095],[135.38792,34.824966],[135.387916,34.824941],[135.387928,34.824907],[135.38812,34.824564],[135.388138,34.824547],[135.388166,34.824534],[135.388254,34.824502],[135.388329,34.82431],[135.388362,34.82425],[135.388398,34.824222],[135.388445,34.824199],[135.388548,34.82418],[135.388711,34.823797],[135.388792,34.823514],[135.388807,34.82344],[135.388851,34.823238],[135.388883,34.823127],[135.388896,34.823005],[135.388913,34.822938],[135.388941,34.822872],[135.388981,34.822811],[135.388997,34.822786],[135.389036,34.822724],[135.389076,34.822637],[135.389147,34.822407],[135.389151,34.822392],[135.389201,34.822228]],[[135.389201,34.822228],[135.389137,34.82221],[135.388704,34.822075],[135.388467,34.821997],[135.388321,34.821952],[135.388154,34.821902],[135.387928,34.821821],[135.387821,34.821777],[135.387563,34.821671]],[[135.386026,34.824674],[135.386022,34.824791],[135.386026,34.824889],[135.386049,34.824986],[135.38607,34.825025],[135.386101,34.825085],[135.386128,34.82514],[135.386187,34.825261],[135.386194,34.825328],[135.386187,34.825382],[135.386172,34.825422],[135.386073,34.825532],[135.38605,34.825558],[135.385984,34.825663],[135.385853,34.825965],[135.385738,34.826156],[135.38572,34.826229],[135.385713,34.826364],[135.385753,34.826611],[135.385798,34.826775],[135.385855,34.82692],[135.38592,34.827098],[135.385889,34.827144],[135.385863,34.827166],[135.385836,34.827181],[135.385771,34.827196],[135.38574,34.827212],[135.385705,34.827247],[135.385608,34.827354],[135.385577,34.827381],[135.385543,34.827386],[135.385401,34.827383],[135.385353,34.827393],[135.385316,34.827411],[135.385273,34.827444],[135.385237,34.827488],[135.385156,34.827584],[135.38509,34.827644],[135.384991,34.827721],[135.38492,34.827761],[135.38485,34.827786],[135.384795,34.827703],[135.384498,34.827785],[135.384528,34.827857],[135.384391,34.82782],[135.384345,34.827814],[135.384197,34.827821],[135.384148,34.827839],[135.384103,34.827872],[135.384058,34.827922],[135.38399,34.828043],[135.383959,34.828099],[135.383944,34.828112],[135.383916,34.828119],[135.383835,34.828135],[135.383774,34.828165]],[[135.383774,34.828165],[135.38377,34.828181],[135.383991,34.8285],[135.384132,34.828408],[135.384227,34.828323],[135.384472,34.828104],[135.384518,34.828134],[135.384561,34.828147],[135.384602,34.828148],[135.384616,34.828141],[135.384624,34.828117],[135.384609,34.828081],[135.384597,34.828057],[135.384833,34.82795],[135.385069,34.827965],[135.385111,34.827961],[135.385146,34.827953],[135.385163,34.82794],[135.385201,34.827899],[135.385235,34.827881],[135.385291,34.827855],[135.385317,34.827838],[135.385358,34.827801],[135.385387,34.827788],[135.385473,34.827761],[135.38554,34.827726],[135.385596,34.827695],[135.385669,34.827659],[135.385712,34.827645],[135.385761,34.827638],[135.385808,34.827645],[135.385856,34.827662],[135.385921,34.827694],[135.386169,34.827828],[135.386545,34.827649],[135.386781,34.827908],[135.386823,34.827961],[135.386851,34.828022],[135.386856,34.828077],[135.386853,34.828126],[135.386817,34.828311],[135.386808,34.828361],[135.386813,34.828404],[135.386827,34.828429],[135.386857,34.828463],[135.387077,34.828652],[135.387109,34.828698],[135.387119,34.828744],[135.387122,34.828826],[135.387108,34.8289],[135.387074,34.828964],[135.387024,34.829054],[135.386894,34.829289],[135.386951,34.829311],[135.38706,34.829215],[135.387126,34.829151],[135.387188,34.829071],[135.387221,34.829011],[135.387244,34.828939],[135.387255,34.828879],[135.387263,34.828808],[135.387255,34.828685],[135.387244,34.828511],[135.387247,34.828443],[135.387248,34.828332],[135.387245,34.828277],[135.387233,34.828237],[135.387107,34.827988],[135.387106,34.827947],[135.387118,34.827923],[135.38715,34.827882],[135.387287,34.8278],[135.387161,34.82755],[135.387015,34.827593],[135.386985,34.827585],[135.386932,34.827546],[135.386826,34.827588],[135.386499,34.827214],[135.386503,34.827165],[135.386514,34.827099],[135.386536,34.827024],[135.386558,34.826986],[135.386593,34.826953],[135.386636,34.82693],[135.386767,34.826876],[135.386818,34.826853],[135.386872,34.826828],[135.386907,34.8268],[135.387033,34.826685],[135.387058,34.826658],[135.387076,34.826653],[135.387097,34.826655],[135.387159,34.826685],[135.387193,34.826709],[135.387234,34.82674],[135.387262,34.826746],[135.387299,34.826742],[135.387383,34.826732],[135.387433,34.826738],[135.387472,34.826745]],[[135.391433,34.82521],[135.391382,34.825153],[135.391383,34.824966],[135.391386,34.824811],[135.39139,34.824777],[135.391396,34.824731],[135.391409,34.824633],[135.391451,34.824448],[135.391485,34.824346],[135.39155,34.824219],[135.391676,34.823998],[135.391781,34.823846],[135.392071,34.82341],[135.392086,34.823355],[135.392046,34.822954],[135.392043,34.822912]],[[135.392043,34.822912],[135.391583,34.822806],[135.391027,34.822675],[135.390792,34.822621],[135.390684,34.822594],[135.390126,34.822463],[135.389906,34.822408],[135.389388,34.822279],[135.389201,34.822228]],[[135.387459,34.82661],[135.387914,34.826638],[135.388028,34.82659],[135.388063,34.826547],[135.3881,34.826492],[135.388236,34.826344],[135.388272,34.826304],[135.388309,34.826248],[135.388433,34.826008],[135.388485,34.825886],[135.388745,34.825949],[135.388818,34.825967],[135.389461,34.826219],[135.389473,34.826195],[135.389811,34.825498],[135.389818,34.825481],[135.389954,34.82547],[135.390029,34.825464],[135.390184,34.825383],[135.390402,34.82527],[135.390543,34.825109],[135.390574,34.82512],[135.390619,34.825126],[135.390645,34.825127],[135.39073,34.825129],[135.390794,34.825129],[135.39085,34.825138],[135.390933,34.825155],[135.391057,34.825197],[135.391144,34.825232],[135.391228,34.825277],[135.391313,34.825333],[135.391433,34.82521]],[[135.395297,34.823682],[135.395057,34.823622],[135.39468,34.823527],[135.392609,34.823043],[135.392096,34.822925]],[[135.392096,34.822925],[135.392043,34.822912]],[[135.391433,34.82521],[135.391473,34.825243],[135.391523,34.82527],[135.391569,34.825281],[135.391709,34.825292],[135.391752,34.825283],[135.391775,34.825276],[135.391803,34.825258],[135.39183,34.825244],[135.391859,34.82524],[135.391871,34.82524],[135.392111,34.825235],[135.39231,34.825231],[135.392252,34.825421],[135.392511,34.825517],[135.392463,34.82556],[135.392408,34.825593],[135.392281,34.825633],[135.392441,34.825788],[135.392489,34.825841],[135.392515,34.825889],[135.392529,34.825931],[135.392538,34.825996],[135.392535,34.826064],[135.392512,34.826137]],[[135.392512,34.826137],[135.392616,34.826159],[135.392754,34.826369],[135.393079,34.826369],[135.393077,34.826295],[135.39293,34.826129],[135.393112,34.825992],[135.393193,34.825967],[135.393497,34.825698],[135.393303,34.825442],[135.393345,34.825381],[135.393394,34.825326],[135.393417,34.82529],[135.393461,34.825217],[135.393526,34.825152],[135.393587,34.825114],[135.393655,34.825102],[135.393763,34.82509],[135.393884,34.825082],[135.394069,34.825055],[135.394113,34.825031],[135.394148,34.82498],[135.394157,34.824927],[135.394155,34.824786],[135.39417,34.824738],[135.394219,34.824665],[135.394258,34.82465],[135.394316,34.824641],[135.394401,34.824657],[135.39451,34.824666],[135.394572,34.824657],[135.3946,34.824633],[135.394635,34.824567],[135.394665,34.824546],[135.394708,34.824517],[135.394718,34.824493],[135.394699,34.824322],[135.394719,34.824299],[135.394772,34.824275],[135.394888,34.824225],[135.395297,34.823682]],[[135.395852,34.82692],[135.39586,34.826865],[135.395917,34.826718],[135.395968,34.826653],[135.396035,34.826601],[135.396067,34.826576],[135.396074,34.826512],[135.396198,34.826321],[135.396241,34.826253],[135.396288,34.826177],[135.396424,34.826056],[135.396516,34.825988],[135.396604,34.82592],[135.396706,34.826017],[135.396743,34.825976],[135.396851,34.825796],[135.396926,34.825679],[135.396976,34.825602],[135.397048,34.825508],[135.39712,34.825414],[135.397186,34.825336],[135.397269,34.825238],[135.397326,34.82514],[135.397357,34.825073],[135.397355,34.825045],[135.397332,34.825017],[135.397282,34.824978],[135.397274,34.824931],[135.397293,34.824881],[135.397328,34.824855],[135.397658,34.824731],[135.397773,34.824702]],[[135.397773,34.824702],[135.397361,34.824488],[135.396771,34.824201]],[[135.396771,34.824201],[135.396589,34.824108],[135.396477,34.824056],[135.396255,34.823965],[135.396103,34.823903],[135.395978,34.823863],[135.395844,34.823821],[135.395674,34.823775],[135.395297,34.823682]],[[135.392512,34.826137],[135.392243,34.826188],[135.392202,34.826213],[135.392175,34.826236],[135.392076,34.82649],[135.392038,34.826583],[135.391984,34.826698],[135.391868,34.82688]],[[135.391868,34.82688],[135.393569,34.827416],[135.393671,34.827438],[135.393789,34.827438],[135.393896,34.827403],[135.394069,34.827313],[135.394072,34.827311],[135.394076,34.827315],[135.39418,34.82734],[135.394216,34.82734],[135.394266,34.827325],[135.394297,34.827313],[135.394318,34.827302],[135.394339,34.827284],[135.394353,34.827267],[135.394406,34.827202],[135.394457,34.827132],[135.394527,34.827088],[135.394568,34.82706],[135.394578,34.827023],[135.394604,34.826971],[135.394807,34.826899],[135.394836,34.826868],[135.394873,34.826831],[135.394924,34.8268],[135.395026,34.826668],[135.395086,34.826606],[135.395111,34.826581],[135.395131,34.826599],[135.395179,34.826632],[135.395226,34.826675],[135.39524,34.826682],[135.395249,34.826684],[135.39525,34.826696],[135.395255,34.826822],[135.395852,34.82692]],[[135.392989,34.821123],[135.392395,34.820723]],[[135.392096,34.822925],[135.392195,34.822871],[135.392261,34.822836],[135.39234,34.822799],[135.392413,34.822444],[135.392497,34.822162],[135.392531,34.822061],[135.392634,34.821844],[135.392676,34.821846],[135.392703,34.821559],[135.392558,34.821549],[135.392704,34.821466],[135.392797,34.821415],[135.392883,34.82136],[135.392915,34.821308],[135.392989,34.821123]],[[135.397164,34.823828],[135.396726,34.823586],[135.396233,34.823276],[135.39576,34.822967]],[[135.39576,34.822967],[135.394839,34.822357],[135.39445,34.822093],[135.394086,34.821834],[135.392989,34.821123]],[[135.396771,34.824201],[135.396783,34.824166],[135.396789,34.82414],[135.396782,34.824106],[135.3966,34.82383],[135.396751,34.823875],[135.396809,34.823892],[135.396892,34.823904],[135.396952,34.823896],[135.397164,34.823828]],[[135.396127,34.822802],[135.396098,34.822686],[135.3961,34.822653],[135.396124,34.822588],[135.396137,34.822527],[135.39616,34.822269],[135.396179,34.822062],[135.39618,34.821699],[135.396103,34.820999],[135.396061,34.820596],[135.396079,34.820588],[135.396113,34.820573],[135.396298,34.820512],[135.396478,34.82045],[135.396779,34.820359],[135.396863,34.820336],[135.397037,34.820302],[135.397162,34.820289],[135.397158,34.820195]],[[135.397158,34.820195],[135.396986,34.8202],[135.396863,34.820189],[135.396764,34.820172],[135.396635,34.820142],[135.396496,34.820104],[135.396338,34.820047],[135.396173,34.819984],[135.396086,34.819964],[135.396043,34.819963],[135.396001,34.819962],[135.3959,34.819962],[135.395787,34.819975],[135.395353,34.820075],[135.395255,34.820097],[135.395139,34.820107],[135.394999,34.820108],[135.394803,34.820093],[135.394243,34.819998],[135.394137,34.819984],[135.394008,34.819976],[135.393892,34.819991]],[[135.393892,34.819991],[135.393692,34.82005],[135.393573,34.820106],[135.393448,34.820177],[135.393246,34.820315],[135.393138,34.820395],[135.393061,34.820444],[135.392931,34.820505],[135.392762,34.820588],[135.392641,34.820637],[135.392395,34.820723]],[[135.39576,34.822967],[135.395897,34.822844],[135.395948,34.822813],[135.396007,34.8228],[135.396127,34.822802]],[[135.387472,34.826745],[135.387347,34.826898],[135.387327,34.826922],[135.387273,34.827018],[135.387161,34.827231],[135.387579,34.827393],[135.387656,34.82743],[135.387686,34.827462],[135.38775,34.827589],[135.387799,34.827757],[135.387832,34.827839],[135.387866,34.827891],[135.3879,34.827918],[135.387946,34.827932],[135.388131,34.827947],[135.388113,34.828155],[135.388127,34.828181],[135.388155,34.828198],[135.388197,34.828206],[135.388247,34.8282],[135.388273,34.828229],[135.388287,34.828282],[135.388294,34.828328],[135.388286,34.828447],[135.388278,34.828519],[135.388264,34.828603],[135.388258,34.828641],[135.38826,34.828687],[135.38827,34.828747],[135.388275,34.828789],[135.388277,34.82884],[135.388285,34.828864],[135.388315,34.828887],[135.388356,34.828907],[135.388535,34.828973],[135.388608,34.828994],[135.389054,34.829175],[135.38913,34.829222],[135.389183,34.829268],[135.389267,34.829385],[135.389305,34.82943],[135.389358,34.829461],[135.389431,34.829471],[135.389517,34.829461],[135.389603,34.829427],[135.38964,34.829399],[135.389649,34.829378],[135.389653,34.829349],[135.389664,34.829334],[135.389705,34.829341],[135.389788,34.829366],[135.389903,34.829408],[135.389965,34.829429],[135.390071,34.829463],[135.390176,34.829477],[135.39026,34.829479],[135.390301,34.829482],[135.390354,34.829492],[135.390471,34.829524],[135.390547,34.829539],[135.390622,34.829548],[135.390671,34.829564],[135.390703,34.829586],[135.390741,34.829631],[135.390789,34.829771],[135.390813,34.829818],[135.390855,34.829871],[135.390926,34.829846],[135.390947,34.829839],[135.390966,34.829802],[135.390972,34.829764],[135.390973,34.829719],[135.390959,34.829683],[135.390929,34.829648],[135.390899,34.829614],[135.390885,34.829575],[135.390875,34.829446],[135.390882,34.829414],[135.390901,34.829383],[135.390938,34.829359],[135.39102,34.829299],[135.391105,34.829257],[135.391128,34.829236],[135.39114,34.829199],[135.391147,34.829145],[135.391145,34.82911],[135.391133,34.82907],[135.391109,34.829039],[135.391051,34.828988],[135.391037,34.828959],[135.391011,34.82885],[135.391001,34.828819],[135.390979,34.828806],[135.39094,34.828798],[135.390908,34.828784],[135.39085,34.828664],[135.390868,34.828651],[135.390813,34.828547],[135.390803,34.828505],[135.390802,34.828456],[135.39101,34.827611],[135.391054,34.827461],[135.390908,34.827181],[135.390914,34.827065],[135.391691,34.826943],[135.391786,34.826926],[135.391829,34.82691],[135.391868,34.82688]],[[135.403798,34.829491],[135.403756,34.829492],[135.403665,34.829496],[135.403643,34.82947],[135.403638,34.829465],[135.403745,34.829399],[135.403721,34.829374],[135.403714,34.829367],[135.403709,34.829362],[135.403578,34.829225],[135.403506,34.82915],[135.40352,34.829135],[135.403533,34.829114],[135.403543,34.829099],[135.403546,34.829094],[135.403546,34.829093],[135.403553,34.829076],[135.403554,34.82907],[135.403557,34.829054],[135.403558,34.829048],[135.403566,34.829009],[135.403566,34.829005],[135.403568,34.828987],[135.403568,34.828982],[135.403569,34.828966],[135.403544,34.828931],[135.403521,34.828917],[135.403505,34.828907],[135.403478,34.828891],[135.403468,34.828884],[135.40337,34.828824],[135.403289,34.828774],[135.403289,34.828769],[135.403289,34.828764],[135.403289,34.828729],[135.40329,34.828716],[135.40329,34.828697],[135.40329,34.828569],[135.403285,34.828566],[135.403218,34.828527],[135.403148,34.828485],[135.402973,34.828382],[135.402888,34.828432],[135.402806,34.828481],[135.402714,34.828446],[135.402619,34.828411],[135.40248,34.828355],[135.402466,34.82835],[135.402463,34.828349],[135.40246,34.828348],[135.402456,34.828346],[135.402453,34.828345],[135.402447,34.828343],[135.402448,34.828342],[135.402486,34.828292],[135.40251,34.828259],[135.402555,34.828198],[135.402561,34.828191],[135.402562,34.82819],[135.402569,34.82818],[135.402561,34.828176],[135.402545,34.828168],[135.402542,34.828167],[135.402452,34.82814],[135.402264,34.828085],[135.402276,34.828065],[135.402327,34.827977],[135.40233,34.827972],[135.402342,34.827951],[135.402455,34.827755],[135.402464,34.827759],[135.402577,34.82781],[135.40259,34.827816],[135.402659,34.827843],[135.402701,34.82786],[135.402709,34.827863],[135.402721,34.827534],[135.402721,34.827533],[135.402722,34.827508],[135.402722,34.827507],[135.402689,34.827491],[135.40264,34.827474],[135.402635,34.827472],[135.402439,34.827366],[135.402466,34.827326],[135.402543,34.827212],[135.402565,34.82718],[135.40255,34.827172],[135.402432,34.827117],[135.402448,34.827073]],[[135.402448,34.827073],[135.402399,34.827048],[135.402388,34.827042],[135.402373,34.827034],[135.402363,34.827029],[135.401844,34.826762]],[[135.401844,34.826762],[135.401715,34.826985],[135.401836,34.827054],[135.40142,34.827629],[135.401643,34.827731],[135.401655,34.827762],[135.401653,34.827794],[135.401634,34.827851],[135.401605,34.827908],[135.401569,34.827958],[135.401526,34.828001],[135.40146,34.828035],[135.401372,34.828066],[135.401279,34.828081],[135.401073,34.828094],[135.400982,34.828107],[135.400911,34.828125],[135.400703,34.828194],[135.40064,34.828202],[135.400572,34.828202],[135.400451,34.828198],[135.400174,34.82819],[135.400094,34.828196],[135.400046,34.828206],[135.400014,34.828224],[135.399975,34.828271],[135.399859,34.828439],[135.399831,34.828476],[135.39979,34.828503],[135.399613,34.828596],[135.399588,34.828617],[135.39958,34.828636],[135.39958,34.828667],[135.399626,34.82874],[135.399738,34.828874],[135.399803,34.828942],[135.399938,34.829049],[135.40004,34.82914],[135.400092,34.829194],[135.400111,34.829238],[135.400115,34.829272],[135.400107,34.829309],[135.400089,34.829336],[135.40006,34.829355],[135.400016,34.829371],[135.399964,34.829376],[135.399893,34.829363],[135.399799,34.829328],[135.399656,34.829276],[135.399543,34.829241],[135.399473,34.829231],[135.399394,34.829238],[135.399325,34.829261],[135.399286,34.829279],[135.399233,34.829334],[135.399203,34.829415],[135.399167,34.829543],[135.399145,34.829648],[135.399126,34.829679],[135.399093,34.829714],[135.39903,34.829754],[135.398944,34.829802],[135.398788,34.829866],[135.398734,34.829892],[135.39869,34.82994]],[[135.39869,34.82994],[135.398807,34.830011],[135.398902,34.830063],[135.39896,34.830087],[135.399029,34.830113],[135.399103,34.830135],[135.399222,34.830166],[135.399344,34.830219],[135.399448,34.830274],[135.399505,34.83031],[135.39954,34.830348],[135.399607,34.830451],[135.399655,34.830512],[135.399699,34.830569],[135.399844,34.830719],[135.399909,34.830782],[135.400015,34.830886],[135.400111,34.830964],[135.400168,34.831021],[135.400198,34.831057],[135.400216,34.831094],[135.400243,34.831204],[135.400293,34.831256],[135.400335,34.831315],[135.40035,34.831366],[135.400355,34.831437],[135.400374,34.831471],[135.400413,34.831498],[135.400476,34.831512],[135.400564,34.831518],[135.40067,34.831529],[135.400749,34.831551],[135.400837,34.831587],[135.400927,34.831635],[135.400998,34.831668],[135.401055,34.831689],[135.401128,34.831698],[135.401176,34.831715],[135.401229,34.831749],[135.40134,34.831857],[135.401452,34.831889],[135.401637,34.831942],[135.401755,34.831964],[135.401837,34.831974],[135.402161,34.831993]],[[135.402161,34.831993],[135.402215,34.831635],[135.402245,34.831347],[135.402244,34.831275],[135.402192,34.831095],[135.402174,34.8309],[135.402156,34.830707],[135.402132,34.830577],[135.402125,34.830536],[135.402129,34.830485],[135.402145,34.830443],[135.402203,34.830389],[135.402298,34.830307],[135.402401,34.830201],[135.402501,34.830095],[135.402704,34.829877],[135.403047,34.829751],[135.40318,34.829703],[135.403286,34.829665],[135.40348,34.829614],[135.403621,34.829572],[135.403771,34.829511],[135.403798,34.829492],[135.403798,34.829491]],[[135.401844,34.826762],[135.401316,34.826507],[135.400084,34.825875]],[[135.400084,34.825875],[135.399973,34.826064],[135.399926,34.826131],[135.399752,34.826348],[135.399557,34.826555],[135.399666,34.826903],[135.399678,34.826958],[135.39967,34.827007],[135.399627,34.827077],[135.399519,34.827206],[135.399478,34.827242],[135.39943,34.827274],[135.399331,34.827318],[135.399125,34.8274],[135.398978,34.827455],[135.398882,34.827498],[135.398829,34.827512],[135.398778,34.827512],[135.398625,34.827509],[135.39858,34.827522],[135.398534,34.82755],[135.398448,34.827603],[135.39838,34.82765],[135.398317,34.827696],[135.398264,34.827723],[135.398209,34.827732],[135.398042,34.82774],[135.397979,34.827748],[135.397941,34.827764],[135.397916,34.827788],[135.397883,34.827834],[135.397823,34.827945],[135.397778,34.828038],[135.397748,34.828104],[135.397705,34.828169],[135.397651,34.828227],[135.397569,34.828299],[135.397496,34.828366],[135.397417,34.828422],[135.397329,34.82847],[135.397242,34.828498],[135.397073,34.828519],[135.396976,34.828527],[135.39687,34.828547],[135.396803,34.828568],[135.396721,34.828621],[135.396661,34.828675],[135.396218,34.829176],[135.396143,34.829253],[135.396093,34.829298],[135.396073,34.829317],[135.396031,34.82936],[135.39599,34.829412],[135.39595,34.829474],[135.395879,34.82959],[135.395864,34.829614],[135.395734,34.829756],[135.39568,34.829811],[135.395632,34.829839],[135.395581,34.829857],[135.395498,34.829874],[135.395289,34.829885],[135.395179,34.829826]],[[135.395179,34.829826],[135.395101,34.830036],[135.395506,34.830268],[135.39535,34.830856],[135.395446,34.83095],[135.395543,34.831031],[135.395682,34.831113],[135.395776,34.831157],[135.395862,34.831172],[135.395927,34.831167],[135.395992,34.831147],[135.396035,34.831123],[135.396097,34.831045],[135.396148,34.830955],[135.396173,34.830899]],[[135.396173,34.830899],[135.396195,34.830775],[135.396235,34.830685],[135.396282,34.830619],[135.396367,34.83052],[135.396399,34.830472],[135.39645,34.830385],[135.396477,34.830336],[135.396761,34.830274],[135.397085,34.830216],[135.397228,34.830119],[135.3973,34.830089],[135.397371,34.830081],[135.397468,34.830101],[135.397594,34.830155],[135.397674,34.830172],[135.397757,34.830178],[135.39785,34.830166],[135.397995,34.830112],[135.398085,34.830091],[135.398165,34.830086],[135.398256,34.830106],[135.398363,34.830103],[135.398443,34.830094],[135.398573,34.830065],[135.398642,34.830019],[135.39869,34.82994]],[[135.400084,34.825875],[135.399952,34.825807],[135.399119,34.825389],[135.398968,34.825315],[135.397773,34.824702]],[[135.395852,34.82692],[135.395869,34.826922],[135.39561,34.827202],[135.395413,34.827498],[135.395287,34.827687],[135.395067,34.828089],[135.394892,34.828573],[135.394802,34.828862],[135.394743,34.829405],[135.394737,34.829597],[135.395179,34.829826]],[[135.397933,34.824089],[135.397932,34.824089],[135.397927,34.824088],[135.397775,34.824042],[135.397751,34.824035],[135.397597,34.823992],[135.397447,34.823935],[135.397164,34.823828]],[[135.402448,34.827073],[135.402463,34.827034],[135.402463,34.827034],[135.402479,34.826965],[135.402482,34.826951],[135.402488,34.826924],[135.402489,34.826913],[135.402494,34.826861],[135.402493,34.826814],[135.402484,34.826761],[135.402479,34.826731],[135.402447,34.826612],[135.402368,34.826605],[135.402322,34.826721],[135.402308,34.826749],[135.402298,34.826756],[135.40229,34.826762],[135.402278,34.826764],[135.402264,34.826763],[135.402249,34.826759],[135.402233,34.826751],[135.40222,34.826739],[135.402219,34.826738],[135.402219,34.826738],[135.402198,34.826703],[135.402197,34.8267],[135.402196,34.826698],[135.402194,34.826693],[135.402193,34.82669],[135.402191,34.826686],[135.40219,34.826682],[135.402188,34.826679],[135.402185,34.826672],[135.402185,34.82667],[135.402183,34.826667],[135.402182,34.826663],[135.402181,34.826662],[135.402178,34.826654],[135.402178,34.826653],[135.402178,34.826653],[135.402177,34.826651],[135.402173,34.826642],[135.402172,34.826638],[135.402169,34.826631],[135.402167,34.826626],[135.402166,34.826623],[135.402164,34.826619],[135.402162,34.826615],[135.402159,34.826607],[135.402156,34.826594],[135.402154,34.826588],[135.402152,34.826582],[135.402151,34.826576],[135.402147,34.826536],[135.402147,34.826536],[135.402148,34.826527],[135.402151,34.82649],[135.40216,34.826447],[135.402162,34.826443],[135.402164,34.826438],[135.402197,34.826378],[135.402296,34.8262],[135.402067,34.826212],[135.402036,34.826091],[135.402024,34.826045],[135.402067,34.825982],[135.402093,34.825944],[135.402111,34.825918],[135.402131,34.825888],[135.402149,34.825862],[135.40221,34.825772],[135.40223,34.825742],[135.402207,34.825718],[135.402253,34.825554],[135.402272,34.825486],[135.402253,34.825479],[135.401996,34.825388],[135.401989,34.825386],[135.401997,34.825368],[135.402127,34.8249],[135.402045,34.824886],[135.401938,34.824868],[135.401779,34.824841],[135.401693,34.82515],[135.401671,34.825221],[135.401628,34.825321],[135.401563,34.825453],[135.40154,34.825481],[135.401251,34.825744],[135.401213,34.825758],[135.401161,34.82576],[135.400909,34.825688],[135.400678,34.825591],[135.400659,34.825562],[135.40065,34.825472],[135.40066,34.825424],[135.400749,34.825126],[135.400503,34.825103],[135.400433,34.825531],[135.400374,34.825763],[135.400131,34.825724],[135.400146,34.825532],[135.400126,34.825357],[135.400203,34.8249],[135.400233,34.824662],[135.40024,34.824608],[135.400161,34.824596],[135.400072,34.824581],[135.399943,34.82456],[135.399901,34.824554],[135.399762,34.824531],[135.399376,34.824469],[135.39937,34.824488],[135.399333,34.824608],[135.399308,34.824631],[135.399157,34.824607],[135.399123,34.824602],[135.399077,34.824595],[135.399016,34.824585],[135.398759,34.824545],[135.398725,34.824502],[135.398722,34.824498],[135.398704,34.824495],[135.398598,34.824477],[135.398494,34.824459],[135.398411,34.824444],[135.398383,34.82444],[135.398353,34.824436],[135.398317,34.824428],[135.398274,34.824419],[135.398237,34.824411],[135.39819,34.824402],[135.398123,34.824391],[135.398115,34.824389],[135.398109,34.824386],[135.398103,34.824384],[135.398096,34.824382],[135.39809,34.824379],[135.398076,34.824371],[135.398057,34.824348],[135.398021,34.824309],[135.398011,34.824299],[135.397978,34.824288],[135.397933,34.824267],[135.397905,34.824251],[135.397893,34.824238],[135.397887,34.824218],[135.397891,34.824196],[135.397933,34.824089]],[[135.405737,34.832376],[135.405948,34.831936],[135.405978,34.831898],[135.406015,34.831876],[135.406228,34.831806],[135.406257,34.831609],[135.406195,34.831438],[135.406191,34.831426],[135.406189,34.831422],[135.406166,34.831358],[135.406058,34.831025],[135.40605,34.830737],[135.406053,34.830558],[135.406055,34.830367],[135.406072,34.829914],[135.406094,34.829712],[135.406113,34.829655],[135.40616,34.829541],[135.405999,34.829605],[135.405935,34.829626],[135.405801,34.829661],[135.405756,34.829673],[135.405611,34.82971],[135.405451,34.829738],[135.405402,34.829647],[135.405345,34.829534],[135.405276,34.829374],[135.405281,34.829371],[135.405274,34.82937],[135.405299,34.829101],[135.405324,34.829045],[135.405266,34.829035],[135.405179,34.829019],[135.405017,34.829134],[135.404914,34.829218],[135.404908,34.829212],[135.404836,34.829142],[135.404811,34.829117],[135.404793,34.829123],[135.404618,34.829219],[135.40461,34.829223],[135.404521,34.829257],[135.404496,34.829266],[135.404487,34.829271],[135.404457,34.829287],[135.404436,34.829299],[135.404225,34.829504],[135.40419,34.829537],[135.404181,34.829546],[135.404052,34.829609],[135.404034,34.829613],[135.404027,34.829616],[135.404021,34.829617],[135.404003,34.829621],[135.404,34.829617],[135.403965,34.829591],[135.403939,34.829572],[135.40387,34.829521],[135.403828,34.82949],[135.40382,34.829483],[135.403802,34.82949],[135.403802,34.82949],[135.4038,34.829491],[135.403798,34.829491]],[[135.402161,34.831993],[135.402384,34.832002],[135.402441,34.832011],[135.402495,34.83203],[135.402575,34.832067],[135.402752,34.832157],[135.402734,34.832324],[135.402718,34.832418],[135.402699,34.832528],[135.402656,34.832795],[135.402638,34.832892],[135.40262,34.832965],[135.40259,34.833035],[135.402503,34.833166],[135.402261,34.833459],[135.402082,34.83377],[135.401989,34.833941]],[[135.401989,34.833941],[135.402137,34.833997],[135.402378,34.833807],[135.402445,34.833761],[135.402484,34.833748],[135.402537,34.83374],[135.40268,34.83374],[135.402729,34.833734],[135.402773,34.833717],[135.402795,34.833704],[135.402847,34.833672],[135.402886,34.833658],[135.402943,34.833642],[135.403069,34.833627],[135.403127,34.833609],[135.40318,34.833589],[135.40329,34.833541],[135.403456,34.833468],[135.403503,34.833442],[135.403538,34.833408],[135.403577,34.833349],[135.403629,34.833254],[135.403659,34.833231],[135.403724,34.833192],[135.403801,34.833153],[135.403888,34.83311],[135.403937,34.833077],[135.404004,34.83303],[135.404057,34.833003],[135.404158,34.83295],[135.404177,34.83293],[135.4042,34.832894],[135.404249,34.832824],[135.404326,34.832759],[135.404358,34.832742],[135.404406,34.832735],[135.404532,34.83274],[135.404592,34.832732],[135.404697,34.832692],[135.404768,34.832648],[135.40485,34.832607],[135.404933,34.832575],[135.405086,34.832539],[135.405163,34.832536],[135.405223,34.832539],[135.405274,34.832549],[135.405429,34.832588],[135.405509,34.832591],[135.405565,34.832584],[135.405594,34.832568],[135.405643,34.832516],[135.4057,34.832452],[135.405737,34.832376]],[[135.400687,34.834832],[135.401149,34.834665],[135.401323,34.834669],[135.4015,34.834692],[135.401668,34.834656],[135.401879,34.834128],[135.401989,34.833941]],[[135.396173,34.830899],[135.396231,34.830845],[135.396292,34.830804],[135.396345,34.830775],[135.396377,34.830752],[135.396442,34.830679],[135.396496,34.830641],[135.396565,34.83065],[135.396579,34.830674],[135.396574,34.830707],[135.396523,34.830804],[135.396523,34.830842],[135.396534,34.830932],[135.396672,34.831133],[135.396716,34.831198],[135.396777,34.831252],[135.396867,34.831302],[135.397701,34.8313],[135.397708,34.831602],[135.399698,34.831585],[135.399869,34.8319],[135.399991,34.831848],[135.399944,34.832762],[135.399911,34.833398],[135.400564,34.833693],[135.400766,34.833784],[135.400861,34.833961]],[[135.400861,34.833961],[135.400876,34.834005],[135.40091,34.834187],[135.400798,34.834595],[135.400763,34.834625],[135.400687,34.834832]],[[135.404567,34.835587],[135.404602,34.835276],[135.404649,34.834801],[135.404672,34.834411],[135.404653,34.834364],[135.404622,34.83433],[135.404536,34.834253],[135.404636,34.834182],[135.404676,34.83414],[135.404772,34.833973],[135.404807,34.83393],[135.40486,34.83388],[135.404913,34.833836],[135.404967,34.833775],[135.405055,34.833679],[135.405104,34.833596],[135.405145,34.833562],[135.405209,34.833542],[135.405709,34.833402],[135.406086,34.833308],[135.406161,34.833286],[135.40625,34.83325],[135.406325,34.83322],[135.406479,34.833183],[135.406489,34.833149],[135.406426,34.83272]],[[135.406426,34.83272],[135.406037,34.832741],[135.405911,34.832732],[135.405844,34.832727],[135.405809,34.83272],[135.405778,34.832694],[135.405754,34.832665],[135.406023,34.832486],[135.405737,34.832376]],[[135.400687,34.834832],[135.400583,34.834872],[135.400583,34.834977],[135.400579,34.835276],[135.40058,34.835502],[135.400179,34.835508],[135.399893,34.835502],[135.399312,34.835462],[135.399144,34.835434]],[[135.399144,34.835434],[135.398992,34.83577],[135.398754,34.835692],[135.398713,34.835775],[135.398687,34.835856],[135.398653,34.836048],[135.398615,34.836346],[135.3986,34.836539]],[[135.3986,34.836539],[135.399036,34.83699],[135.399244,34.837036],[135.399429,34.837127],[135.399571,34.837263],[135.399668,34.837462],[135.399733,34.837615],[135.39982,34.837742],[135.399851,34.837877],[135.399818,34.838004],[135.399838,34.838175],[135.400023,34.838446],[135.400132,34.838528],[135.400218,34.8387],[135.400294,34.838754],[135.400448,34.838755],[135.400667,34.838701],[135.400964,34.838594],[135.401206,34.838487],[135.401437,34.838352],[135.401772,34.838208]],[[135.401772,34.838208],[135.401949,34.83795],[135.402047,34.837855],[135.402134,34.837777],[135.402213,34.837729],[135.402353,34.83769],[135.402462,34.837669],[135.402618,34.83767],[135.40267,34.837662],[135.402721,34.837631],[135.402774,34.837609],[135.402873,34.837581],[135.402921,34.837559],[135.40301,34.837507],[135.40307,34.837475],[135.403105,34.837443],[135.403139,34.837378],[135.403182,34.837321],[135.403425,34.837136],[135.40347,34.837112],[135.403518,34.8371],[135.403593,34.837092],[135.403918,34.836988],[135.403954,34.83696],[135.403993,34.836844],[135.403998,34.836638],[135.403965,34.836556],[135.403904,34.836472],[135.403849,34.83641],[135.403846,34.836386],[135.403926,34.836197],[135.404002,34.836073],[135.404101,34.835951],[135.404204,34.835872],[135.404457,34.835752],[135.404505,34.835726],[135.404533,34.835702],[135.404554,34.835667],[135.404567,34.835587]],[[135.408626,34.83437],[135.408734,34.833934]],[[135.408734,34.833934],[135.408478,34.834101],[135.408444,34.834098],[135.408416,34.834098],[135.408382,34.834108],[135.40821,34.834227],[135.407915,34.834016],[135.407677,34.834178],[135.407136,34.833496],[135.407269,34.833391],[135.407291,34.833261],[135.407299,34.833175],[135.40731,34.833071],[135.407297,34.832995],[135.407275,34.832925],[135.407211,34.832827],[135.40741,34.832861],[135.40745,34.832864],[135.407479,34.832851],[135.407523,34.832814],[135.407618,34.832723],[135.407636,34.83271],[135.407696,34.832665],[135.407829,34.832603],[135.407978,34.832552],[135.408069,34.832531],[135.408138,34.832522],[135.408513,34.832513],[135.408533,34.832334],[135.409022,34.832321],[135.409481,34.83231],[135.4095,34.832292],[135.409513,34.832218],[135.409805,34.832142],[135.409849,34.832115],[135.409897,34.832003],[135.409932,34.831962],[135.409952,34.83194],[135.409975,34.831837],[135.410145,34.831876],[135.41027,34.83193],[135.410472,34.831995],[135.410656,34.832055],[135.41098,34.832158],[135.411077,34.832176],[135.411184,34.832183],[135.411603,34.832137],[135.41161,34.832293],[135.411861,34.832192],[135.411984,34.832147],[135.41209,34.832115],[135.412187,34.832097],[135.412289,34.832088],[135.412385,34.832085],[135.412465,34.832092],[135.412521,34.832103],[135.412575,34.832131],[135.41265,34.832177],[135.412815,34.83228],[135.413157,34.832427],[135.413221,34.832283],[135.413049,34.83221],[135.413008,34.832133],[135.412965,34.832084],[135.412853,34.831971],[135.412802,34.831882],[135.412533,34.831804],[135.412286,34.831743],[135.412279,34.831741],[135.412167,34.831721],[135.412002,34.831705],[135.411766,34.83169],[135.411543,34.831669],[135.411505,34.831665],[135.41073,34.831593],[135.410711,34.83161],[135.410638,34.831671],[135.410604,34.831678],[135.410571,34.831673],[135.410441,34.831635],[135.410395,34.831631],[135.410341,34.831644],[135.410263,34.831689],[135.41016,34.831814],[135.410006,34.831769],[135.410006,34.831503],[135.410044,34.831397],[135.410051,34.831365],[135.410041,34.831319],[135.410003,34.831241],[135.409966,34.831184],[135.409919,34.831149],[135.409874,34.83113],[135.40981,34.831121],[135.409734,34.831124],[135.409591,34.831151],[135.409582,34.831155],[135.409558,34.831164],[135.40952,34.831197],[135.409414,34.831297],[135.409371,34.831317],[135.409059,34.831426],[135.408898,34.831483],[135.408811,34.831525],[135.40876,34.831557],[135.40861,34.831653],[135.408383,34.831735],[135.408313,34.831763],[135.40819,34.831832],[135.408101,34.831899],[135.407967,34.832038],[135.407903,34.832112],[135.407861,34.832174],[135.407809,34.832247],[135.407785,34.832274],[135.407752,34.832296],[135.407731,34.83231],[135.407601,34.832396],[135.407174,34.83267],[135.407162,34.832677],[135.406959,34.832807],[135.406834,34.832775],[135.406735,34.832752],[135.406576,34.83272],[135.406517,34.832715],[135.406426,34.83272]],[[135.404567,34.835587],[135.405455,34.836356],[135.405491,34.83635],[135.405512,34.836355],[135.405587,34.836392],[135.405612,34.836398],[135.405635,34.836395],[135.405711,34.836377],[135.405739,34.83638],[135.405842,34.836394],[135.405871,34.836384],[135.40588,34.836345],[135.405901,34.836319],[135.405931,34.836302],[135.405966,34.836297],[135.406002,34.8363],[135.406061,34.836323],[135.406086,34.836325],[135.406144,34.83632],[135.406185,34.836323],[135.406286,34.836345],[135.40632,34.836346],[135.406348,34.836341],[135.406392,34.836315],[135.406426,34.836277],[135.406447,34.836269],[135.406515,34.836264],[135.406548,34.836256],[135.406587,34.836231],[135.406609,34.836207],[135.406738,34.836173],[135.406815,34.836145],[135.40691,34.836096],[135.407011,34.836025],[135.407064,34.835947],[135.407399,34.835724],[135.407453,34.835684],[135.407542,34.835619],[135.40764,34.835532],[135.407845,34.835309],[135.407891,34.835236],[135.407917,34.835195],[135.408171,34.834789],[135.408181,34.834761],[135.408184,34.834741],[135.408174,34.834696],[135.408166,34.834671],[135.40817,34.834644],[135.408221,34.834575],[135.408238,34.834538],[135.408295,34.834409],[135.408323,34.834389],[135.408358,34.834381],[135.408626,34.83437]],[[135.40778,34.837579],[135.407905,34.837364],[135.408026,34.837159],[135.408174,34.836904],[135.408475,34.836389],[135.408496,34.836351],[135.408871,34.835664],[135.408908,34.835586],[135.408927,34.835515],[135.408951,34.8354],[135.408967,34.835243],[135.40897,34.835152],[135.408961,34.835072],[135.408932,34.834964],[135.408873,34.834796],[135.408864,34.834774],[135.40883,34.834694],[135.408803,34.834647],[135.408778,34.834603],[135.408763,34.834583],[135.408721,34.834527],[135.408698,34.834489],[135.408626,34.83437]],[[135.401772,34.838208],[135.402084,34.838203],[135.402188,34.838188],[135.402452,34.838078],[135.402532,34.838069],[135.40271,34.838092],[135.402748,34.838091],[135.402809,34.838077],[135.402838,34.838084],[135.402887,34.838119],[135.402951,34.838144],[135.40301,34.838159],[135.403161,34.838162],[135.403213,34.83818],[135.403262,34.83821],[135.403277,34.838243],[135.403274,34.838314],[135.403232,34.838429],[135.403106,34.838706],[135.403101,34.838764],[135.403199,34.839024],[135.403255,34.839072],[135.403505,34.839144],[135.403577,34.839162],[135.403659,34.839202],[135.40384,34.839369],[135.403906,34.839418],[135.403953,34.839427],[135.40399,34.839423],[135.404032,34.839403],[135.404049,34.839369],[135.404054,34.839304],[135.404058,34.839171],[135.404072,34.839067],[135.404101,34.838977],[135.404141,34.838903],[135.40421,34.838825]],[[135.40421,34.838825],[135.404217,34.838739],[135.404242,34.838691],[135.404289,34.838644],[135.404518,34.838412],[135.404545,34.838376],[135.404561,34.838306],[135.404602,34.838134],[135.404652,34.838032],[135.404739,34.837886],[135.404844,34.837768],[135.404945,34.837679],[135.405011,34.83765],[135.405086,34.837635],[135.4052,34.837629],[135.406522,34.837688],[135.406627,34.837691],[135.407181,34.837708],[135.407392,34.837706],[135.407508,34.837695],[135.407612,34.837667],[135.407707,34.837626],[135.407753,34.837597],[135.40778,34.837579]],[[135.40778,34.837579],[135.408326,34.837321],[135.408529,34.837256],[135.408724,34.837217],[135.40912,34.837168],[135.409184,34.837406],[135.409235,34.837558],[135.409253,34.837654],[135.409299,34.837637],[135.409319,34.837631],[135.409337,34.837624],[135.409351,34.837613],[135.409361,34.8376],[135.409371,34.837581],[135.409411,34.837493],[135.409414,34.837486],[135.40948,34.837459],[135.409857,34.837302]],[[135.409857,34.837302],[135.409795,34.837228],[135.410121,34.836941],[135.410167,34.836907],[135.410298,34.836824],[135.410148,34.836461],[135.41015,34.836433],[135.410373,34.835836],[135.410389,34.835819],[135.410651,34.835605],[135.410666,34.835578],[135.410663,34.835511],[135.410668,34.835491],[135.410732,34.835443],[135.41077,34.835401],[135.410811,34.835282],[135.410809,34.835259],[135.410795,34.83524],[135.410551,34.835144],[135.410636,34.83507],[135.410691,34.835014],[135.410724,34.834965],[135.410752,34.834909],[135.410773,34.834847],[135.410794,34.834742],[135.410835,34.834437],[135.410838,34.83441],[135.410927,34.834374],[135.410795,34.83405],[135.41075,34.833923],[135.410566,34.833411],[135.410545,34.833353],[135.410229,34.833381],[135.410062,34.833396],[135.409973,34.833405],[135.409943,34.833409],[135.409725,34.833509],[135.409558,34.833593],[135.409455,34.833654],[135.409173,34.833828],[135.409097,34.83389],[135.408845,34.833657],[135.40878,34.833758],[135.408734,34.833934]],[[135.410145,34.837651],[135.409857,34.837302]],[[135.40421,34.838825],[135.404583,34.839182],[135.404613,34.839231],[135.407186,34.839453]],[[135.407186,34.839453],[135.407343,34.839264],[135.407469,34.839243],[135.407817,34.839182],[135.407842,34.839019],[135.408281,34.839023],[135.408438,34.839026],[135.408621,34.83903],[135.408667,34.839032],[135.408866,34.838927],[135.409164,34.838765],[135.409329,34.838676],[135.409407,34.838633],[135.409501,34.838503],[135.409671,34.838249],[135.409736,34.838143],[135.40984,34.837989],[135.40986,34.837958],[135.410145,34.837651]],[[135.407186,34.839453],[135.407364,34.839516],[135.407469,34.839575],[135.407674,34.839768],[135.407718,34.839826],[135.408258,34.8408],[135.408928,34.842075],[135.408945,34.842114],[135.409009,34.842487]],[[135.409009,34.842487],[135.409367,34.84249],[135.409886,34.842494],[135.41035,34.842311],[135.410744,34.84215],[135.410786,34.842139],[135.411268,34.84202],[135.411137,34.841779],[135.411551,34.841646],[135.411795,34.841531],[135.411766,34.841478],[135.411733,34.841453],[135.411674,34.841433],[135.411547,34.841411],[135.411478,34.841412],[135.411465,34.841412],[135.411188,34.841488],[135.411083,34.841233],[135.411359,34.84116],[135.411482,34.841101],[135.411578,34.841053],[135.411688,34.840999],[135.411699,34.840957],[135.411592,34.84073],[135.411573,34.84073],[135.410689,34.840726],[135.410583,34.840735],[135.410545,34.840739],[135.410128,34.840799],[135.410088,34.840784],[135.410084,34.84076],[135.410084,34.840667],[135.410115,34.840564],[135.41016,34.840437],[135.4103,34.840041],[135.410544,34.839347],[135.410556,34.839312],[135.410512,34.839302],[135.410783,34.838517],[135.411057,34.837725],[135.410623,34.837609],[135.410336,34.837533],[135.410313,34.837536],[135.410145,34.837651]],[[135.397643,34.835495],[135.397804,34.835393],[135.39789,34.835338],[135.397953,34.835314],[135.398051,34.835285],[135.398177,34.835272],[135.398329,34.835284],[135.39888,34.835389],[135.399144,34.835434]],[[135.400861,34.833961],[135.400309,34.833766],[135.398698,34.833943],[135.39869,34.833943],[135.398573,34.833726],[135.39855,34.833648],[135.398522,34.833523],[135.398502,34.833473],[135.398469,34.833418],[135.3984,34.83336],[135.398321,34.833333],[135.398051,34.833274],[135.397909,34.833253],[135.397798,34.833248],[135.397654,34.83326],[135.397507,34.833283],[135.397403,34.833308],[135.397342,34.833345],[135.397214,34.833516],[135.397203,34.833572],[135.39721,34.834233],[135.397204,34.834339],[135.397189,34.834375],[135.397135,34.834402],[135.397069,34.834417],[135.39689,34.834456],[135.396824,34.834482],[135.396788,34.834513],[135.396763,34.834555],[135.396334,34.834407],[135.396247,34.834625],[135.396194,34.834583],[135.396145,34.8346],[135.396056,34.834629],[135.395947,34.83468],[135.3958,34.834764],[135.395677,34.834835],[135.395574,34.834878],[135.395446,34.834927],[135.395361,34.834967],[135.395282,34.835019],[135.395185,34.835093],[135.395113,34.83514],[135.39502,34.835184],[135.394777,34.835276],[135.394607,34.835307],[135.394373,34.835347],[135.394255,34.835446],[135.39404,34.835487],[135.393926,34.83554],[135.393868,34.835563],[135.393607,34.835571],[135.393619,34.835645],[135.393616,34.835706],[135.393675,34.835719],[135.393747,34.835708],[135.393746,34.83571],[135.393692,34.835799],[135.39363,34.835858],[135.393608,34.835925],[135.393602,34.835992],[135.39358,34.836045],[135.393618,34.836125]],[[135.393618,34.836125],[135.393776,34.836114],[135.393822,34.836111],[135.393855,34.836109],[135.394469,34.836084],[135.394467,34.836276],[135.394986,34.83625],[135.395118,34.836563],[135.395196,34.836545],[135.395266,34.836536],[135.395241,34.836486],[135.395233,34.836469],[135.395213,34.836422],[135.395323,34.836391],[135.3955,34.836344],[135.395498,34.836337],[135.395469,34.836251],[135.395442,34.836168],[135.395673,34.836103],[135.395685,34.836116],[135.395696,34.836127],[135.395699,34.83613],[135.395831,34.83609],[135.395834,34.836093],[135.395856,34.836119],[135.396179,34.83602],[135.396198,34.835992],[135.396229,34.835944],[135.396256,34.835922],[135.396301,34.835906],[135.396386,34.835878],[135.396326,34.835731],[135.396565,34.835651],[135.396795,34.835554],[135.396828,34.835537],[135.397366,34.835255],[135.397643,34.835495]],[[135.394039,34.835745],[135.394089,34.835689],[135.39414,34.835646],[135.394201,34.835645],[135.394243,34.835664],[135.394237,34.835703],[135.394196,34.835746],[135.394053,34.835842],[135.394042,34.83595],[135.39377,34.835977],[135.393747,34.835953],[135.393797,34.835828],[135.393841,34.835823],[135.39394,34.835809],[135.394039,34.835745]],[[135.397643,34.835495],[135.397882,34.835741],[135.397895,34.835754],[135.397452,34.836178],[135.397259,34.836232],[135.397195,34.836253],[135.396942,34.836365],[135.396911,34.836357],[135.396901,34.836351],[135.396875,34.836335],[135.396814,34.836267],[135.396758,34.83625],[135.396726,34.836241],[135.396715,34.836241],[135.396565,34.836248],[135.396449,34.836249],[135.396383,34.836277],[135.396353,34.836288],[135.395996,34.836417],[135.395772,34.83649],[135.395532,34.836552],[135.395515,34.836556],[135.395287,34.836614],[135.395272,34.836618],[135.395285,34.836657],[135.395165,34.836693],[135.395112,34.836709],[135.395109,34.83671],[135.395137,34.836823],[135.394915,34.836886],[135.394584,34.837042],[135.39456,34.837046],[135.394396,34.837039],[135.394361,34.837051],[135.394343,34.837074],[135.394325,34.837197],[135.394304,34.837216],[135.394277,34.837226],[135.394217,34.837222],[135.394018,34.837205],[135.393906,34.837215],[135.393852,34.837228],[135.39381,34.837257],[135.393798,34.8373],[135.393816,34.837516],[135.393838,34.837578],[135.393867,34.837644],[135.394056,34.83785],[135.394086,34.837905],[135.394129,34.838125],[135.394155,34.838148],[135.394236,34.838173],[135.394299,34.838209],[135.394371,34.838265],[135.394425,34.838277],[135.394582,34.838255],[135.394724,34.838376],[135.394774,34.838397],[135.394891,34.838436],[135.394948,34.83848],[135.394974,34.838517],[135.394998,34.838584],[135.395011,34.838644],[135.395031,34.838756]],[[135.395031,34.838756],[135.39569,34.838888],[135.396773,34.838678],[135.396795,34.83881],[135.396815,34.838863]],[[135.396815,34.838863],[135.396858,34.838923],[135.39687,34.839057],[135.396904,34.839176],[135.396988,34.839127]],[[135.396988,34.839127],[135.397106,34.839059],[135.397179,34.839019],[135.397313,34.838944],[135.397359,34.838905],[135.397382,34.838878],[135.397395,34.838827],[135.397399,34.838736],[135.397425,34.838652],[135.397451,34.838613],[135.397564,34.838514],[135.39767,34.838442],[135.398029,34.838262],[135.398326,34.838041],[135.398164,34.837868],[135.397597,34.837216],[135.397871,34.837013],[135.3986,34.836539]],[[135.39222,34.837949],[135.392211,34.837824],[135.392159,34.837642],[135.392744,34.83756],[135.392953,34.837507],[135.392903,34.837492],[135.392758,34.837449],[135.39271,34.83742],[135.392688,34.83739],[135.392681,34.837315],[135.392672,34.837187],[135.392648,34.837066],[135.39263,34.836981],[135.392618,34.836936],[135.392582,34.836893],[135.392536,34.836875],[135.39247,34.836874],[135.392332,34.836891],[135.392221,34.83692],[135.392142,34.83696],[135.392085,34.836979],[135.391161,34.837076],[135.391157,34.836884],[135.390878,34.836681],[135.390874,34.836911],[135.390851,34.837041],[135.390803,34.837231],[135.390753,34.837384],[135.390731,34.837464],[135.390724,34.837506],[135.390616,34.838254],[135.39058,34.838385],[135.390518,34.838512],[135.390452,34.838608],[135.390391,34.838688],[135.390071,34.839041],[135.389836,34.838891],[135.389868,34.838779],[135.389881,34.838708],[135.389906,34.838475],[135.389935,34.838415],[135.389975,34.838373],[135.390181,34.838221],[135.390255,34.838148],[135.390291,34.838092],[135.390308,34.83803],[135.390341,34.837738],[135.390536,34.837535],[135.390567,34.83749],[135.390592,34.83741],[135.390544,34.837406],[135.390555,34.837385],[135.390638,34.837149],[135.390671,34.837101],[135.39065,34.837053],[135.39068,34.836988],[135.390618,34.836979],[135.390603,34.836977],[135.390518,34.836969],[135.390523,34.836948],[135.390636,34.836403],[135.390695,34.836373],[135.390695,34.836333],[135.390695,34.836261],[135.390677,34.836207],[135.390639,34.836145],[135.390593,34.836081],[135.390534,34.836028],[135.390511,34.836009],[135.390488,34.83599],[135.390426,34.835957],[135.390315,34.835929],[135.390125,34.835765],[135.390053,34.835854],[135.389903,34.83581],[135.38985,34.835793],[135.389926,34.83568],[135.389863,34.835617],[135.38969,34.835583],[135.389644,34.835657],[135.389571,34.835594],[135.389478,34.835486],[135.389459,34.835404],[135.389441,34.835321],[135.38942,34.835128]],[[135.38942,34.835128],[135.389097,34.835088],[135.388966,34.835087],[135.388896,34.835096],[135.388772,34.835158],[135.388618,34.835253],[135.388451,34.835386],[135.388277,34.835486],[135.388197,34.835527],[135.388118,34.835557],[135.388027,34.835589],[135.387821,34.835637],[135.387744,34.835637],[135.387673,34.835625],[135.387595,34.835594],[135.387567,34.835571],[135.387534,34.835521],[135.387508,34.83549],[135.387468,34.835471],[135.387426,34.835468],[135.387367,34.835479],[135.387322,34.835489],[135.387292,34.835549],[135.387316,34.835581],[135.387454,34.835692],[135.387525,34.835758],[135.387616,34.835859],[135.387673,34.835933],[135.387708,34.836025],[135.38773,34.836102],[135.387731,34.836214],[135.38771,34.836605],[135.387827,34.836729],[135.387921,34.836836],[135.388036,34.836936],[135.388088,34.836991],[135.38826,34.837244],[135.388437,34.837521],[135.388464,34.837588],[135.388491,34.837682],[135.388546,34.837886],[135.388539,34.837929],[135.388535,34.837957],[135.388573,34.838113],[135.388567,34.838176],[135.388544,34.838233],[135.388497,34.838265],[135.388268,34.838385],[135.388224,34.838419],[135.388201,34.838468],[135.388185,34.838546],[135.388185,34.838698],[135.388194,34.838935],[135.388184,34.838996],[135.388169,34.839038],[135.388109,34.839116],[135.38803,34.839224],[135.387991,34.83926],[135.387876,34.839341],[135.387868,34.839376],[135.387872,34.839395],[135.387898,34.839412],[135.38795,34.839423],[135.388165,34.839436],[135.388145,34.839513],[135.388165,34.839531]],[[135.388165,34.839531],[135.388548,34.83985],[135.389009,34.839754],[135.389107,34.839705],[135.390197,34.839103],[135.390457,34.83892],[135.390607,34.838726],[135.39064,34.838665],[135.390663,34.83859],[135.390705,34.838374],[135.390722,34.838346],[135.390755,34.838313],[135.391192,34.83809],[135.391239,34.838058],[135.391363,34.837942],[135.39222,34.837949]],[[135.368755,34.830054],[135.368812,34.829954],[135.36891,34.8298],[135.369,34.829682],[135.369069,34.829593],[135.369151,34.829508],[135.369345,34.829318],[135.369663,34.829026]],[[135.365175,34.830497],[135.365323,34.830438],[135.365332,34.830549],[135.36537,34.830598],[135.365385,34.830628],[135.365386,34.830672],[135.365431,34.830745],[135.365462,34.830788],[135.365507,34.830819],[135.365575,34.830874],[135.365636,34.830922],[135.365659,34.830972],[135.365675,34.831083],[135.36569,34.831118],[135.365724,34.831229],[135.365716,34.831361]],[[135.365716,34.831361],[135.365802,34.831365],[135.365936,34.831374],[135.366042,34.831376],[135.366397,34.831375],[135.366759,34.831374],[135.366846,34.831373],[135.366976,34.831363],[135.367119,34.831348],[135.367727,34.831288]],[[135.367727,34.831288],[135.367657,34.830832],[135.367614,34.830551],[135.367579,34.830322],[135.367697,34.83029],[135.367779,34.830246],[135.367826,34.830196],[135.367865,34.830127],[135.367873,34.830079],[135.367868,34.830008],[135.367848,34.829946],[135.367838,34.829929],[135.368755,34.830054]],[[135.366802,34.834534],[135.367182,34.833773]],[[135.367182,34.833773],[135.367659,34.832779],[135.367705,34.832678],[135.3682,34.831617]],[[135.3682,34.831617],[135.368319,34.83123]],[[135.368319,34.83123],[135.367727,34.831288]],[[135.365716,34.831361],[135.365677,34.831359],[135.365482,34.831344],[135.36479,34.831294],[135.364412,34.831266],[135.364236,34.831259],[135.364075,34.831254],[135.364052,34.831254],[135.363952,34.831256],[135.363763,34.831263],[135.363654,34.831269],[135.36313,34.831299],[135.363033,34.831306],[135.363031,34.831306],[135.362583,34.831333],[135.362448,34.831354],[135.362319,34.831397],[135.36219,34.83145],[135.362085,34.831521],[135.361957,34.831628],[135.361865,34.831736],[135.361808,34.831847],[135.361779,34.831914],[135.361744,34.832023],[135.361697,34.832511],[135.36169,34.832683],[135.361694,34.832769],[135.36172,34.832861],[135.361757,34.832941]],[[135.361757,34.832941],[135.361861,34.832984],[135.361915,34.833039],[135.361961,34.83307],[135.361994,34.833092],[135.361999,34.833094],[135.362102,34.833153],[135.362281,34.833248],[135.362335,34.833277],[135.362573,34.833391],[135.362621,34.833414],[135.362682,34.833444],[135.362888,34.833528],[135.362961,34.833559],[135.363267,34.833672],[135.363293,34.833681],[135.363596,34.833786],[135.363644,34.833802],[135.363926,34.833897],[135.364246,34.834003]],[[135.364246,34.834003],[135.364254,34.834006],[135.364574,34.834105],[135.364941,34.834218],[135.365002,34.834237],[135.365215,34.834299],[135.365441,34.834205],[135.366211,34.83439],[135.366649,34.834497],[135.366802,34.834534]],[[135.362488,34.828748],[135.362409,34.828835],[135.362335,34.828955],[135.362325,34.829],[135.362314,34.829044],[135.362334,34.829231],[135.362332,34.829297],[135.362311,34.829355],[135.362282,34.829402],[135.362243,34.829433],[135.362176,34.829454],[135.361515,34.829497],[135.361305,34.829517],[135.361144,34.829545],[135.360962,34.829597],[135.360815,34.829665],[135.360653,34.829781],[135.360204,34.830082],[135.360192,34.830133],[135.360195,34.830179],[135.360345,34.830386],[135.360368,34.830448],[135.360371,34.83049],[135.360355,34.830533],[135.360236,34.830758],[135.360237,34.830785],[135.360248,34.831075],[135.360571,34.831198],[135.361402,34.831908],[135.361439,34.831967],[135.361483,34.832068],[135.361479,34.83281],[135.361539,34.832839]],[[135.361539,34.832839],[135.361688,34.832913],[135.361757,34.832941]],[[135.359796,34.837087],[135.359915,34.836964],[135.360119,34.836985],[135.360127,34.836922],[135.360149,34.836853],[135.360185,34.836794],[135.360238,34.836726],[135.36057,34.8364],[135.360888,34.836076],[135.361045,34.835922],[135.361155,34.835828],[135.361237,34.835764],[135.361309,34.835718],[135.361412,34.835674],[135.361493,34.835659],[135.361601,34.835648],[135.36173,34.835657],[135.361817,34.835681],[135.361901,34.835717],[135.362013,34.835783],[135.362478,34.836045],[135.363692,34.836694]],[[135.363692,34.836694],[135.364017,34.835979],[135.364057,34.835891],[135.364172,34.835645],[135.364275,34.835423],[135.36429,34.835388],[135.364396,34.835043],[135.364492,34.834692],[135.364514,34.834616],[135.364523,34.83455],[135.36452,34.834454],[135.364491,34.834348],[135.364446,34.834251],[135.364379,34.834158],[135.364246,34.834003]],[[135.361539,34.832839],[135.361401,34.832836],[135.361341,34.832904],[135.361026,34.832837],[135.360974,34.832959],[135.360997,34.833105],[135.361049,34.83322],[135.360711,34.833597],[135.360567,34.83355],[135.36043,34.833626],[135.360397,34.833763],[135.36031,34.833781],[135.36006,34.833834],[135.359735,34.834364],[135.359606,34.834424],[135.359561,34.834671],[135.359532,34.834818],[135.359509,34.834898],[135.359486,34.834959],[135.359463,34.834999],[135.359435,34.835033],[135.359341,34.835092],[135.359298,34.835126],[135.359275,34.835166],[135.359263,34.835207],[135.359263,34.835266],[135.359284,34.83532],[135.359386,34.835481],[135.359417,34.835502],[135.359459,34.8355],[135.359465,34.836034],[135.359201,34.83616],[135.359185,34.836213],[135.359073,34.836606]],[[135.359073,34.836606],[135.359313,34.836771],[135.359616,34.836974],[135.359796,34.837087]],[[135.363692,34.836694],[135.36357,34.836945],[135.363495,34.837097],[135.363342,34.83741],[135.363122,34.837857],[135.363074,34.837985],[135.363048,34.838111],[135.363042,34.838261],[135.363049,34.83836],[135.363069,34.838472],[135.363102,34.838579],[135.363134,34.838653],[135.363181,34.838741],[135.363223,34.838811],[135.363277,34.838877],[135.363299,34.838902],[135.363342,34.83895],[135.363433,34.839035],[135.363531,34.839108],[135.363536,34.839111],[135.363648,34.839177],[135.363742,34.83922],[135.36387,34.839271],[135.363898,34.83928],[135.364168,34.839367],[135.364216,34.839387]],[[135.364216,34.839387],[135.364279,34.83925],[135.364377,34.839073],[135.364518,34.83882],[135.364679,34.838574],[135.364714,34.838512],[135.364885,34.838214],[135.365122,34.837798]],[[135.365122,34.837798],[135.365721,34.836684],[135.366096,34.835945],[135.366115,34.835904]],[[135.366115,34.835904],[135.366241,34.835636],[135.366336,34.835438],[135.366652,34.834825],[135.366802,34.834534]],[[135.359796,34.837087],[135.359777,34.837109],[135.359866,34.837472],[135.35989,34.837518],[135.359942,34.837573],[135.360914,34.838275],[135.360894,34.8383],[135.360869,34.838331],[135.360775,34.838429],[135.36069,34.838515],[135.360639,34.838574],[135.360593,34.838653]],[[135.360593,34.838653],[135.360569,34.838721],[135.360565,34.83879],[135.360566,34.838871],[135.360577,34.838938],[135.360637,34.83918],[135.360672,34.83932],[135.360693,34.839429],[135.36072,34.839526],[135.360736,34.839635]],[[135.360736,34.839635],[135.360735,34.839724],[135.360717,34.839947],[135.360714,34.840124],[135.360723,34.840193],[135.360743,34.840269],[135.360783,34.840352],[135.360834,34.840433],[135.360879,34.840484],[135.360947,34.840561],[135.361034,34.840651],[135.361131,34.840738],[135.361256,34.840819],[135.361357,34.840881],[135.361472,34.840936],[135.361634,34.840991],[135.361803,34.84102],[135.361979,34.841037]],[[135.361979,34.841037],[135.362149,34.841047],[135.362312,34.84105],[135.362469,34.841051],[135.362485,34.841051],[135.36267,34.841036],[135.362754,34.841022],[135.362919,34.840971],[135.363276,34.840833],[135.363531,34.840725],[135.363593,34.840684],[135.363684,34.840618],[135.36374,34.840558]],[[135.36374,34.840558],[135.363769,34.840515],[135.363801,34.840455],[135.363834,34.840373],[135.363908,34.840168],[135.363942,34.840072],[135.36409,34.839663],[135.364216,34.839387]],[[135.357707,34.840702],[135.357882,34.840153],[135.358036,34.840175],[135.358439,34.840061],[135.358625,34.839997],[135.358719,34.83997],[135.358809,34.839963],[135.358869,34.839948],[135.358917,34.839918],[135.358949,34.839875],[135.35897,34.839802],[135.358973,34.839656],[135.358988,34.839591],[135.359019,34.83953],[135.359066,34.839472],[135.359155,34.839404],[135.359345,34.839277],[135.359456,34.839198],[135.359494,34.83916],[135.359525,34.839127],[135.359555,34.839095],[135.359719,34.839129],[135.359774,34.839135],[135.359824,34.839129],[135.35986,34.839109],[135.359873,34.839073],[135.359864,34.839021],[135.359846,34.83896],[135.359701,34.838709],[135.359868,34.838573],[135.360593,34.838653]],[[135.359073,34.836606],[135.35884,34.836915],[135.358751,34.836994],[135.358681,34.837026],[135.358623,34.83706],[135.358448,34.837179],[135.358367,34.837248],[135.358319,34.837305],[135.358282,34.83737],[135.358259,34.837426],[135.358243,34.837522],[135.358243,34.837523],[135.358247,34.837733],[135.358252,34.83781],[135.358266,34.837878],[135.358323,34.838056],[135.35833,34.838076],[135.358024,34.838462],[135.357974,34.838498],[135.357384,34.8388],[135.35732,34.838842],[135.35728,34.838879],[135.357258,34.838912],[135.357238,34.838964],[135.357201,34.83916],[135.357063,34.839859],[135.356998,34.840124],[135.357097,34.840181],[135.357293,34.840295],[135.35748,34.840409],[135.357584,34.840488],[135.357624,34.840535],[135.357662,34.840581],[135.357689,34.840639],[135.357707,34.840702]],[[135.368319,34.83123],[135.368547,34.830598],[135.368621,34.830367],[135.368664,34.830255],[135.368697,34.830167],[135.368755,34.830054]],[[135.3682,34.831617],[135.368569,34.831745],[135.369581,34.832111],[135.369604,34.832079],[135.369637,34.83205],[135.369683,34.832018],[135.369764,34.831987],[135.369832,34.831986],[135.369907,34.832004],[135.370454,34.832204],[135.370365,34.832362],[135.370575,34.832438],[135.370684,34.832477]],[[135.370684,34.832477],[135.370702,34.832418],[135.370757,34.832338],[135.370847,34.832286],[135.370952,34.832071],[135.37189,34.832397],[135.373478,34.829311],[135.371677,34.829001],[135.370836,34.829932],[135.370848,34.829838],[135.370852,34.829807],[135.370859,34.829753],[135.370845,34.829652],[135.370796,34.82946],[135.370792,34.829442],[135.370787,34.829365],[135.370806,34.829264],[135.370866,34.829149],[135.370899,34.829083],[135.37094,34.828947],[135.37097,34.828746],[135.371113,34.828675],[135.371251,34.828591],[135.371389,34.828494],[135.371473,34.828427]],[[135.367182,34.833773],[135.367522,34.833887],[135.368438,34.834205],[135.368461,34.834179],[135.368495,34.834154],[135.368536,34.834132],[135.368586,34.834112],[135.368647,34.834104],[135.368716,34.834112],[135.368808,34.834135],[135.369273,34.834291],[135.369351,34.834322],[135.369517,34.834383],[135.370045,34.834579]],[[135.370045,34.834579],[135.370142,34.83427],[135.370255,34.834258],[135.370327,34.834222],[135.370225,34.83396],[135.370208,34.833817],[135.370221,34.83371],[135.370244,34.833615],[135.370278,34.833535],[135.37033,34.833467],[135.370391,34.8334],[135.370477,34.833328],[135.370599,34.833248],[135.370663,34.833209],[135.371052,34.833122],[135.371083,34.833106],[135.371159,34.832934],[135.371152,34.832905],[135.371105,34.832871],[135.370992,34.832824],[135.370825,34.832785],[135.370784,34.832752],[135.370721,34.832659],[135.370691,34.832586],[135.370684,34.832545],[135.370684,34.832477]],[[135.371143,34.836468],[135.369806,34.835892],[135.369547,34.835628],[135.369427,34.835509],[135.369421,34.835485],[135.369423,34.83547],[135.369425,34.835458],[135.369439,34.835441],[135.369465,34.835425],[135.369738,34.835263],[135.36975,34.835251],[135.369764,34.835236],[135.369977,34.834966],[135.370185,34.834703],[135.370162,34.834624],[135.370045,34.834579]],[[135.366115,34.835904],[135.366463,34.836028],[135.367259,34.836304],[135.367327,34.836264],[135.36738,34.836242],[135.367434,34.836222],[135.367485,34.83621],[135.367559,34.836209],[135.367614,34.836217],[135.367661,34.83623],[135.368137,34.836419],[135.36816,34.836428],[135.368922,34.836725],[135.368844,34.836871],[135.369189,34.837001],[135.369541,34.837127],[135.369898,34.837255],[135.370255,34.837387],[135.370497,34.837478],[135.370591,34.837696],[135.370619,34.837711],[135.370672,34.83772]],[[135.370672,34.83772],[135.370559,34.837415],[135.37055,34.837371],[135.370555,34.837323],[135.370673,34.83709],[135.370697,34.837062],[135.370722,34.837047],[135.370831,34.837013],[135.370899,34.836908],[135.370939,34.83687],[135.370979,34.836841],[135.371097,34.836766],[135.371128,34.836721],[135.371142,34.836675],[135.371149,34.836608],[135.371143,34.836468]],[[135.365122,34.837798],[135.36561,34.837965],[135.366222,34.838179],[135.367235,34.838561],[135.368715,34.839124],[135.369454,34.839565],[135.369572,34.839634],[135.369979,34.839874],[135.370062,34.83987]],[[135.370062,34.83987],[135.370021,34.839821],[135.36994,34.839688],[135.369894,34.839583],[135.369868,34.839387],[135.369936,34.839241],[135.370064,34.838948],[135.370198,34.838651],[135.370343,34.838327],[135.370724,34.838046],[135.370755,34.83802],[135.370765,34.837995],[135.370762,34.837964],[135.370672,34.83772]],[[135.364216,34.839387],[135.365287,34.83977],[135.366159,34.840091],[135.366365,34.840164],[135.367326,34.840518],[135.367491,34.840583],[135.369082,34.841373]],[[135.369082,34.841373],[135.369414,34.841039],[135.369559,34.840894],[135.369944,34.840524],[135.37005,34.840413],[135.370137,34.840298],[135.3702,34.840205],[135.370211,34.840175],[135.370224,34.84014],[135.370229,34.8401],[135.370218,34.840051]],[[135.370218,34.840051],[135.370191,34.840003],[135.370124,34.839934],[135.370062,34.83987]],[[135.36374,34.840558],[135.363804,34.840748],[135.36382,34.840767],[135.363848,34.840784],[135.363903,34.840798],[135.364523,34.840951],[135.364887,34.841045],[135.364937,34.841071],[135.364967,34.841104],[135.364987,34.841139],[135.365001,34.84117],[135.365004,34.841184],[135.365012,34.841216],[135.365032,34.841579],[135.365032,34.841705],[135.365025,34.841808],[135.365002,34.841956],[135.36487,34.842192],[135.364846,34.842225],[135.365511,34.842304],[135.365581,34.842047],[135.366126,34.842096],[135.367217,34.8422],[135.367519,34.842229],[135.367318,34.842796],[135.367823,34.842891],[135.368151,34.842953],[135.368325,34.842529]],[[135.368325,34.842529],[135.368452,34.842218],[135.368543,34.842026],[135.368558,34.842001],[135.368651,34.841851],[135.368686,34.841794],[135.368701,34.841769],[135.368754,34.8417],[135.368814,34.841635],[135.368861,34.841589],[135.369007,34.841448],[135.369082,34.841373]],[[135.360736,34.839635],[135.36055,34.839649],[135.360518,34.839712],[135.360271,34.839817],[135.360192,34.839819],[135.36018,34.840111],[135.360175,34.840453],[135.36015,34.840491],[135.360114,34.840515],[135.360045,34.840517],[135.359829,34.840421],[135.359824,34.840555],[135.359805,34.840901],[135.359392,34.841003],[135.359346,34.841024],[135.359313,34.841044],[135.359284,34.841079],[135.359272,34.841111],[135.359239,34.84126],[135.359223,34.841305],[135.35919,34.841354],[135.358916,34.841688],[135.358883,34.841708],[135.358752,34.841735],[135.358711,34.841756],[135.358671,34.841793],[135.358643,34.841834],[135.358631,34.841882],[135.358635,34.84193],[135.358671,34.842],[135.35878,34.842184],[135.35884,34.842294],[135.35885,34.842332],[135.358851,34.842401],[135.35884,34.842456],[135.358788,34.842531],[135.359307,34.842532],[135.360508,34.842545],[135.360613,34.842812],[135.360655,34.842872],[135.360687,34.842897],[135.360736,34.842907],[135.360794,34.842891],[135.361059,34.842752],[135.36121,34.842668],[135.361342,34.842584],[135.361399,34.84257],[135.361461,34.842575],[135.36152,34.84259],[135.361587,34.842623],[135.361702,34.842686],[135.362305,34.842669],[135.362213,34.842176],[135.3622,34.842122],[135.362169,34.842046],[135.36212,34.84199],[135.362013,34.841877],[135.361907,34.84179],[135.361882,34.841763],[135.361863,34.841722],[135.361862,34.841628],[135.361857,34.841553],[135.361853,34.841372],[135.361979,34.841037]],[[135.378529,34.82845],[135.37853,34.828448],[135.378542,34.828363],[135.378583,34.828151],[135.378633,34.828018],[135.378636,34.828012]],[[135.378636,34.828012],[135.37869,34.827898],[135.378756,34.827792],[135.378836,34.82768],[135.37905,34.827486],[135.379212,34.82737],[135.379375,34.827274],[135.37959,34.827187],[135.379615,34.827166],[135.379627,34.827133],[135.379578,34.826988],[135.379538,34.826926],[135.379474,34.826859],[135.379307,34.826732],[135.379369,34.826663]],[[135.375362,34.826893],[135.375402,34.826991],[135.375468,34.827169],[135.375498,34.827293],[135.375488,34.82736],[135.375457,34.82742],[135.375381,34.827483],[135.375199,34.827622],[135.37515,34.827669],[135.375126,34.827725],[135.375131,34.827788],[135.375176,34.8279],[135.375182,34.827952],[135.375159,34.827986],[135.375128,34.827993],[135.375085,34.827988],[135.374944,34.827946],[135.374877,34.82794],[135.37482,34.827944],[135.37476,34.827961],[135.374697,34.828008],[135.374629,34.828108],[135.374601,34.828175],[135.374598,34.828266],[135.374617,34.828402],[135.374655,34.828487],[135.374728,34.828582],[135.374747,34.82862],[135.374754,34.828654],[135.374746,34.828701],[135.374718,34.828758]],[[135.374718,34.828758],[135.375409,34.828823],[135.375477,34.828734],[135.375553,34.828681],[135.375624,34.828656],[135.375695,34.828656],[135.37576,34.828675],[135.37583,34.828716],[135.375876,34.828768],[135.375914,34.828853],[135.376027,34.828859],[135.376704,34.828928],[135.378127,34.829057],[135.378437,34.829088]],[[135.378437,34.829088],[135.378494,34.828693]],[[135.378494,34.828693],[135.378498,34.828666],[135.378498,34.828662],[135.378529,34.82845]],[[135.374718,34.828758],[135.374633,34.828858],[135.374584,34.828915],[135.374521,34.829058],[135.374462,34.82914],[135.374444,34.829186],[135.374463,34.829343],[135.374455,34.829423],[135.374445,34.829466],[135.374413,34.829494],[135.374362,34.829515],[135.374222,34.829505],[135.374179,34.829517],[135.374132,34.829536],[135.373752,34.829904],[135.373707,34.829942],[135.373655,34.829961],[135.373555,34.829987],[135.373386,34.830028],[135.373283,34.830075],[135.373205,34.830109],[135.373162,34.830161],[135.373145,34.830243],[135.373159,34.830457],[135.373159,34.830531],[135.373147,34.830609],[135.373083,34.830764],[135.373061,34.830842],[135.373065,34.830933],[135.373088,34.831009],[135.37313,34.831076],[135.373238,34.831178],[135.373284,34.831245],[135.373308,34.831304],[135.37332,34.831361],[135.37337,34.831827],[135.373378,34.832068]],[[135.373378,34.832068],[135.374474,34.83225],[135.375071,34.832246],[135.375426,34.83228],[135.375889,34.832332],[135.376105,34.832362],[135.3763,34.832381],[135.376529,34.832392],[135.3767,34.832394],[135.376863,34.832384],[135.377354,34.832318],[135.377384,34.832314]],[[135.377384,34.832314],[135.377867,34.832258]],[[135.377867,34.832258],[135.377835,34.832024],[135.377822,34.831849],[135.377818,34.831659],[135.377831,34.8315],[135.377839,34.831335],[135.377881,34.831141],[135.377909,34.831011],[135.377967,34.83082],[135.378062,34.830577],[135.378182,34.830326],[135.37825,34.830162],[135.378306,34.830034],[135.378337,34.829922],[135.378363,34.829793],[135.378392,34.829523],[135.378437,34.829088]],[[135.373378,34.832068],[135.373333,34.832568],[135.373303,34.832944],[135.373286,34.83317],[135.373261,34.833499],[135.373239,34.833812],[135.373213,34.834036],[135.373168,34.834237],[135.373077,34.834521],[135.372982,34.834717]],[[135.372982,34.834717],[135.373551,34.834923]],[[135.373551,34.834923],[135.374967,34.835436]],[[135.374967,34.835436],[135.375207,34.835364],[135.375436,34.8353],[135.375642,34.835254],[135.375811,34.835235],[135.375951,34.835227],[135.376077,34.835242],[135.37619,34.83528],[135.376349,34.835358],[135.376361,34.835363],[135.376727,34.835584],[135.376982,34.835737],[135.377123,34.835822]],[[135.377123,34.835822],[135.377149,34.835778],[135.377213,34.83565],[135.377267,34.835512],[135.377343,34.835268],[135.377398,34.835054],[135.377445,34.834802],[135.377509,34.83429],[135.377527,34.834062],[135.377525,34.833953],[135.377497,34.833575],[135.377384,34.832314]],[[135.373551,34.834923],[135.373428,34.834941],[135.37321,34.835015],[135.373072,34.835119],[135.373036,34.835161],[135.373,34.835203],[135.37298,34.8353],[135.372976,34.835454],[135.372969,34.835631],[135.372937,34.835687],[135.372588,34.836181],[135.372576,34.836205],[135.372535,34.836303],[135.372602,34.836303],[135.372686,34.836361],[135.373077,34.836547],[135.373525,34.836676],[135.373593,34.836709],[135.373674,34.83669],[135.373678,34.836688],[135.373683,34.836687],[135.373693,34.836683],[135.373702,34.836678],[135.37371,34.836671],[135.373743,34.836627],[135.373857,34.836472],[135.373872,34.836452],[135.374057,34.836201],[135.374269,34.835892],[135.374305,34.835844],[135.374404,34.835729],[135.374488,34.835648],[135.374584,34.835591],[135.374721,34.835522],[135.374937,34.835447],[135.374967,34.835436]],[[135.373043,34.838748],[135.373105,34.838683],[135.373164,34.83862],[135.373281,34.838473],[135.373413,34.838343],[135.373525,34.838253],[135.373592,34.838214],[135.37363,34.838192],[135.37373,34.838153],[135.373793,34.83813],[135.373837,34.838114],[135.373945,34.838088],[135.374095,34.838071],[135.37426,34.838057],[135.374511,34.838004],[135.374671,34.837957],[135.37474,34.837936]],[[135.37474,34.837936],[135.374926,34.837852],[135.375226,34.837681],[135.375529,34.837481],[135.375739,34.837338],[135.375927,34.837185],[135.376082,34.837011],[135.376086,34.837006],[135.376102,34.836989],[135.376298,34.836774],[135.376803,34.836196],[135.377078,34.835897],[135.377094,34.835871],[135.377123,34.835822]],[[135.372982,34.834717],[135.372653,34.835341],[135.37264,34.835366],[135.372472,34.835712],[135.372357,34.835863],[135.372219,34.836061],[135.372078,34.836255],[135.371741,34.83659],[135.371143,34.836468]],[[135.370218,34.840051],[135.370448,34.839994],[135.370588,34.83996],[135.370626,34.839922],[135.370829,34.839721],[135.370959,34.839614],[135.371115,34.83951],[135.371185,34.83947],[135.371162,34.839444],[135.371154,34.839436],[135.371353,34.839318],[135.371372,34.839307],[135.371447,34.839274],[135.371696,34.83917],[135.371861,34.839117],[135.372042,34.83907],[135.372244,34.839033],[135.372325,34.839025],[135.372548,34.838968],[135.372714,34.838907],[135.372797,34.838867],[135.372832,34.83885],[135.372887,34.838813],[135.372965,34.838746],[135.372996,34.838718],[135.373043,34.838748]],[[135.383608,34.824641],[135.383344,34.82445]],[[135.38135,34.825027],[135.381616,34.825338],[135.381714,34.825457]],[[135.381714,34.825457],[135.381789,34.825384],[135.381933,34.825298],[135.382154,34.825228],[135.382625,34.825103],[135.382993,34.824954],[135.383304,34.824827],[135.383514,34.824698]],[[135.383514,34.824698],[135.383608,34.824641]],[[135.383806,34.825591],[135.383726,34.825574],[135.383588,34.825584],[135.383242,34.825624],[135.383084,34.825638],[135.382911,34.825652],[135.382555,34.825698],[135.382264,34.825734],[135.382152,34.825743],[135.381999,34.825732],[135.38183,34.82567],[135.381723,34.825621],[135.381661,34.8256],[135.381616,34.825626]],[[135.381616,34.825626],[135.381547,34.825849],[135.381482,34.826183],[135.38113,34.826165],[135.380765,34.826555],[135.380785,34.826911],[135.380802,34.827016],[135.380823,34.827087],[135.380866,34.827192],[135.380917,34.827259],[135.380974,34.827326],[135.381036,34.827363],[135.381099,34.827476],[135.380733,34.82763],[135.380602,34.82772],[135.380486,34.827792],[135.380386,34.827953],[135.380351,34.828004],[135.380213,34.82803],[135.380056,34.828073],[135.380005,34.828085],[135.379972,34.828091],[135.379937,34.828111],[135.379907,34.828125],[135.379883,34.828146],[135.379858,34.828178],[135.379847,34.828213],[135.379846,34.828249],[135.379853,34.82828],[135.37986,34.828296],[135.379862,34.8283],[135.379866,34.828309],[135.37988,34.828334],[135.379903,34.828357],[135.379929,34.828376],[135.379957,34.82839],[135.379985,34.828399],[135.380042,34.828417],[135.380101,34.828443],[135.380107,34.828445],[135.380044,34.828576],[135.380013,34.828672],[135.380009,34.828708],[135.379547,34.828948],[135.379544,34.828956],[135.379541,34.828958],[135.379504,34.829039],[135.379454,34.82918]],[[135.379454,34.82918],[135.379487,34.829185],[135.37963,34.829205],[135.379757,34.829233],[135.379876,34.829271],[135.379936,34.8293],[135.379972,34.829317],[135.380042,34.829372],[135.380101,34.829443],[135.38017,34.829523]],[[135.38017,34.829523],[135.380329,34.829487],[135.380684,34.829347]],[[135.380684,34.829347],[135.38084,34.829168],[135.380955,34.829008],[135.381025,34.828877],[135.381089,34.828754],[135.381165,34.82869],[135.381271,34.828626],[135.381221,34.828257],[135.381144,34.828207],[135.38141,34.82809],[135.381803,34.828328],[135.382021,34.828233],[135.382056,34.828187],[135.38208,34.828107],[135.382064,34.828039],[135.381991,34.827901],[135.382072,34.827871],[135.382235,34.82787],[135.382394,34.827877],[135.38246,34.827872],[135.382515,34.827817],[135.382524,34.827733],[135.382385,34.827591],[135.382208,34.827277],[135.382313,34.827175],[135.382403,34.82704],[135.382478,34.82693],[135.382538,34.82682],[135.382578,34.826748],[135.382674,34.826689],[135.382816,34.82665],[135.383008,34.826627],[135.383055,34.826959],[135.383079,34.827253],[135.383232,34.827239],[135.383303,34.827184],[135.383348,34.827141],[135.383409,34.827136],[135.383481,34.827174],[135.383641,34.827349],[135.383764,34.827356],[135.383921,34.8273],[135.383961,34.827224],[135.383923,34.827098],[135.384003,34.826925],[135.383982,34.82691],[135.384033,34.826875],[135.384088,34.826811],[135.384143,34.82671],[135.384188,34.826646],[135.384244,34.826604],[135.384356,34.826628],[135.384484,34.826702],[135.384536,34.826782],[135.384599,34.826861],[135.384711,34.826856],[135.384833,34.826884],[135.38489,34.826918],[135.384935,34.826829],[135.384877,34.826678],[135.38481,34.826649],[135.38493,34.826476],[135.384376,34.826228],[135.384022,34.826059],[135.384052,34.825958],[135.384066,34.825844],[135.384018,34.825719],[135.383915,34.82564],[135.383838,34.825598],[135.383806,34.825591]],[[135.378437,34.829088],[135.378787,34.829118],[135.379039,34.829139],[135.379053,34.82914]],[[135.379053,34.82914],[135.378977,34.829075],[135.378935,34.82904],[135.378895,34.829009],[135.378876,34.828993],[135.378817,34.828947],[135.378797,34.828931],[135.378719,34.828868],[135.37864,34.82881],[135.378494,34.828693]],[[135.378529,34.82845],[135.378533,34.828452],[135.378587,34.828463],[135.378605,34.828467],[135.378633,34.828473],[135.378734,34.828494],[135.378838,34.828516],[135.378906,34.828493],[135.378939,34.828416],[135.378919,34.82836],[135.378883,34.828289],[135.37885,34.828226],[135.378842,34.82821],[135.378882,34.828073],[135.378867,34.828069],[135.378642,34.828013],[135.378636,34.828012]],[[135.382252,34.835206],[135.382153,34.834961],[135.382116,34.834576],[135.381922,34.834578],[135.381712,34.83454],[135.381254,34.833986],[135.381348,34.833786],[135.381328,34.83344],[135.381179,34.833149],[135.381126,34.832804],[135.380821,34.832886],[135.380644,34.832888],[135.380403,34.832983],[135.380353,34.832761]],[[135.380353,34.832761],[135.38035,34.832817],[135.380186,34.832715],[135.380071,34.832673],[135.379988,34.83266],[135.379962,34.832656],[135.379911,34.832648],[135.379657,34.832635],[135.37944,34.832641],[135.379309,34.83265],[135.379212,34.832682],[135.379126,34.832734],[135.379021,34.832827],[135.37895,34.832977],[135.378915,34.833079],[135.378879,34.833212],[135.37882,34.833297],[135.378767,34.833357],[135.378657,34.833445],[135.378617,34.833476],[135.378503,34.833534],[135.378358,34.833556],[135.377867,34.832258]],[[135.37474,34.837936],[135.374788,34.838079],[135.374898,34.838179],[135.375021,34.838217],[135.375191,34.838226],[135.375354,34.838197],[135.375686,34.83806],[135.375922,34.837951],[135.376145,34.837809],[135.376462,34.837633],[135.376678,34.837481],[135.376858,34.837354],[135.376994,34.837258],[135.377628,34.836787],[135.377831,34.836713],[135.377845,34.836707],[135.377906,34.836758],[135.377927,34.836742],[135.377968,34.836712],[135.377936,34.836672],[135.378189,34.836575],[135.378324,34.836518],[135.378731,34.836391],[135.379002,34.836344],[135.379118,34.836337],[135.379193,34.83637],[135.379248,34.836437],[135.379334,34.83657],[135.379428,34.836715],[135.379463,34.836769],[135.379551,34.836907],[135.379641,34.837045],[135.379713,34.837156],[135.380162,34.837043],[135.380203,34.837032],[135.380245,34.837021],[135.381387,34.836733],[135.381437,34.836702],[135.381478,34.836678],[135.381528,34.836647],[135.381595,34.836563],[135.381614,34.836461],[135.381613,34.836344],[135.381531,34.835223],[135.381809,34.835217],[135.382252,34.835206]],[[135.373043,34.838748],[135.373327,34.838852],[135.373455,34.838956],[135.373492,34.839053],[135.373467,34.839187],[135.373482,34.839193],[135.37364,34.839246],[135.37384,34.839304],[135.373878,34.839423],[135.373926,34.839632],[135.373929,34.839632],[135.373937,34.839632],[135.374134,34.839638],[135.374271,34.839689],[135.374325,34.839688],[135.374434,34.839687],[135.374568,34.839595],[135.374731,34.839483],[135.375307,34.839625]],[[135.375307,34.839625],[135.375307,34.839625]],[[135.375307,34.839625],[135.37569,34.83972],[135.375813,34.83975],[135.375838,34.839739],[135.375851,34.839734],[135.375921,34.839704],[135.376444,34.839521],[135.376729,34.839757],[135.376902,34.83986],[135.377068,34.840053],[135.377115,34.84018],[135.377179,34.840254],[135.377361,34.840335],[135.377634,34.840385],[135.377789,34.840488],[135.378171,34.840575],[135.378471,34.840602],[135.37858,34.840608],[135.378779,34.840607],[135.379134,34.840678],[135.379606,34.840734],[135.379939,34.840793]],[[135.379939,34.840793],[135.380105,34.840782],[135.380214,34.840819],[135.380332,34.840825],[135.380459,34.840794],[135.380693,34.840695],[135.380892,34.840626],[135.381009,34.840625],[135.381199,34.840534],[135.381424,34.840464],[135.381667,34.840305],[135.381856,34.840162],[135.382099,34.840055],[135.382594,34.839767],[135.382665,34.839654],[135.382827,34.83954],[135.383047,34.839392],[135.383497,34.839241],[135.383785,34.839146],[135.383896,34.838946],[135.383957,34.838719],[135.384196,34.838518],[135.383789,34.838176],[135.38367,34.837645],[135.383663,34.837087],[135.383671,34.836529],[135.383605,34.836344],[135.383617,34.836078],[135.383469,34.835827],[135.383292,34.835802],[135.383066,34.835844],[135.382904,34.835752],[135.382709,34.835607],[135.382303,34.835332],[135.382252,34.835206]],[[135.368325,34.842529],[135.368379,34.842602],[135.368394,34.842709],[135.368355,34.842849],[135.368288,34.842939],[135.368229,34.843102],[135.368203,34.84322],[135.36815,34.84335],[135.368179,34.843473],[135.368174,34.843619],[135.36823,34.843736],[135.368354,34.843875],[135.368486,34.844098],[135.368633,34.844444],[135.369318,34.844502],[135.369134,34.844983],[135.369114,34.845062],[135.369109,34.845124],[135.369164,34.845458],[135.369168,34.845545],[135.369173,34.845644],[135.36917,34.845943]],[[135.36917,34.845943],[135.369266,34.845959],[135.369361,34.845985],[135.369419,34.846008],[135.369514,34.846061],[135.369584,34.84608],[135.369679,34.846079],[135.369825,34.846076],[135.369951,34.846059],[135.370071,34.846033],[135.370394,34.845976],[135.370437,34.845958],[135.370472,34.84592],[135.370507,34.845871],[135.370517,34.845801],[135.370506,34.845647],[135.370514,34.845584],[135.370559,34.845501],[135.370647,34.845407],[135.371019,34.845213],[135.371112,34.845171],[135.371263,34.845064],[135.371402,34.844917],[135.371466,34.844855],[135.371542,34.844821],[135.371617,34.84481],[135.372244,34.844816],[135.372389,34.844803],[135.372492,34.844778],[135.372613,34.84473],[135.372774,34.844657],[135.372807,34.844625],[135.372856,34.844573],[135.372901,34.844544],[135.372985,34.844521],[135.373063,34.844493],[135.37311,34.844437],[135.373167,34.844348],[135.373231,34.844254],[135.37325,34.844223],[135.373276,34.844208],[135.373338,34.844208],[135.373386,34.844216],[135.373505,34.844239],[135.373574,34.844248],[135.373622,34.844242],[135.373681,34.844224],[135.373965,34.844057],[135.374057,34.844001],[135.374117,34.843969],[135.374162,34.843967],[135.374222,34.84397],[135.37427,34.843989],[135.374302,34.844026],[135.37435,34.844137],[135.374408,34.844196],[135.374504,34.844236],[135.374676,34.844278],[135.374855,34.844293],[135.37496,34.844275],[135.37501,34.844255],[135.375071,34.844207],[135.375272,34.843958],[135.375401,34.84383],[135.375532,34.843724],[135.375692,34.843515],[135.375739,34.843442],[135.37624,34.842844],[135.376309,34.842752],[135.376365,34.842661],[135.376622,34.842116],[135.376643,34.842067],[135.376668,34.842034],[135.376711,34.842002],[135.376986,34.841838],[135.377544,34.841548],[135.377634,34.841508],[135.377696,34.841495],[135.377751,34.841501],[135.377961,34.841532],[135.378071,34.841556],[135.378186,34.841565],[135.37834,34.841557],[135.378689,34.841568],[135.37878,34.841557],[135.378849,34.841541],[135.378925,34.841503],[135.379311,34.84129],[135.379458,34.841219],[135.37956,34.841154],[135.379641,34.841094],[135.379704,34.84102],[135.379939,34.840793]],[[135.370614,34.840807],[135.370627,34.840766],[135.37052,34.840553],[135.370482,34.840487],[135.370574,34.840292],[135.370635,34.84031],[135.37065,34.840349],[135.370997,34.840514],[135.371538,34.840801],[135.371829,34.840997],[135.372093,34.841337],[135.372195,34.841562],[135.372265,34.841893],[135.372267,34.842013],[135.372263,34.842056],[135.371771,34.842056],[135.371748,34.842016]],[[135.371748,34.842016],[135.371742,34.842006],[135.370502,34.841359],[135.37052,34.841296],[135.370496,34.841234],[135.370434,34.841188],[135.370339,34.841169],[135.370351,34.841025],[135.37054,34.841043],[135.370565,34.840964],[135.370614,34.840807]],[[135.384661,34.824371],[135.38447,34.824368],[135.384387,34.824371],[135.384297,34.824374],[135.384211,34.824406],[135.384128,34.82445],[135.384054,34.824497],[135.384232,34.824692],[135.384933,34.824786],[135.385376,34.824955],[135.385459,34.824992],[135.385504,34.825031],[135.385756,34.824829],[135.385519,34.824686],[135.385358,34.824605],[135.384967,34.82445],[135.3848,34.82438],[135.384661,34.824371]],[[135.383608,34.824641],[135.384223,34.824227],[135.384228,34.824219]],[[135.383806,34.825591],[135.383883,34.824846],[135.383514,34.824698]],[[135.381714,34.825457],[135.381629,34.825538],[135.381598,34.825585],[135.381616,34.825626]],[[135.379454,34.82918],[135.379216,34.829154],[135.379053,34.82914]],[[135.377867,34.832258],[135.378224,34.832235],[135.378441,34.832181],[135.378599,34.832089],[135.378859,34.831888],[135.37914,34.831627],[135.379535,34.831258],[135.379788,34.831447],[135.380129,34.83111],[135.380237,34.830984],[135.380318,34.830848],[135.380449,34.830599],[135.380538,34.830459],[135.380614,34.830489],[135.380655,34.830502],[135.380685,34.830485],[135.380748,34.830433],[135.380849,34.830368],[135.380888,34.83033],[135.380913,34.830297],[135.38093,34.830223],[135.380928,34.830086],[135.380908,34.830063],[135.380845,34.830057],[135.380775,34.830052],[135.380739,34.830052],[135.380713,34.830064],[135.380662,34.830125],[135.380188,34.83008],[135.380178,34.830079],[135.38017,34.829523]],[[135.371748,34.842016],[135.371757,34.842004],[135.37186,34.841831],[135.371886,34.841722],[135.371901,34.84166],[135.37192,34.841523],[135.371595,34.841219],[135.370614,34.840807]],[[135.380684,34.829347],[135.380687,34.829346],[135.381,34.829228],[135.381129,34.829197],[135.381225,34.829193],[135.381341,34.829191]],[[135.381341,34.829191],[135.381408,34.829126],[135.38153,34.829052],[135.381815,34.828825],[135.381971,34.828741],[135.382433,34.828492],[135.382798,34.828316],[135.382917,34.828276],[135.383213,34.828226],[135.383404,34.828207],[135.383774,34.828165]],[[135.380353,34.832761],[135.380471,34.832055],[135.380521,34.831784],[135.380614,34.831393],[135.380704,34.831128],[135.380778,34.830977],[135.380952,34.830733],[135.381228,34.830376],[135.381329,34.830188],[135.381374,34.830039],[135.381389,34.829724],[135.381349,34.829466],[135.381341,34.829191]],[[135.404856,34.844109],[135.404862,34.843951],[135.404725,34.84375],[135.404686,34.843697],[135.404094,34.843309],[135.403684,34.843227],[135.402124,34.84375],[135.400795,34.844103],[135.400157,34.844512],[135.400549,34.845576]],[[135.400549,34.845576],[135.401198,34.845367],[135.40136,34.845336],[135.401563,34.845292],[135.401604,34.845281],[135.401716,34.845249],[135.402025,34.845137],[135.402201,34.845061],[135.402237,34.845062],[135.402327,34.845042],[135.402406,34.845022],[135.402855,34.844804],[135.403287,34.844595],[135.403932,34.844287],[135.404059,34.844227],[135.404172,34.844193],[135.404284,34.84417],[135.404856,34.844109]],[[135.371901,34.812134],[135.370819,34.812233]],[[135.370537,34.81686],[135.371043,34.816851]],[[135.371043,34.816851],[135.371066,34.816183],[135.371091,34.815985],[135.37118,34.815671],[135.371251,34.815361],[135.371336,34.815161],[135.371383,34.815082],[135.371452,34.814994],[135.371486,34.814945],[135.371521,34.814878],[135.371543,34.814807],[135.371563,34.814732]],[[135.371563,34.814732],[135.371592,34.814624],[135.371608,34.814538]],[[135.371608,34.814538],[135.371658,34.814259],[135.371681,34.814071]],[[135.371681,34.814071],[135.371685,34.813951],[135.37167,34.813858],[135.371657,34.813812],[135.371645,34.813762],[135.371525,34.813524],[135.371486,34.813446],[135.371484,34.813394],[135.371497,34.813324],[135.371505,34.813285],[135.371519,34.813199],[135.371558,34.812843],[135.371581,34.812543],[135.37179,34.812583],[135.371909,34.812165],[135.371901,34.812134]],[[135.374976,34.818525],[135.374041,34.818412],[135.373961,34.818397],[135.373947,34.818395],[135.373931,34.81839],[135.373673,34.818315],[135.373661,34.818312],[135.373226,34.818173],[135.373171,34.81816],[135.372994,34.818111],[135.372849,34.818082],[135.372302,34.817972],[135.372125,34.817942],[135.372001,34.817934],[135.371821,34.817931],[135.371737,34.81793],[135.3714,34.817924],[135.371311,34.817922],[135.371207,34.81792]],[[135.374615,34.820578],[135.374766,34.820415],[135.37484,34.820058],[135.374844,34.820007],[135.374823,34.819962],[135.374783,34.81992],[135.374762,34.819909],[135.374709,34.81988],[135.374531,34.819815],[135.374607,34.819408],[135.374744,34.81895],[135.374917,34.818997],[135.374976,34.818525]],[[135.379083,34.819074],[135.378523,34.818861],[135.378478,34.818882],[135.378353,34.818881],[135.378141,34.818848],[135.378072,34.819147],[135.378012,34.819407],[135.377794,34.819352],[135.377124,34.819182],[135.377197,34.819044],[135.377439,34.818589]],[[135.377439,34.818589],[135.377301,34.818592],[135.376294,34.818623],[135.375893,34.818616],[135.37587,34.818616],[135.375851,34.818615],[135.375708,34.818609],[135.374976,34.818525]],[[135.377439,34.818589],[135.377467,34.818356],[135.377493,34.818066],[135.377512,34.817977],[135.377554,34.817764],[135.377625,34.817531],[135.377697,34.817339],[135.377816,34.817395],[135.377886,34.817439],[135.378,34.817499],[135.37805,34.817503],[135.378169,34.817514],[135.378154,34.817551],[135.378239,34.817567],[135.378456,34.817145],[135.378337,34.817121],[135.378222,34.817069],[135.378145,34.817176],[135.378016,34.81721],[135.377952,34.817206],[135.377853,34.817183],[135.377789,34.817175],[135.378253,34.816368],[135.379503,34.816263],[135.379888,34.816227],[135.380024,34.816214],[135.380004,34.816521],[135.38,34.81652],[135.379628,34.816433],[135.37961,34.816503],[135.379333,34.81655],[135.379305,34.816668],[135.379527,34.816654],[135.379795,34.816725],[135.379815,34.816693],[135.380062,34.816765]],[[135.380346,34.816091],[135.379345,34.816193],[135.378888,34.816243]],[[135.378888,34.816243],[135.378263,34.81631]],[[135.378263,34.81631],[135.378237,34.816313],[135.377433,34.816399],[135.37732,34.816408],[135.377291,34.81641],[135.377216,34.816417],[135.376007,34.816515]],[[135.376007,34.816515],[135.375967,34.816518]],[[135.375967,34.816518],[135.375926,34.816615],[135.375216,34.816726],[135.375004,34.817292],[135.374935,34.817477],[135.37493,34.817491],[135.37502,34.817797],[135.375015,34.817841],[135.374973,34.81819],[135.374976,34.818525]],[[135.378206,34.818367],[135.378225,34.818357],[135.378258,34.818362],[135.378349,34.818403],[135.378381,34.818409],[135.37842,34.818408],[135.378439,34.818403],[135.378458,34.818392],[135.378592,34.818204],[135.378615,34.818012],[135.378537,34.817954],[135.377636,34.817765],[135.377612,34.817893],[135.377588,34.818095],[135.377571,34.818234],[135.377559,34.818357],[135.377618,34.818351],[135.377637,34.818335],[135.377662,34.818313],[135.377668,34.818265],[135.377798,34.818286],[135.377875,34.818285],[135.37792,34.818269],[135.37805,34.818331],[135.378077,34.818417],[135.378206,34.818367]],[[135.37997,34.817011],[135.379727,34.816948],[135.37962,34.817188],[135.379836,34.817253]],[[135.375967,34.816518],[135.375401,34.816556],[135.375265,34.816565],[135.375178,34.816571],[135.374712,34.81661],[135.37424,34.816649],[135.37423,34.816471],[135.37374,34.8165],[135.373692,34.816558],[135.373301,34.816585],[135.373303,34.816715],[135.372678,34.816755],[135.372254,34.816783]],[[135.372254,34.816783],[135.372235,34.816784],[135.371913,34.816805],[135.371729,34.816815],[135.37159,34.816823],[135.371043,34.816851]],[[135.371563,34.814732],[135.371619,34.814737],[135.371941,34.814742],[135.371946,34.814581],[135.371668,34.814551],[135.371608,34.814538]],[[135.376007,34.816515],[135.37599,34.816307],[135.375988,34.816092],[135.375997,34.816002],[135.376025,34.815878],[135.376052,34.815782],[135.376092,34.815699],[135.376131,34.815638],[135.376192,34.815559],[135.376236,34.815471],[135.376249,34.815437],[135.376277,34.815365],[135.376313,34.815228],[135.376336,34.81503],[135.376326,34.814993],[135.376293,34.814962],[135.376045,34.814842]],[[135.376045,34.814842],[135.375844,34.81474],[135.375588,34.814757],[135.37551,34.814761],[135.375047,34.814781],[135.375047,34.814492],[135.374649,34.814502],[135.374233,34.814488],[135.374097,34.814477],[135.373928,34.814457],[135.37378,34.814444],[135.373625,34.814422],[135.373472,34.81439],[135.373417,34.814369]],[[135.373417,34.814369],[135.37332,34.814497],[135.373274,34.814548],[135.373179,34.814612],[135.373075,34.814663],[135.372971,34.814747],[135.372857,34.814843],[135.372836,34.81486],[135.372698,34.814993],[135.372628,34.81506]],[[135.372628,34.81506],[135.372628,34.81506]],[[135.372628,34.81506],[135.372433,34.814878],[135.371939,34.81485],[135.371927,34.81499],[135.371976,34.814991],[135.372002,34.815051],[135.372364,34.815072],[135.372343,34.815424],[135.372562,34.815438],[135.37256,34.815473],[135.372546,34.815568],[135.372498,34.815902],[135.372486,34.815959],[135.372459,34.816033],[135.372401,34.816154],[135.372301,34.816375],[135.372272,34.816467],[135.372255,34.816581],[135.372254,34.816783]],[[135.380599,34.814233],[135.380351,34.814163],[135.380291,34.814154],[135.380224,34.814154],[135.380182,34.814159]],[[135.380182,34.814159],[135.380132,34.81419],[135.380078,34.814255],[135.379773,34.814193],[135.37943,34.814069],[135.378897,34.813943],[135.378875,34.813938],[135.378608,34.813875],[135.37838,34.813927],[135.378303,34.813941],[135.378239,34.813944],[135.378174,34.813934],[135.378148,34.813928],[135.377665,34.813821],[135.377695,34.813694],[135.377373,34.813635],[135.377259,34.813624],[135.376933,34.813551],[135.376432,34.813454]],[[135.376432,34.813454],[135.376427,34.813478],[135.376412,34.813547],[135.376381,34.813759],[135.376338,34.813927],[135.376285,34.814086],[135.376235,34.814195],[135.376185,34.814398],[135.376143,34.814568],[135.376045,34.814842]],[[135.378263,34.81631],[135.378435,34.816008],[135.378662,34.8159],[135.378673,34.815895],[135.37882,34.815822]],[[135.37882,34.815822],[135.378953,34.815756],[135.379143,34.815652],[135.37931,34.815533],[135.379573,34.815331],[135.379751,34.815181],[135.379903,34.815051],[135.380026,34.81495],[135.380035,34.814942],[135.380136,34.814839],[135.380191,34.814771]],[[135.380191,34.814771],[135.38032,34.814616],[135.380377,34.814546],[135.380468,34.814428],[135.380599,34.814233]],[[135.380512,34.812707],[135.380278,34.812586],[135.380182,34.812844],[135.380414,34.812929],[135.380475,34.812831],[135.380512,34.812707]],[[135.380153,34.812252],[135.380065,34.812223],[135.379901,34.812167],[135.379888,34.812163],[135.379641,34.812081],[135.379487,34.812028],[135.37922,34.811932],[135.379003,34.811866],[135.378821,34.811813],[135.378756,34.811776],[135.378733,34.811745],[135.378717,34.811724],[135.378672,34.811646],[135.378415,34.811616],[135.378302,34.811678],[135.378185,34.811676],[135.377963,34.811642],[135.377919,34.811634],[135.377919,34.811634],[135.377822,34.811617],[135.377701,34.811587],[135.377556,34.811544],[135.377342,34.811489],[135.377145,34.811422],[135.37706,34.811396],[135.377009,34.811363],[135.376996,34.811359]],[[135.376996,34.811359],[135.377017,34.811437],[135.377007,34.811548],[135.376942,34.811555]],[[135.376942,34.811555],[135.37688,34.811839],[135.376872,34.811883],[135.376831,34.812102],[135.376763,34.812401],[135.376754,34.81267],[135.376739,34.812758],[135.376717,34.812822],[135.376689,34.812877],[135.376631,34.81294],[135.376595,34.812999],[135.376558,34.81307],[135.376523,34.813148],[135.376463,34.813322],[135.376432,34.813454]],[[135.380182,34.814159],[135.3802,34.814005],[135.380183,34.813926],[135.38015,34.813859],[135.38008,34.813781],[135.38006,34.813737],[135.380055,34.813698],[135.380064,34.813654],[135.380101,34.813563],[135.380129,34.813505],[135.380173,34.813388],[135.380201,34.813315],[135.380289,34.813133],[135.379864,34.812949],[135.380153,34.812252]],[[135.38122,34.813268],[135.381547,34.81273]],[[135.381547,34.81273],[135.38117,34.812596]],[[135.38117,34.812596],[135.38098,34.812953],[135.380781,34.812903],[135.380742,34.812897],[135.3807,34.812896],[135.380674,34.812972],[135.380555,34.812935],[135.380502,34.81319],[135.380547,34.813206],[135.380711,34.813231],[135.380862,34.813257],[135.381144,34.81327],[135.38122,34.813268]],[[135.376942,34.811555],[135.376394,34.811603],[135.376288,34.811613],[135.375702,34.811682],[135.375181,34.811743],[135.374811,34.811789],[135.374568,34.811819],[135.374473,34.81183],[135.373418,34.811949],[135.373329,34.811959],[135.373134,34.811984],[135.373025,34.811998],[135.372882,34.812015],[135.372186,34.812099],[135.371901,34.812134]],[[135.371681,34.814071],[135.371782,34.814096],[135.371847,34.814109],[135.371925,34.81411],[135.372036,34.81408],[135.37213,34.814132],[135.372263,34.814228],[135.372304,34.814251],[135.372363,34.814266],[135.372535,34.814286],[135.372756,34.814316],[135.372952,34.814334],[135.373094,34.814352],[135.373225,34.814341],[135.373315,34.814346],[135.373417,34.814369]],[[135.376996,34.811359],[135.376964,34.811349],[135.376963,34.811349],[135.376959,34.811349],[135.376948,34.811349],[135.37694,34.81135],[135.37694,34.81135],[135.376863,34.811353],[135.376631,34.811362],[135.376629,34.811348],[135.376624,34.811316],[135.376619,34.811284],[135.376592,34.811286],[135.376586,34.811286],[135.376583,34.811224],[135.376581,34.811184],[135.376576,34.811071],[135.376465,34.811084],[135.376282,34.811106],[135.376278,34.811108],[135.376249,34.811097],[135.376109,34.811104],[135.375927,34.811076],[135.375811,34.811041],[135.375487,34.810945],[135.375249,34.810884]],[[135.379402,34.818564],[135.378729,34.818573],[135.378207,34.818579],[135.377439,34.818589]],[[135.38117,34.812596],[135.381168,34.812596],[135.380881,34.812497],[135.380631,34.812415],[135.380383,34.812333],[135.380153,34.812252]],[[135.380599,34.814233],[135.380789,34.813941],[135.381021,34.813584],[135.381106,34.813454],[135.38122,34.813268]],[[135.381683,34.816104],[135.381712,34.815918],[135.382155,34.815999],[135.382195,34.815859],[135.382243,34.815687],[135.382517,34.81559],[135.382845,34.815447],[135.382987,34.81489],[135.382775,34.814856],[135.382476,34.814812],[135.382469,34.814811],[135.382564,34.814378],[135.382593,34.814385],[135.382683,34.81439],[135.38284,34.814387],[135.382945,34.814394],[135.38305,34.814418],[135.383163,34.814465],[135.38325,34.814532]],[[135.38325,34.814532],[135.383286,34.814386],[135.383316,34.814288],[135.383317,34.814286]],[[135.383317,34.814286],[135.383318,34.814283],[135.382984,34.814178],[135.382978,34.814115],[135.382963,34.814072],[135.382922,34.814045],[135.382856,34.814014],[135.38236,34.813875],[135.382264,34.813848],[135.382198,34.813521],[135.382237,34.81341],[135.382343,34.813436],[135.382398,34.813464],[135.382467,34.813505],[135.382565,34.813559],[135.382656,34.813599],[135.382746,34.813628],[135.383161,34.813758],[135.383359,34.813407]],[[135.383359,34.813407],[135.383295,34.813368],[135.382878,34.813218],[135.382358,34.813039],[135.38221,34.812988],[135.382231,34.812956],[135.38158,34.812741],[135.381547,34.81273]],[[135.380191,34.814771],[135.380243,34.814787],[135.380447,34.814844],[135.380666,34.814886],[135.380683,34.814893],[135.380682,34.814898],[135.380705,34.814901],[135.38085,34.81492],[135.380961,34.814639],[135.381086,34.814686],[135.380857,34.815303],[135.380946,34.815333],[135.38093,34.815385],[135.380908,34.815442],[135.38087,34.815547],[135.380832,34.815651],[135.380793,34.815759],[135.380679,34.816072]],[[135.382115,34.814689],[135.382138,34.814615],[135.382161,34.814539],[135.382206,34.814547],[135.382317,34.81457],[135.382273,34.814718],[135.382275,34.814728],[135.382255,34.814792],[135.382253,34.814798],[135.382089,34.814772],[135.382091,34.814766],[135.382115,34.814689]],[[135.383087,34.816418],[135.383479,34.816022],[135.383535,34.815789],[135.383086,34.81557],[135.38303,34.815774],[135.382973,34.81591],[135.382893,34.816056],[135.382788,34.816182],[135.382692,34.816302]],[[135.384282,34.813784],[135.384196,34.81376],[135.38413,34.813738],[135.383982,34.813679]],[[135.383982,34.813679],[135.383962,34.813725],[135.383864,34.813929],[135.383636,34.813838],[135.383584,34.813946],[135.383481,34.814086],[135.383432,34.814109],[135.383418,34.814148],[135.383324,34.814285],[135.383317,34.814286]],[[135.38325,34.814532],[135.383207,34.814623],[135.383154,34.814725],[135.383137,34.814769],[135.383158,34.81479],[135.383466,34.81489],[135.383541,34.814893],[135.383832,34.814977],[135.38385,34.814969],[135.383864,34.814946],[135.383962,34.814791],[135.384084,34.814706]],[[135.384084,34.814706],[135.384088,34.814576],[135.384099,34.814423],[135.384102,34.814388],[135.384123,34.814216],[135.38415,34.814068],[135.384195,34.813954],[135.384282,34.813784]],[[135.378888,34.816243],[135.378929,34.816174],[135.379015,34.816047],[135.379113,34.815956],[135.379118,34.815933],[135.378907,34.815869],[135.37882,34.815822]],[[135.383312,34.816486],[135.383535,34.816166],[135.383619,34.816033],[135.383703,34.815899],[135.383782,34.815759],[135.383862,34.815582],[135.383966,34.815353],[135.384048,34.815125],[135.384071,34.81503],[135.384078,34.814961],[135.38408,34.814844],[135.384084,34.814706]],[[135.383982,34.813679],[135.383749,34.813585],[135.383454,34.813464],[135.383359,34.813407]],[[135.389802,34.815878],[135.389326,34.815792],[135.389065,34.815747],[135.388802,34.815687],[135.388483,34.8156],[135.388399,34.815514]],[[135.388399,34.815514],[135.388342,34.815472],[135.388316,34.815471],[135.388103,34.815464],[135.387638,34.815295],[135.387212,34.815115],[135.3872,34.81511],[135.386892,34.814988],[135.386501,34.814847],[135.386306,34.8147],[135.386294,34.81469],[135.386241,34.814651],[135.386197,34.8146],[135.386164,34.814546],[135.386107,34.814495],[135.386064,34.81446],[135.386041,34.814446],[135.386001,34.814422],[135.385743,34.814331],[135.385721,34.814323],[135.385668,34.814311],[135.385634,34.814304],[135.385563,34.814304],[135.385501,34.814312],[135.385287,34.814236],[135.385276,34.814232],[135.384995,34.814093],[135.384973,34.814082],[135.384718,34.813962],[135.384707,34.813957],[135.384541,34.813885],[135.38444,34.813846],[135.384282,34.813784]],[[135.388238,34.818128],[135.388586,34.817636],[135.388719,34.817449]],[[135.388719,34.817449],[135.38876,34.817391],[135.389227,34.816699],[135.389584,34.816189],[135.389802,34.815878]],[[135.387809,34.817176],[135.387341,34.817045],[135.387321,34.817072],[135.387275,34.817067],[135.387223,34.817057],[135.387183,34.817063],[135.387173,34.817097],[135.387056,34.817048],[135.386943,34.817009],[135.386706,34.816939],[135.386798,34.816815],[135.38659,34.816707],[135.386438,34.816948],[135.386368,34.817066],[135.386294,34.817019],[135.386217,34.816988],[135.386085,34.816962],[135.38604,34.816955],[135.386038,34.816955],[135.386054,34.816905],[135.3861,34.816757],[135.386159,34.816757],[135.38621,34.816653],[135.386336,34.81669],[135.386419,34.816483],[135.386009,34.816373],[135.38589,34.816341],[135.385941,34.816167],[135.38592,34.816059],[135.385973,34.816091],[135.386006,34.815939],[135.386202,34.816024],[135.386195,34.815986],[135.386428,34.816051],[135.386928,34.816191],[135.386948,34.816202],[135.386974,34.816169],[135.386993,34.81612],[135.387017,34.815903],[135.387083,34.815913],[135.387123,34.81594],[135.387169,34.815966],[135.387216,34.816004],[135.387417,34.816108],[135.387542,34.816226],[135.38749,34.816297],[135.387448,34.816382],[135.387455,34.816407],[135.387592,34.816479],[135.387625,34.816509],[135.387639,34.816531],[135.387639,34.816567],[135.387465,34.816803],[135.38742,34.816882],[135.387824,34.817],[135.387757,34.81712],[135.387764,34.817149],[135.387809,34.817176]],[[135.390205,34.818596],[135.390442,34.818543],[135.390585,34.818537],[135.390639,34.818528],[135.390694,34.81852],[135.390842,34.818493],[135.390951,34.818483],[135.390998,34.818484],[135.39105,34.818484]],[[135.39105,34.818484],[135.391331,34.817977],[135.391355,34.81798],[135.391849,34.818182],[135.391889,34.818206],[135.391947,34.818186],[135.392084,34.818201],[135.392146,34.818169],[135.392198,34.8181],[135.392191,34.818085],[135.392083,34.818031],[135.392025,34.818016],[135.39184,34.817953],[135.391798,34.817941],[135.391755,34.817934],[135.391669,34.81792],[135.391584,34.817891],[135.39138,34.817816],[135.391347,34.817799],[135.391464,34.817649],[135.391534,34.817545],[135.391536,34.817542],[135.391633,34.817578],[135.391853,34.817719],[135.391922,34.817698],[135.392056,34.817734],[135.392284,34.817817],[135.392332,34.817682],[135.392449,34.817518],[135.392345,34.817507],[135.392115,34.81737],[135.391942,34.817331],[135.391698,34.817247],[135.391783,34.817085],[135.391817,34.817008],[135.391845,34.816937],[135.391917,34.816942],[135.39261,34.817198],[135.392686,34.817232],[135.393062,34.817402]],[[135.393062,34.817402],[135.393079,34.817374],[135.393179,34.817176],[135.393252,34.817029],[135.393307,34.816936],[135.393347,34.816881],[135.393376,34.816842],[135.393609,34.816561]],[[135.393609,34.816561],[135.393002,34.816451],[135.392252,34.816316]],[[135.392252,34.816316],[135.392054,34.81628],[135.391508,34.816183],[135.391246,34.816137],[135.390416,34.81599],[135.389802,34.815878]],[[135.388719,34.817449],[135.38898,34.817315],[135.389141,34.817229],[135.389269,34.817158],[135.38934,34.817101],[135.389391,34.81704],[135.389411,34.816978],[135.390478,34.817452],[135.390501,34.817515],[135.389688,34.818297],[135.389692,34.8183],[135.389621,34.818463],[135.389619,34.818462],[135.389522,34.818658],[135.389535,34.818689],[135.389482,34.818836]],[[135.389696,34.818969],[135.390068,34.818603],[135.390068,34.818603],[135.390181,34.818493],[135.390208,34.818518],[135.390215,34.818551],[135.390205,34.818596]],[[135.394287,34.819498],[135.394177,34.819468],[135.394238,34.819411],[135.394303,34.819364],[135.394386,34.819312],[135.394207,34.819201],[135.394133,34.819167],[135.394087,34.819149],[135.394024,34.819127],[135.393874,34.819091],[135.393708,34.819073],[135.393603,34.819311],[135.39361,34.819316],[135.393489,34.819666],[135.393375,34.819632],[135.393101,34.819579],[135.393024,34.819591],[135.393156,34.818966],[135.393157,34.818958],[135.393158,34.818954],[135.393159,34.818954],[135.393166,34.81894],[135.39373,34.819005],[135.393734,34.818995],[135.393797,34.818841],[135.393842,34.818683],[135.393867,34.818633],[135.393794,34.81862],[135.393744,34.818598],[135.393676,34.818568],[135.393626,34.818563],[135.393579,34.818567],[135.393551,34.818583],[135.393483,34.818614],[135.393442,34.818617],[135.393229,34.818585],[135.393286,34.818449],[135.393313,34.818046]],[[135.393313,34.818046],[135.39328,34.818072],[135.393239,34.818085],[135.393193,34.818091],[135.393163,34.818093]],[[135.393163,34.818093],[135.393064,34.81856],[135.393016,34.818553],[135.392979,34.818541],[135.392948,34.818519],[135.39281,34.818401],[135.392612,34.818306]],[[135.392612,34.818306],[135.392449,34.818375]],[[135.392449,34.818375],[135.392426,34.818397],[135.392386,34.818421],[135.392341,34.818434],[135.392203,34.818451],[135.392151,34.818456]],[[135.392151,34.818456],[135.392077,34.818784],[135.391902,34.818765],[135.391751,34.818749],[135.39176,34.818743],[135.391829,34.818488]],[[135.391829,34.818488],[135.391729,34.818481],[135.391624,34.818478],[135.391436,34.818485],[135.391399,34.818486],[135.391248,34.818487],[135.39105,34.818484]],[[135.390205,34.818596],[135.390134,34.818851],[135.390098,34.81884],[135.390087,34.818862],[135.390033,34.818978],[135.390019,34.819007]],[[135.390019,34.819007],[135.390036,34.819012],[135.390113,34.819033],[135.390494,34.819135],[135.39043,34.819368],[135.390486,34.819403],[135.390624,34.819492],[135.390634,34.819501],[135.390696,34.81948],[135.39076,34.819496],[135.390743,34.819298],[135.390762,34.819167],[135.390784,34.819015],[135.391044,34.819052],[135.391057,34.819069],[135.390976,34.819487],[135.391064,34.819537],[135.390964,34.819789]],[[135.393892,34.819991],[135.393865,34.819778],[135.393879,34.819749],[135.394219,34.819547],[135.394287,34.819498]],[[135.391619,34.819027],[135.391654,34.819024],[135.391703,34.819025],[135.39175,34.819051],[135.391752,34.819051],[135.391742,34.819097],[135.391664,34.819469],[135.391549,34.819523],[135.391462,34.819544],[135.391363,34.819555],[135.391436,34.819442],[135.391514,34.819049],[135.391522,34.819044],[135.39155,34.819039],[135.391619,34.819027]],[[135.395372,34.818751],[135.395425,34.818685],[135.395459,34.818616],[135.395478,34.818543],[135.395479,34.818412],[135.39546,34.818256]],[[135.39546,34.818256],[135.395122,34.818286],[135.39503,34.818285],[135.394948,34.818272],[135.394885,34.818235],[135.394728,34.818121]],[[135.394728,34.818121],[135.394656,34.818305],[135.394583,34.818439],[135.394523,34.818553],[135.394585,34.818573],[135.394635,34.818583],[135.39471,34.818582],[135.394797,34.818591],[135.394859,34.818591],[135.394909,34.818621],[135.394997,34.818672],[135.39501,34.818702],[135.39502,34.818727],[135.395021,34.818728],[135.395023,34.818733],[135.395023,34.818729],[135.395085,34.818763],[135.395048,34.818805],[135.395012,34.818856],[135.394313,34.818698],[135.394289,34.818791],[135.394266,34.818914],[135.394279,34.818996],[135.394367,34.819026],[135.394442,34.819067],[135.394592,34.819096],[135.394764,34.819123]],[[135.394764,34.819123],[135.394836,34.819064],[135.394959,34.818965],[135.395147,34.818946],[135.395311,34.818804],[135.395372,34.818751]],[[135.394276,34.817849],[135.394168,34.817804],[135.394073,34.817765]],[[135.394073,34.817765],[135.393994,34.817986],[135.393969,34.818006],[135.393934,34.818012],[135.393719,34.817993]],[[135.393719,34.817993],[135.393684,34.81818],[135.393983,34.818219],[135.393966,34.818312],[135.394065,34.818325],[135.394276,34.817849]],[[135.392449,34.818375],[135.392451,34.818333],[135.392465,34.818296],[135.39251,34.818212],[135.392546,34.818128],[135.392586,34.818042],[135.392627,34.81798],[135.392755,34.817807]],[[135.392755,34.817807],[135.392882,34.817634],[135.392967,34.817529],[135.393032,34.817449],[135.393062,34.817402]],[[135.391829,34.818488],[135.391841,34.818489],[135.391948,34.818501],[135.391986,34.818496],[135.392029,34.818491],[135.39211,34.818464],[135.392151,34.818456]],[[135.389958,34.819137],[135.389968,34.819118],[135.390019,34.819007]],[[135.393163,34.818093],[135.393044,34.818102]],[[135.393044,34.818102],[135.392984,34.818106],[135.392921,34.818131],[135.392857,34.818176],[135.392763,34.818243],[135.392612,34.818306]],[[135.394287,34.819498],[135.394441,34.819384],[135.394764,34.819123]],[[135.394728,34.818121],[135.3946,34.818029],[135.394462,34.817939],[135.394354,34.817882],[135.394276,34.817849]],[[135.393719,34.817993],[135.393478,34.817972],[135.393428,34.817976],[135.393378,34.817995],[135.393313,34.818046]],[[135.389949,34.813114],[135.389868,34.813226],[135.389748,34.813376],[135.389512,34.813722]],[[135.389512,34.813722],[135.389807,34.813828],[135.389901,34.813872],[135.390006,34.813899],[135.39012,34.813956],[135.39023,34.814026],[135.390239,34.814013],[135.390267,34.813964],[135.390342,34.81382],[135.390102,34.813731],[135.390359,34.813285],[135.390219,34.813225],[135.390085,34.813181],[135.389949,34.813114]],[[135.39335,34.814159],[135.393228,34.814071],[135.393155,34.814031],[135.393046,34.813982],[135.392842,34.813907],[135.392779,34.813876],[135.392719,34.813847],[135.392668,34.813809]],[[135.392668,34.813809],[135.392516,34.814149],[135.392408,34.814144],[135.392385,34.81415],[135.392372,34.814169],[135.392333,34.814272],[135.392259,34.814413],[135.392221,34.814424],[135.392126,34.814479],[135.39204,34.814565],[135.392014,34.814593],[135.391937,34.814674],[135.391902,34.814717],[135.391661,34.81458],[135.391623,34.814557]],[[135.391623,34.814557],[135.391582,34.814533],[135.391483,34.814494],[135.391379,34.814464],[135.391366,34.814461]],[[135.391366,34.814461],[135.391332,34.814455],[135.391275,34.814434],[135.390874,34.814265]],[[135.390874,34.814265],[135.390857,34.814288],[135.390822,34.814334],[135.390542,34.814771],[135.390464,34.814889],[135.390311,34.815151],[135.389868,34.814936],[135.389757,34.814883],[135.389538,34.814809],[135.389105,34.814652]],[[135.389105,34.814652],[135.389096,34.814675],[135.388928,34.814859],[135.388773,34.815062],[135.388713,34.815118],[135.388619,34.815206],[135.388528,34.81538],[135.388399,34.815514]],[[135.392252,34.816316],[135.392389,34.816035],[135.392417,34.815991],[135.392448,34.815964],[135.392495,34.81594],[135.39258,34.815912],[135.392599,34.815898],[135.392607,34.815871],[135.392634,34.815623],[135.392635,34.815599],[135.392642,34.815447],[135.392765,34.815286],[135.392862,34.815106],[135.392926,34.814992],[135.393005,34.814841],[135.393183,34.814483],[135.393195,34.814458],[135.393223,34.814406],[135.39335,34.814159]],[[135.391455,34.814317],[135.391613,34.814061],[135.391617,34.814063]],[[135.391617,34.814063],[135.391678,34.813937],[135.391424,34.813836],[135.39132,34.813996],[135.39124,34.814231],[135.391455,34.814317]],[[135.396027,34.8155],[135.396077,34.815185],[135.396124,34.815096],[135.396312,34.814741],[135.396526,34.814336]],[[135.396526,34.814336],[135.3964,34.814244]],[[135.3964,34.814244],[135.396321,34.814187],[135.396298,34.814184],[135.396249,34.814178],[135.396162,34.814145],[135.396095,34.814095],[135.396031,34.814039],[135.395803,34.813892],[135.395918,34.813831]],[[135.395918,34.813831],[135.395931,34.813776],[135.395941,34.813728],[135.39593,34.813381],[135.395915,34.813298],[135.395592,34.813313],[135.395344,34.813324],[135.395225,34.81334],[135.395019,34.813276],[135.394402,34.813084],[135.394462,34.812835],[135.394081,34.812715]],[[135.394081,34.812715],[135.394032,34.812811],[135.393944,34.812984],[135.393886,34.813099],[135.393846,34.813178],[135.393668,34.813532],[135.393419,34.814026],[135.39335,34.814159]],[[135.393609,34.816561],[135.393648,34.816335],[135.39369,34.816219],[135.393622,34.816072],[135.393607,34.816042],[135.393595,34.81602],[135.393757,34.816009],[135.393853,34.816005],[135.393996,34.816005],[135.394068,34.815872],[135.39409,34.815853],[135.394116,34.815844],[135.394155,34.815842],[135.394202,34.815856],[135.394315,34.815891],[135.394367,34.815919],[135.394469,34.815984],[135.394518,34.816005],[135.394575,34.816018],[135.394614,34.816021],[135.394636,34.815761],[135.394643,34.815488],[135.39487,34.815457],[135.395159,34.815416],[135.395156,34.815422],[135.395016,34.815774],[135.394974,34.81588],[135.395118,34.81594],[135.395124,34.81594],[135.395298,34.815582],[135.395332,34.815446],[135.395335,34.815429],[135.395389,34.815435],[135.396027,34.8155]],[[135.395611,34.816509],[135.395279,34.816414],[135.395264,34.816431],[135.395185,34.816415],[135.395165,34.816383],[135.395058,34.816534],[135.395212,34.816627],[135.395105,34.816738],[135.39519,34.816794],[135.395482,34.816837],[135.395611,34.816509]],[[135.391651,34.810527],[135.391632,34.810612],[135.391623,34.810682],[135.391593,34.810759],[135.391575,34.810799],[135.391536,34.810881],[135.391456,34.811049],[135.391359,34.811161],[135.391169,34.811367],[135.391112,34.811481],[135.390989,34.811658],[135.39094,34.811829],[135.390922,34.811867],[135.39078,34.812108],[135.390708,34.812265],[135.390635,34.812363],[135.390421,34.812577],[135.390284,34.812706],[135.390159,34.812825],[135.390058,34.812964]],[[135.390058,34.812964],[135.390205,34.812974],[135.390275,34.812979],[135.39044,34.812991],[135.39052,34.813003],[135.390523,34.813003],[135.390566,34.813012],[135.390659,34.81303],[135.390706,34.81304]],[[135.390706,34.81304],[135.390752,34.81305],[135.390816,34.813069],[135.390884,34.813106],[135.390948,34.813147],[135.391016,34.813204],[135.391089,34.813233]],[[135.391089,34.813233],[135.391383,34.813352]],[[135.391383,34.813352],[135.391715,34.813479],[135.391915,34.813546],[135.392008,34.813579]],[[135.392008,34.813579],[135.392085,34.813607]],[[135.392085,34.813607],[135.392108,34.813615],[135.392321,34.81368],[135.392632,34.813782],[135.392668,34.813809]],[[135.394081,34.812715],[135.394186,34.812513],[135.3942,34.81249],[135.394211,34.81247],[135.394325,34.812249],[135.394433,34.812039],[135.394462,34.811982],[135.394525,34.81186],[135.394643,34.81163],[135.394711,34.81148],[135.394767,34.811323],[135.394824,34.81113],[135.394856,34.810866]],[[135.394856,34.810866],[135.394054,34.810781],[135.393904,34.810766],[135.393654,34.810739],[135.392498,34.810617],[135.391651,34.810527]],[[135.397466,34.812146],[135.397521,34.812145],[135.397555,34.812137],[135.397584,34.812119],[135.397626,34.812062],[135.397659,34.812041],[135.397688,34.812026],[135.3978,34.811993],[135.397805,34.811955],[135.397848,34.811643],[135.397884,34.811556],[135.397899,34.811492],[135.397908,34.81141],[135.397925,34.811088]],[[135.397925,34.811088],[135.396282,34.810981],[135.394856,34.810866]],[[135.395918,34.813831],[135.39609,34.813755],[135.396121,34.813741],[135.396217,34.813698],[135.396356,34.813636],[135.396418,34.813611],[135.396508,34.813583],[135.396576,34.81355],[135.396663,34.813488],[135.396831,34.813347],[135.396889,34.813277],[135.396964,34.813187],[135.397013,34.813145],[135.397136,34.813051],[135.397177,34.813004],[135.397206,34.812973],[135.397279,34.812869],[135.397342,34.812776],[135.397368,34.812728],[135.397382,34.8127],[135.397413,34.812623],[135.397448,34.812484],[135.397461,34.812403],[135.39746,34.812319],[135.397452,34.812147],[135.397466,34.812146]],[[135.390874,34.814265],[135.391103,34.813964],[135.391147,34.813895],[135.391191,34.813818],[135.391228,34.813721],[135.391383,34.813352]],[[135.391089,34.813233],[135.390933,34.813502],[135.390772,34.813439],[135.390772,34.813437],[135.390773,34.813437],[135.390817,34.813368],[135.390657,34.81334],[135.390651,34.813339],[135.390674,34.813297],[135.390609,34.813276],[135.390706,34.81304]],[[135.390058,34.812964],[135.389949,34.813114]],[[135.389512,34.813722],[135.389394,34.814008],[135.389376,34.814047],[135.389302,34.814207],[135.38922,34.814392],[135.389188,34.814461],[135.389184,34.81447],[135.389144,34.814555],[135.389105,34.814652]],[[135.392008,34.813579],[135.391718,34.814111],[135.391617,34.814063]],[[135.391455,34.814317],[135.391366,34.814461]],[[135.391623,34.814557],[135.391846,34.814225],[135.391839,34.814169],[135.391942,34.813938],[135.391979,34.813865],[135.392034,34.813798],[135.392061,34.813728],[135.392082,34.813645],[135.392085,34.813607]],[[135.396363,34.816297],[135.396377,34.816254],[135.396394,34.816178],[135.396395,34.816102],[135.396393,34.816016],[135.396376,34.815874],[135.396326,34.81553]],[[135.396326,34.81553],[135.396044,34.815502]],[[135.396044,34.815502],[135.396072,34.815561],[135.395941,34.815884]],[[135.395941,34.815884],[135.395941,34.815884]],[[135.395941,34.815884],[135.395951,34.815889]],[[135.395951,34.815889],[135.395951,34.815889]],[[135.395951,34.815889],[135.396014,34.815917],[135.395909,34.81616],[135.395838,34.816294],[135.395785,34.816484],[135.395883,34.816512],[135.396026,34.816193],[135.396046,34.816166],[135.396077,34.816168],[135.396096,34.816175],[135.396132,34.816191],[135.396124,34.816218],[135.396115,34.816236],[135.396114,34.816264],[135.396127,34.816269],[135.396146,34.816275],[135.396183,34.816288],[135.396207,34.816299],[135.396255,34.816312],[135.396363,34.816297]],[[135.396044,34.815502],[135.396027,34.8155]],[[135.393609,34.816561],[135.394076,34.816648],[135.394228,34.816676],[135.394603,34.816746],[135.394772,34.816778],[135.395331,34.816874],[135.395565,34.816917],[135.395785,34.816961],[135.396251,34.817071]],[[135.396251,34.817071],[135.396264,34.816978],[135.396268,34.816931],[135.396263,34.816893],[135.396237,34.816809],[135.396238,34.816731],[135.396251,34.816587],[135.396293,34.816472],[135.396315,34.81642],[135.396347,34.816345],[135.396363,34.816297]],[[135.396643,34.817186],[135.396251,34.817071]],[[135.392755,34.817807],[135.393044,34.818102]],[[135.393719,34.817993],[135.393564,34.81791],[135.393704,34.817635],[135.394074,34.817726],[135.394073,34.817765]],[[135.39546,34.818256],[135.39549,34.818126],[135.395542,34.817971],[135.39563,34.817708],[135.395679,34.817577],[135.395697,34.817529],[135.395734,34.817463],[135.395762,34.817429],[135.39581,34.817395],[135.39587,34.817372],[135.396148,34.817282],[135.396298,34.817246],[135.396643,34.817186]],[[135.396643,34.817186],[135.396855,34.817261],[135.397118,34.817357],[135.397332,34.817442],[135.397524,34.817527],[135.398116,34.817805]],[[135.398116,34.817805],[135.398199,34.817668],[135.398223,34.817619],[135.398297,34.817398],[135.398354,34.817226],[135.398478,34.816774],[135.398697,34.816065],[135.398796,34.815658]],[[135.398796,34.815658],[135.398395,34.81565],[135.398276,34.815647],[135.397832,34.815593],[135.396326,34.81553]],[[135.398991,34.814791],[135.398995,34.814743]],[[135.398995,34.814743],[135.398439,34.814629],[135.398363,34.81519],[135.398322,34.815198],[135.398276,34.815197],[135.397951,34.815114],[135.397955,34.81509],[135.397834,34.814945],[135.397798,34.814931],[135.397577,34.81491],[135.397475,34.814897],[135.397351,34.814862],[135.397262,34.814833],[135.397174,34.814795],[135.397089,34.814751],[135.397045,34.814724],[135.397054,34.814704],[135.397096,34.814536],[135.397118,34.814455],[135.397178,34.8143],[135.397042,34.814258],[135.396969,34.814397],[135.396822,34.814336],[135.396725,34.814498],[135.39672,34.814501],[135.396526,34.814336]],[[135.398796,34.815658],[135.398895,34.815247],[135.398943,34.815082],[135.398967,34.81497],[135.398991,34.814791]],[[135.399049,34.814266],[135.399059,34.814185],[135.3991,34.813894],[135.399202,34.813471],[135.399234,34.813363]],[[135.399234,34.813363],[135.399267,34.813249],[135.39932,34.813027]],[[135.39932,34.813027],[135.399336,34.812963],[135.399451,34.812462]],[[135.399451,34.812462],[135.39954,34.812093],[135.399576,34.811943],[135.399624,34.811744]],[[135.399624,34.811744],[135.398936,34.811551],[135.398868,34.811737],[135.399155,34.811821],[135.399112,34.811965],[135.399106,34.811987],[135.398565,34.811856],[135.398748,34.81211],[135.39911,34.812193],[135.399065,34.812363],[135.398959,34.81232],[135.398901,34.812287],[135.398862,34.812254],[135.398832,34.812225],[135.398795,34.812478],[135.398749,34.8127],[135.398643,34.813169],[135.398473,34.813121],[135.398473,34.813118],[135.398337,34.81308],[135.398387,34.812875],[135.398392,34.812863],[135.398352,34.812856],[135.39835,34.812847],[135.398403,34.812458],[135.39843,34.812251],[135.398159,34.812228],[135.398156,34.812244],[135.397749,34.812211],[135.397693,34.812201],[135.397691,34.812193],[135.397536,34.81216],[135.397493,34.812158],[135.397466,34.812146]],[[135.3964,34.814244],[135.396524,34.814039],[135.396688,34.814127],[135.396882,34.814207],[135.39712,34.814053],[135.397065,34.814036],[135.397154,34.813609],[135.397219,34.813609],[135.397465,34.81325],[135.397716,34.81329],[135.397727,34.81324],[135.39788,34.813275],[135.397881,34.813273],[135.397887,34.813276],[135.397988,34.813283],[135.398116,34.813292],[135.398161,34.813291],[135.3982,34.813292],[135.398273,34.813292],[135.398435,34.813293],[135.398419,34.813368],[135.398517,34.813382],[135.398481,34.813624],[135.398381,34.813613],[135.398318,34.814003],[135.397852,34.813872],[135.397753,34.814224],[135.397969,34.814266],[135.398044,34.814278],[135.398007,34.814434],[135.398289,34.814468],[135.398627,34.814551],[135.398644,34.8144],[135.398788,34.814402],[135.398811,34.814239],[135.399049,34.814266]],[[135.398995,34.814743],[135.399049,34.814266]],[[135.399624,34.811744],[135.399667,34.811564],[135.399756,34.811194]],[[135.399756,34.811194],[135.398025,34.811092]],[[135.398025,34.811092],[135.397925,34.811088]],[[135.40075,34.818627],[135.400345,34.818626]],[[135.400345,34.818626],[135.40033,34.818958],[135.400336,34.819017],[135.400378,34.819119],[135.400385,34.819173],[135.400374,34.819351],[135.400357,34.819567],[135.399835,34.819534],[135.399802,34.819685],[135.399791,34.819734]],[[135.399791,34.819734],[135.399815,34.819752],[135.399893,34.819822],[135.399972,34.819879],[135.400027,34.819915],[135.400093,34.819939],[135.400266,34.81997],[135.400275,34.819998],[135.400429,34.820018]],[[135.400429,34.820018],[135.400433,34.820007],[135.400461,34.819975],[135.400485,34.819958],[135.400521,34.819951],[135.400707,34.819939],[135.4007,34.819463],[135.400702,34.819322],[135.400708,34.819257],[135.400744,34.819145],[135.40075,34.818627]],[[135.398495,34.819147],[135.398475,34.819126],[135.398604,34.819121],[135.398726,34.819128],[135.398824,34.818935],[135.398978,34.818961],[135.398979,34.818952],[135.399451,34.819018],[135.399953,34.819036],[135.399978,34.818621]],[[135.399978,34.818621],[135.399855,34.818606],[135.399714,34.818585],[135.399615,34.81856],[135.399454,34.818503],[135.399337,34.818438],[135.398977,34.818262],[135.398832,34.818193],[135.398099,34.817833],[135.398116,34.817805]],[[135.39546,34.818256],[135.395519,34.818308],[135.395568,34.818353],[135.395619,34.818403],[135.39568,34.818446],[135.395748,34.818478],[135.395779,34.818487],[135.395845,34.818506],[135.395914,34.81854],[135.396002,34.818593],[135.396049,34.818617],[135.396072,34.818622],[135.396116,34.819151],[135.396096,34.819151],[135.396132,34.819498],[135.396135,34.819523],[135.39606,34.819518],[135.395782,34.819494],[135.395785,34.819477],[135.395782,34.819334],[135.395796,34.819054],[135.395622,34.819048],[135.395626,34.818796],[135.395372,34.818751]],[[135.397158,34.820195],[135.397162,34.820038],[135.397332,34.819831],[135.397347,34.819813],[135.397195,34.819635],[135.397078,34.819517],[135.397064,34.819496],[135.397045,34.819358],[135.39702,34.819032],[135.39714,34.818973],[135.397215,34.818904],[135.397268,34.81885],[135.397521,34.81856],[135.397556,34.818525],[135.398049,34.818777],[135.398065,34.818918],[135.398112,34.818955],[135.398125,34.818976],[135.398123,34.819008],[135.398136,34.819024],[135.398238,34.819054],[135.398287,34.819066],[135.398337,34.819092],[135.398394,34.819116],[135.398495,34.819147]],[[135.396284,34.817703],[135.396607,34.817362],[135.396624,34.817391],[135.396656,34.817423],[135.396748,34.817475],[135.396363,34.817904],[135.396362,34.817903],[135.396324,34.817799],[135.396304,34.817743],[135.39629,34.817711],[135.396284,34.817703]],[[135.40075,34.818627],[135.40081,34.818533],[135.401054,34.818565],[135.400831,34.818247],[135.400817,34.81818],[135.400794,34.818026],[135.400792,34.817953],[135.400788,34.817816],[135.400778,34.817732],[135.400728,34.817431],[135.400795,34.817355],[135.400798,34.817339],[135.400799,34.817332],[135.400806,34.817288],[135.400859,34.817044],[135.400885,34.816948],[135.400927,34.816862],[135.400938,34.816543],[135.400939,34.816416],[135.400948,34.816362],[135.401013,34.81617],[135.401056,34.815734]],[[135.401056,34.815734],[135.400475,34.815721],[135.400304,34.815718],[135.399743,34.815681],[135.399225,34.815659]],[[135.399225,34.815659],[135.398796,34.815658]],[[135.399978,34.818621],[135.400125,34.818626],[135.400345,34.818626]],[[135.399234,34.813363],[135.39973,34.813446],[135.399736,34.813442],[135.399732,34.813441],[135.399786,34.813208],[135.399656,34.813187],[135.399697,34.81299],[135.399549,34.812964],[135.399527,34.813059],[135.399322,34.813026],[135.39932,34.813027]],[[135.399451,34.812462],[135.399929,34.812579],[135.400337,34.812689],[135.40129,34.812945]],[[135.40129,34.812945],[135.401551,34.81198],[135.401704,34.811397]],[[135.401704,34.811397],[135.401686,34.811315],[135.400798,34.81126],[135.399756,34.811194]],[[135.401172,34.815266],[135.401192,34.815225],[135.401251,34.815116],[135.401266,34.815086],[135.401329,34.814986],[135.401375,34.814891],[135.401394,34.814832],[135.401416,34.814763],[135.401478,34.814565],[135.401524,34.814462],[135.401589,34.814333]],[[135.401589,34.814333],[135.401247,34.814285],[135.401213,34.814463],[135.401208,34.814463],[135.401051,34.814437],[135.401037,34.814509],[135.400875,34.814481],[135.400889,34.814462],[135.401007,34.814324],[135.401023,34.814305],[135.401048,34.814254],[135.401114,34.813969],[135.401161,34.813733],[135.401185,34.813611],[135.400999,34.813582],[135.40101,34.81353],[135.401077,34.813241],[135.401096,34.813157],[135.401005,34.813128],[135.400985,34.813179],[135.400649,34.813104],[135.400573,34.81345],[135.400556,34.813512],[135.400661,34.813528],[135.400569,34.813907],[135.400519,34.814167],[135.40036,34.814142],[135.400226,34.814128],[135.399743,34.814092],[135.399727,34.814338],[135.399722,34.81442],[135.399564,34.814419],[135.399564,34.814417],[135.399364,34.814406],[135.399334,34.81484],[135.398991,34.814791]],[[135.399225,34.815659],[135.399238,34.815489],[135.399241,34.815398],[135.399251,34.815334],[135.399266,34.815297],[135.399312,34.815262],[135.399341,34.815229],[135.399356,34.815188],[135.399377,34.815116],[135.399396,34.815013],[135.39942,34.814852],[135.399547,34.814869],[135.400037,34.814888],[135.400122,34.814929],[135.400233,34.814979],[135.400384,34.815033],[135.400649,34.815117],[135.400739,34.815146],[135.401172,34.815266]],[[135.398495,34.819147],[135.398539,34.819158],[135.398575,34.819165],[135.398623,34.81917],[135.39883,34.819183],[135.398909,34.819194],[135.398963,34.819212],[135.399016,34.819241],[135.399093,34.819305],[135.399107,34.81932],[135.399165,34.819417],[135.399201,34.819477],[135.399258,34.819513],[135.399402,34.819545],[135.39955,34.819604],[135.399693,34.819674],[135.399791,34.819734]],[[135.401589,34.814333],[135.401663,34.814189],[135.401813,34.813913],[135.401821,34.813897],[135.401923,34.813711],[135.402184,34.813233],[135.402205,34.813196],[135.40129,34.812945]],[[135.401056,34.815734],[135.401066,34.815629],[135.401098,34.815458],[135.401124,34.815372],[135.401172,34.815266]],[[135.401416,34.823157],[135.401092,34.823155],[135.400941,34.823149],[135.400745,34.823124],[135.400613,34.823105],[135.400481,34.823077],[135.400366,34.82304],[135.400288,34.823016],[135.400166,34.822969],[135.400046,34.822916],[135.399958,34.822876],[135.399824,34.822821],[135.399639,34.822758],[135.399593,34.822744],[135.399344,34.822661],[135.399269,34.822629],[135.399203,34.822586],[135.3991,34.822511],[135.398991,34.822422],[135.398768,34.822248],[135.398722,34.822231],[135.398646,34.822213],[135.398552,34.822208],[135.398242,34.822172],[135.397943,34.82209],[135.397856,34.822073],[135.397793,34.822073],[135.39763,34.822119],[135.397585,34.822123],[135.397548,34.822112],[135.397463,34.822079],[135.397362,34.82205],[135.397245,34.822029],[135.397187,34.822013],[135.397122,34.821976],[135.397076,34.821967],[135.397048,34.821975],[135.396985,34.822055],[135.396936,34.822096],[135.396885,34.822137],[135.39681,34.822198],[135.39675,34.822265],[135.396714,34.822319],[135.396695,34.822376],[135.396695,34.822431],[135.396711,34.822511],[135.396717,34.822591],[135.396713,34.822638],[135.396694,34.822674],[135.396644,34.822713],[135.396548,34.82277],[135.396298,34.822819],[135.396215,34.822818],[135.396127,34.822802]],[[135.397933,34.824089],[135.397935,34.824083],[135.397937,34.824078],[135.397943,34.824064],[135.397944,34.824059],[135.397945,34.824058],[135.397951,34.824042],[135.397954,34.824036],[135.397963,34.824038],[135.397964,34.824036],[135.397974,34.82401],[135.398199,34.824034],[135.398366,34.824036],[135.398493,34.824015],[135.398484,34.823977],[135.398464,34.823949],[135.398423,34.823888],[135.398334,34.823784],[135.398664,34.823867],[135.398701,34.823724],[135.3993,34.823816],[135.399947,34.823916],[135.400005,34.82369],[135.400048,34.823578],[135.40007,34.823518],[135.400107,34.823428],[135.400182,34.823238],[135.400205,34.823191],[135.40021,34.823182],[135.40036,34.823212],[135.400331,34.82333],[135.400331,34.823331],[135.400445,34.823355],[135.400484,34.823201],[135.400495,34.823156],[135.400497,34.823157],[135.400507,34.823158],[135.400637,34.823176],[135.400795,34.823202],[135.401116,34.823255],[135.401183,34.823183],[135.401407,34.823202],[135.401416,34.823157]],[[135.400438,34.821522],[135.400178,34.821469],[135.400026,34.821434],[135.39981,34.821375],[135.399413,34.821242],[135.399237,34.821173],[135.399118,34.821113],[135.399016,34.821054],[135.39888,34.820952],[135.398763,34.820852],[135.398635,34.820735],[135.39851,34.820621],[135.398401,34.820523],[135.398324,34.820461],[135.398195,34.820376],[135.398079,34.82032],[135.397949,34.820267],[135.397854,34.820241],[135.397832,34.820235],[135.397733,34.820212],[135.397552,34.820184],[135.397344,34.82018],[135.397158,34.820195]],[[135.401416,34.823157],[135.401422,34.823138],[135.40144,34.823083],[135.401487,34.823],[135.401509,34.822972],[135.401559,34.822923],[135.401553,34.822835],[135.401554,34.822831],[135.401591,34.822688],[135.401678,34.822344],[135.401258,34.822258],[135.401084,34.82222],[135.400878,34.822197],[135.400305,34.822134],[135.40032,34.821793],[135.40033,34.821708],[135.400375,34.821629],[135.400438,34.821522]],[[135.400438,34.821522],[135.40047,34.821439],[135.400484,34.821357],[135.400472,34.821251],[135.400425,34.821009],[135.400443,34.820877],[135.400388,34.82087],[135.400427,34.820598],[135.400324,34.820588],[135.400371,34.820317],[135.40038,34.820267],[135.400405,34.820114],[135.400414,34.820064],[135.400429,34.820018]],[[135.394306,34.806276],[135.394488,34.806404]],[[135.394488,34.806404],[135.394582,34.80647],[135.394695,34.806543],[135.394797,34.806598],[135.394879,34.806629],[135.394968,34.806661],[135.395227,34.80676],[135.395666,34.805957]],[[135.395666,34.805957],[135.39559,34.805945],[135.395363,34.805863],[135.39517,34.805777],[135.395042,34.805706],[135.395,34.80568],[135.394943,34.805646],[135.394811,34.80556],[135.394649,34.805724],[135.394536,34.80587],[135.394427,34.806035],[135.394357,34.806165],[135.394321,34.806244],[135.394306,34.806276]],[[135.396623,34.807269],[135.396615,34.80694],[135.396431,34.806917]],[[135.396431,34.806917],[135.395785,34.806836],[135.39577,34.807131],[135.395551,34.806954],[135.395416,34.806851],[135.395388,34.806837],[135.395318,34.807038],[135.394682,34.80691],[135.394529,34.807329],[135.394635,34.807411],[135.394486,34.807769],[135.394533,34.807812],[135.394603,34.8079],[135.394651,34.807939],[135.39473,34.807995],[135.394764,34.808033]],[[135.394764,34.808033],[135.394781,34.808085],[135.394779,34.808128],[135.394771,34.808169],[135.394753,34.808229],[135.394721,34.80833],[135.39471,34.808378],[135.394697,34.808451],[135.394698,34.808579],[135.394696,34.808623],[135.394688,34.808696],[135.394663,34.808854],[135.394622,34.809061],[135.394573,34.809036],[135.394546,34.809013],[135.394494,34.808894],[135.394446,34.808817],[135.394352,34.808726],[135.394282,34.80867],[135.394189,34.808546],[135.394194,34.808492],[135.394195,34.808478],[135.394148,34.808423]],[[135.394148,34.808423],[135.394126,34.808398],[135.394131,34.808354],[135.394128,34.808297],[135.393976,34.807839],[135.394319,34.807646],[135.394359,34.807359],[135.393639,34.807353],[135.393553,34.807618],[135.393192,34.807447]],[[135.393192,34.807447],[135.393167,34.807483],[135.393156,34.807499],[135.393107,34.807572],[135.393073,34.807634],[135.393016,34.807771],[135.39292,34.807857],[135.392864,34.807929],[135.392854,34.807944],[135.392792,34.808027],[135.392711,34.808165],[135.392594,34.808326],[135.392464,34.808526],[135.392465,34.80859],[135.392471,34.80867],[135.392477,34.808736],[135.392468,34.808763]],[[135.392468,34.808763],[135.392686,34.808777],[135.393544,34.80905],[135.393472,34.809064],[135.393432,34.809074],[135.393197,34.809267],[135.393157,34.809317]],[[135.393157,34.809317],[135.393141,34.809351],[135.393144,34.809374],[135.39316,34.809387],[135.393338,34.809453],[135.393367,34.80947],[135.39338,34.809486],[135.39338,34.809503],[135.393335,34.809573],[135.393333,34.809604],[135.393346,34.809627],[135.393383,34.809649],[135.393495,34.809693],[135.393517,34.809725],[135.39352,34.809756],[135.393511,34.80978],[135.393476,34.809817],[135.39338,34.809887],[135.393369,34.80991],[135.393371,34.810012],[135.392689,34.810042],[135.391792,34.81006]],[[135.391792,34.81006],[135.391778,34.810121],[135.39175,34.810229],[135.391655,34.810506],[135.391651,34.810527]],[[135.394856,34.810866],[135.394966,34.809957],[135.394977,34.809867],[135.394992,34.809761],[135.39505,34.809517],[135.395086,34.809403],[135.395186,34.809175],[135.395369,34.808695],[135.395385,34.808654],[135.395473,34.808422],[135.395565,34.808153],[135.395702,34.807749],[135.395837,34.807632],[135.395912,34.80759],[135.395933,34.807579],[135.396149,34.807472],[135.396506,34.807312],[135.396623,34.807269]],[[135.399163,34.807875],[135.399156,34.807856],[135.399107,34.807799],[135.399107,34.807799],[135.399104,34.807796],[135.399103,34.807795],[135.399079,34.807767],[135.399021,34.807722],[135.39899,34.807695],[135.398681,34.807578],[135.398533,34.807534],[135.398651,34.807263],[135.398758,34.807031],[135.398628,34.807001],[135.398556,34.806988],[135.398433,34.807293],[135.398353,34.807499],[135.398276,34.80769],[135.398254,34.807853],[135.398222,34.80803],[135.39809,34.808009],[135.397863,34.807981],[135.397882,34.807928],[135.397937,34.807756],[135.397979,34.807606],[135.397862,34.807579],[135.397879,34.807516],[135.398057,34.80711],[135.397985,34.807082],[135.398027,34.806992],[135.397968,34.806971],[135.398038,34.806839],[135.398137,34.80665],[135.398662,34.80679],[135.398711,34.806603],[135.398216,34.806516],[135.398229,34.806468],[135.398089,34.806419],[135.397933,34.806361],[135.397952,34.806314],[135.397423,34.806133],[135.397278,34.806521],[135.39725,34.806516]],[[135.39725,34.806516],[135.397021,34.807119],[135.396623,34.807269]],[[135.398025,34.811092],[135.397424,34.810244],[135.397383,34.810185],[135.397388,34.810165],[135.397437,34.809997],[135.397516,34.809722],[135.397583,34.809492],[135.397636,34.809309],[135.397707,34.809242],[135.397989,34.808993],[135.398208,34.808785],[135.39845,34.808554],[135.398666,34.808349],[135.399095,34.80794],[135.399163,34.807875]],[[135.401704,34.811397],[135.402823,34.811451],[135.403102,34.810776],[135.403914,34.810777],[135.403983,34.810726],[135.404041,34.810034],[135.403233,34.809704],[135.401535,34.80901],[135.40051,34.808594],[135.400441,34.808567],[135.400536,34.808202],[135.400658,34.807851],[135.400224,34.80764],[135.400102,34.807581],[135.39995,34.807571],[135.399924,34.807566],[135.399762,34.807531],[135.399574,34.807491],[135.3993,34.807731],[135.399163,34.807875]],[[135.392468,34.808763],[135.392449,34.808819],[135.392358,34.808984],[135.392338,34.809015]],[[135.392338,34.809015],[135.392577,34.809119],[135.392705,34.809142],[135.393157,34.809317]],[[135.394764,34.808033],[135.394286,34.808412],[135.394148,34.808423]],[[135.396468,34.806063],[135.396459,34.806079],[135.396427,34.80614],[135.396408,34.806227],[135.396397,34.806456],[135.396407,34.806797],[135.396431,34.806917]],[[135.39725,34.806516],[135.397239,34.806514],[135.397149,34.806494],[135.397097,34.806483],[135.397072,34.806474],[135.396997,34.806446],[135.39692,34.8064],[135.396803,34.806322],[135.396692,34.806199],[135.396622,34.806137],[135.396618,34.806134],[135.396517,34.806073],[135.396468,34.806063]],[[135.392164,34.809302],[135.392149,34.809328],[135.392111,34.809389]],[[135.392111,34.809389],[135.392144,34.809406],[135.392332,34.809498],[135.392354,34.809462],[135.392554,34.809561],[135.392765,34.809665],[135.392923,34.809499],[135.392628,34.80938],[135.392558,34.809431],[135.392164,34.809302]],[[135.394306,34.806276],[135.394272,34.806347],[135.394227,34.806537],[135.393986,34.806732],[135.393839,34.806868]],[[135.393839,34.806868],[135.393838,34.807015],[135.393839,34.80702],[135.39384,34.807022],[135.393842,34.807024],[135.393845,34.807026],[135.393848,34.807027],[135.393851,34.807028],[135.393854,34.807029],[135.393859,34.80703],[135.39387,34.80703],[135.39398,34.807032],[135.394104,34.807032],[135.394125,34.807033],[135.394139,34.807033],[135.394144,34.807034],[135.394151,34.807035],[135.394154,34.807036],[135.394157,34.807037],[135.394159,34.807038],[135.394161,34.807039],[135.394163,34.80704],[135.394164,34.807041],[135.394168,34.807045],[135.394171,34.807049],[135.394176,34.807056],[135.394182,34.807065],[135.394188,34.807075],[135.394201,34.807099],[135.394214,34.80712],[135.39422,34.80713],[135.394228,34.807144],[135.394236,34.807157],[135.394243,34.807169],[135.39425,34.80718],[135.394488,34.806404]],[[135.392338,34.809015],[135.392253,34.809149],[135.392164,34.809302]],[[135.392111,34.809389],[135.392039,34.809502],[135.391928,34.809666],[135.39185,34.809897],[135.391797,34.810036],[135.391792,34.81006]],[[135.396468,34.806063],[135.396388,34.806048],[135.39614,34.805984],[135.395885,34.805976],[135.395771,34.805973],[135.395666,34.805957]],[[135.393839,34.806868],[135.393723,34.806902],[135.393604,34.806984],[135.393351,34.807107],[135.393245,34.807189],[135.393224,34.807243],[135.393227,34.807322],[135.393222,34.807405],[135.393192,34.807447]],[[135.311975,34.958935],[135.311364,34.95746],[135.311127,34.957022],[135.311064,34.957051],[135.311006,34.957089],[135.310925,34.957187],[135.310578,34.957591],[135.310537,34.957605],[135.310482,34.957633],[135.310429,34.957695],[135.310358,34.957813],[135.310317,34.95785],[135.31028,34.957867],[135.310247,34.957869],[135.310222,34.957858],[135.310196,34.957812],[135.310145,34.957658],[135.310114,34.957601],[135.31006,34.957569],[135.309973,34.957543],[135.309887,34.957541],[135.309814,34.957567],[135.309635,34.957605],[135.309548,34.957601],[135.309481,34.95759],[135.308866,34.957538],[135.308705,34.95756],[135.30861,34.957613],[135.308538,34.957671],[135.3085,34.957725],[135.308455,34.957826],[135.308399,34.95804],[135.308374,34.958103],[135.308305,34.958145],[135.308232,34.958145],[135.308126,34.958118],[135.308061,34.958091],[135.308018,34.958018],[135.307981,34.957745],[135.307936,34.957697],[135.30788,34.9577],[135.307816,34.957723],[135.307779,34.957758],[135.307693,34.958074],[135.307654,34.958095],[135.307557,34.9581],[135.307238,34.958093],[135.307126,34.958071],[135.307047,34.958028],[135.307002,34.957966],[135.306916,34.957788],[135.306841,34.957644],[135.306738,34.957569],[135.306388,34.957387],[135.305222,34.956804],[135.304554,34.956492],[135.304942,34.9557],[135.305771,34.95613],[135.30613,34.956256],[135.306763,34.95638],[135.306982,34.95641],[135.30715,34.956455],[135.308365,34.957084],[135.308483,34.957078],[135.30868,34.957069],[135.308823,34.957047],[135.308947,34.957013],[135.309201,34.956921],[135.309295,34.956866],[135.309368,34.956795],[135.309376,34.956753],[135.30935,34.956685],[135.309317,34.956617],[135.309245,34.956556],[135.30917,34.956503],[135.308838,34.956176],[135.308059,34.955372],[135.307942,34.955189],[135.307959,34.955168],[135.309407,34.955274],[135.309484,34.955266],[135.309577,34.955235],[135.30964,34.955194],[135.309705,34.955126],[135.3098,34.955078],[135.309914,34.955044],[135.310664,34.954927],[135.310746,34.954891],[135.310794,34.954837],[135.310817,34.954785],[135.310816,34.954721],[135.31077,34.95467],[135.310689,34.954628],[135.309355,34.954387],[135.3098,34.953865],[135.3099,34.953778],[135.30996,34.953732],[135.310329,34.953562],[135.310357,34.953603],[135.310545,34.95393],[135.310738,34.954287],[135.310821,34.95439],[135.311085,34.954579],[135.311203,34.954639],[135.311301,34.954652],[135.311387,34.954636],[135.311482,34.954576],[135.311534,34.954475],[135.311542,34.954383],[135.311529,34.954306],[135.31151,34.954261],[135.311505,34.954247],[135.311444,34.954163],[135.311239,34.95394],[135.310825,34.953438],[135.31079,34.9533],[135.310755,34.953131],[135.310748,34.952946],[135.310758,34.952616],[135.311413,34.952799],[135.311643,34.952821],[135.311992,34.952818],[135.312404,34.952807],[135.312743,34.952773],[135.313134,34.952679],[135.313333,34.952894],[135.313333,34.952949],[135.313315,34.953001],[135.312816,34.953646],[135.312741,34.953816],[135.312718,34.953934],[135.312703,34.954029],[135.31277,34.954839],[135.312809,34.954878],[135.312905,34.954921],[135.313015,34.954924],[135.313238,34.954812],[135.31331,34.954803],[135.314165,34.955103],[135.314058,34.955243],[135.313966,34.955397],[135.313936,34.955492],[135.313864,34.955695],[135.314247,34.955839],[135.314427,34.955886],[135.314556,34.955928],[135.31466,34.955992],[135.314855,34.956149],[135.315209,34.956152]],[[135.315209,34.956152],[135.315136,34.955978],[135.314978,34.95557],[135.31495,34.95546],[135.314928,34.955359],[135.31491,34.955326],[135.314872,34.9553],[135.314668,34.955218],[135.314572,34.955158],[135.314483,34.95511],[135.314431,34.955046],[135.314407,34.954978],[135.314349,34.954617],[135.314338,34.954475],[135.314344,34.954155],[135.314358,34.954105],[135.314383,34.954061],[135.314508,34.954016],[135.314912,34.953924],[135.3151,34.953867],[135.315283,34.95379],[135.315491,34.953688],[135.315752,34.953532],[135.315863,34.95346],[135.315907,34.953407],[135.315928,34.953356],[135.315972,34.953229],[135.316009,34.953174],[135.316184,34.952981],[135.316257,34.952921],[135.316348,34.952865],[135.316426,34.952836],[135.316517,34.952809],[135.31675,34.952746],[135.316826,34.952718],[135.316857,34.952677],[135.316867,34.95263],[135.316856,34.952597],[135.316835,34.952559],[135.316735,34.952436],[135.316689,34.952346],[135.316678,34.952292],[135.316674,34.952004],[135.316688,34.95173],[135.316735,34.951526],[135.316755,34.951419],[135.316754,34.951339],[135.316739,34.951184],[135.316738,34.951106],[135.316777,34.951011],[135.316829,34.950925],[135.316914,34.950827],[135.317,34.95076],[135.317188,34.950612],[135.317225,34.950563],[135.317273,34.950477],[135.317314,34.950358],[135.317423,34.950021],[135.31758,34.949528],[135.317677,34.94922],[135.317716,34.949134],[135.317776,34.949055],[135.317909,34.948927],[135.317974,34.948881],[135.318231,34.948731],[135.318268,34.948356],[135.318458,34.948228],[135.318517,34.948176],[135.318696,34.947953],[135.318731,34.947895],[135.318791,34.947766],[135.318824,34.947718],[135.318969,34.947546],[135.318996,34.947501],[135.318994,34.947445],[135.318983,34.947311],[135.318984,34.947263],[135.319,34.947208],[135.319234,34.946822],[135.319343,34.946659],[135.3194,34.946603],[135.319461,34.946566],[135.319656,34.946487],[135.319793,34.946411],[135.319949,34.946302],[135.320014,34.946246],[135.320093,34.946144],[135.320236,34.945972],[135.320359,34.945828],[135.320418,34.945745],[135.32055,34.945547],[135.320602,34.945486],[135.320667,34.945431],[135.320753,34.945354],[135.320799,34.945289],[135.320826,34.945214],[135.320831,34.945079],[135.320819,34.944917],[135.320799,34.944823],[135.320767,34.944733],[135.320667,34.944514],[135.320578,34.944305],[135.320574,34.94426],[135.320584,34.944222],[135.320622,34.944195],[135.320689,34.944172],[135.320871,34.944099],[135.321066,34.944023],[135.321158,34.943975],[135.321325,34.943886],[135.321443,34.943843],[135.321506,34.943825],[135.321641,34.943807],[135.321706,34.943791],[135.321754,34.943762],[135.321807,34.943718],[135.321876,34.943639],[135.322019,34.943497],[135.322097,34.943433],[135.32225,34.943319],[135.322359,34.943233],[135.322411,34.943176],[135.322427,34.943145],[135.322437,34.943096],[135.322442,34.942927],[135.322452,34.942822],[135.322483,34.94271],[135.322514,34.942647],[135.322566,34.942582],[135.322666,34.942506],[135.322916,34.942344],[135.323222,34.942139],[135.323477,34.941975],[135.323559,34.941905],[135.323651,34.941834],[135.323702,34.941804],[135.323765,34.941786],[135.324233,34.941657],[135.32429,34.94166],[135.324388,34.94168],[135.32468,34.941751],[135.324736,34.941762],[135.324774,34.941759],[135.324826,34.941734],[135.325159,34.941513],[135.325314,34.941426],[135.325642,34.941239],[135.325671,34.941239],[135.325739,34.94129],[135.325781,34.941309],[135.32583,34.941316],[135.325966,34.941309],[135.326288,34.941281],[135.326559,34.941258],[135.326512,34.941164],[135.326503,34.941112],[135.326502,34.941071],[135.326539,34.940974],[135.326567,34.9409],[135.326585,34.940853],[135.326581,34.940815],[135.326559,34.940766],[135.326402,34.940528],[135.326368,34.940464],[135.326322,34.940353],[135.326321,34.940304],[135.326327,34.940274],[135.326411,34.940146],[135.326473,34.940001],[135.326502,34.939908],[135.326514,34.939828],[135.326509,34.939783],[135.326416,34.939517],[135.326396,34.939444],[135.326393,34.939386],[135.326386,34.939262],[135.326372,34.939191],[135.326346,34.939123],[135.326318,34.939085],[135.326277,34.939047],[135.326157,34.938987],[135.326067,34.938946],[135.325976,34.938926],[135.325741,34.938886],[135.325627,34.938859],[135.325573,34.93883],[135.325535,34.938807],[135.325461,34.938742],[135.325414,34.938719],[135.325353,34.938706],[135.324989,34.938688],[135.324917,34.938675],[135.324878,34.938656],[135.324857,34.938626],[135.324848,34.93859],[135.324856,34.938564],[135.324881,34.938516],[135.325029,34.93828],[135.325085,34.938166],[135.325139,34.938009],[135.325176,34.937904],[135.325184,34.937809],[135.325172,34.937728],[135.325133,34.937628],[135.325078,34.937549],[135.324849,34.937272],[135.32478,34.937181],[135.324724,34.937091],[135.324663,34.936956],[135.324629,34.936771],[135.324628,34.936719],[135.32463,34.93667],[135.324623,34.936628],[135.324576,34.936501],[135.324497,34.936288],[135.324404,34.936051],[135.324351,34.93593],[135.324331,34.935872],[135.32432,34.935815],[135.324325,34.935771],[135.324373,34.935701],[135.324697,34.935369],[135.324791,34.935251],[135.324861,34.935144],[135.324909,34.935027],[135.325003,34.934815],[135.325044,34.934756],[135.325109,34.934706],[135.325439,34.934515],[135.325541,34.934429],[135.325623,34.934345],[135.32569,34.934257],[135.325785,34.93412],[135.325824,34.934088],[135.325915,34.934042]],[[135.325915,34.934042],[135.325685,34.933883],[135.325484,34.933808],[135.325295,34.933759],[135.325012,34.933713],[135.324668,34.933689],[135.324363,34.93371],[135.3242,34.933733],[135.324047,34.933779],[135.323761,34.933923],[135.323578,34.93382],[135.323446,34.933769],[135.323342,34.933755],[135.323183,34.93373],[135.322879,34.933722],[135.322625,34.933728],[135.322345,34.933763],[135.320836,34.933988],[135.320143,34.932722],[135.317466,34.932993],[135.317083,34.932556],[135.31618,34.932268],[135.316145,34.932319],[135.315979,34.932481],[135.315884,34.932579],[135.315839,34.932645],[135.315805,34.932716],[135.315771,34.932813],[135.315746,34.932937],[135.315737,34.933144],[135.315747,34.933451],[135.315064,34.933595],[135.31501,34.933526],[135.314991,34.933446],[135.314974,34.933334],[135.315003,34.933159],[135.315054,34.932955],[135.315231,34.932462],[135.315006,34.932456],[135.31333,34.932359],[135.311138,34.933093],[135.309916,34.932102],[135.309574,34.932129],[135.309371,34.932131],[135.308951,34.932101]],[[135.308951,34.932101],[135.308939,34.932261],[135.308856,34.932667],[135.308817,34.932771],[135.308786,34.93283],[135.308759,34.932859],[135.30871,34.932885],[135.308583,34.932929],[135.308463,34.932946],[135.308394,34.932951],[135.308308,34.932937],[135.308216,34.932906],[135.308162,34.9329],[135.308076,34.932915],[135.307971,34.932942],[135.307836,34.933],[135.307745,34.933051],[135.307646,34.933115],[135.307563,34.933191],[135.307483,34.933289],[135.307416,34.933413],[135.307334,34.93362],[135.307316,34.93372],[135.307341,34.933819],[135.307374,34.933902],[135.307433,34.93397],[135.307503,34.934014],[135.307582,34.934044],[135.307781,34.934099],[135.307885,34.934132],[135.307989,34.934207],[135.308042,34.934269],[135.308072,34.934336],[135.308085,34.934394],[135.308074,34.934583],[135.30808,34.934658],[135.308104,34.934755],[135.308121,34.93485],[135.308128,34.934928],[135.308127,34.934989],[135.30812,34.935037],[135.308093,34.9351],[135.308046,34.935175],[135.307972,34.935262],[135.307861,34.935367],[135.307788,34.935442],[135.307712,34.935537],[135.307557,34.935734],[135.307493,34.935809],[135.30747,34.935851],[135.307445,34.935903],[135.307418,34.935955],[135.307213,34.936367],[135.307198,34.936428],[135.307202,34.936518],[135.307222,34.9366],[135.307253,34.936683],[135.307298,34.936755],[135.307308,34.936766],[135.307382,34.936839],[135.30748,34.936901],[135.307625,34.93697],[135.307823,34.937034],[135.308133,34.937129],[135.308323,34.937196],[135.308482,34.937252],[135.308586,34.937297],[135.308693,34.937361],[135.308775,34.93741],[135.308887,34.937483],[135.308983,34.937578],[135.309037,34.93765],[135.309075,34.937709],[135.309099,34.937783],[135.309119,34.937888],[135.309114,34.937941],[135.309101,34.938025],[135.309063,34.938146],[135.30898,34.938454],[135.308901,34.938777],[135.308886,34.938874],[135.308885,34.938964],[135.308907,34.939056],[135.30893,34.939156],[135.30899,34.939312],[135.309028,34.939402],[135.309059,34.939457],[135.309104,34.93952],[135.309279,34.939713],[135.309309,34.939752],[135.309352,34.939819],[135.309377,34.939893],[135.309379,34.939949],[135.309371,34.939999],[135.309358,34.940026],[135.309311,34.940059],[135.309126,34.9402],[135.309039,34.940285],[135.308988,34.940373],[135.308962,34.940457],[135.308945,34.94055],[135.308937,34.940637],[135.308955,34.940773],[135.308999,34.940967],[135.309044,34.941184],[135.309032,34.941243],[135.309014,34.94127],[135.308979,34.941305],[135.30893,34.941328],[135.308821,34.94137],[135.308627,34.941474],[135.308525,34.94153],[135.308449,34.941608],[135.308407,34.941684],[135.308384,34.941746],[135.308387,34.941826],[135.308417,34.941934],[135.308452,34.942015],[135.308547,34.942197],[135.308638,34.942398],[135.30871,34.942535],[135.308744,34.942606],[135.308767,34.942703],[135.308783,34.942815],[135.308792,34.942914],[135.308791,34.942996],[135.308771,34.943112],[135.308685,34.94357],[135.308654,34.943649],[135.3086,34.943738],[135.308523,34.943823],[135.308451,34.943893],[135.308418,34.943942],[135.308323,34.944185],[135.308258,34.944359],[135.308206,34.944539],[135.308192,34.944595],[135.308194,34.944622],[135.308323,34.944906],[135.308392,34.945058],[135.308462,34.945222],[135.308511,34.945301],[135.308592,34.945418],[135.308612,34.945456],[135.308617,34.945506],[135.308605,34.945568],[135.308552,34.945734],[135.308513,34.945811],[135.30847,34.945879],[135.308382,34.945974],[135.308349,34.946003],[135.308339,34.946037],[135.308321,34.946194],[135.308293,34.946285],[135.308265,34.946367],[135.308236,34.946408],[135.308191,34.946458],[135.308127,34.946502],[135.308061,34.946528],[135.307876,34.946582],[135.307828,34.946598],[135.307693,34.946747],[135.307622,34.946799],[135.307531,34.946849],[135.30738,34.946921],[135.30726,34.947001],[135.307199,34.947045],[135.307164,34.947087],[135.30707,34.947272],[135.307045,34.947337],[135.307001,34.947479],[135.306972,34.947535],[135.306923,34.947608],[135.306872,34.947652],[135.306794,34.947698],[135.306642,34.947757],[135.306419,34.947842],[135.306231,34.947923],[135.306101,34.947992],[135.305971,34.948088],[135.305915,34.948138],[135.305857,34.94821],[135.305821,34.948272],[135.305708,34.948529],[135.305637,34.948671],[135.305596,34.948725],[135.30555,34.948772],[135.30552,34.948795],[135.305465,34.948822],[135.305273,34.948872],[135.305003,34.948943],[135.3047,34.949009],[135.304369,34.949117],[135.304219,34.94915],[135.304142,34.94916],[135.303485,34.949156],[135.303311,34.949168],[135.303036,34.949202],[135.302991,34.949503],[135.302979,34.949595],[135.302948,34.949694],[135.302927,34.949778],[135.302879,34.949865],[135.302802,34.949974],[135.302753,34.950048],[135.302691,34.950101],[135.302625,34.950159],[135.302481,34.950235],[135.302452,34.950265],[135.302444,34.950298],[135.302434,34.950483],[135.302397,34.950601],[135.3024,34.950768],[135.302413,34.950902],[135.302396,34.951025],[135.302371,34.951251],[135.302363,34.951319],[135.30238,34.951412],[135.302485,34.951734],[135.302529,34.951824],[135.302581,34.951897],[135.302684,34.952048],[135.302788,34.95215],[135.30287,34.952214],[135.302951,34.952257],[135.303004,34.952277],[135.303136,34.952307],[135.303343,34.952353],[135.30339,34.952375],[135.303433,34.952417],[135.303479,34.952466],[135.30352,34.952548],[135.303555,34.952717],[135.303596,34.952824],[135.303669,34.952958],[135.303753,34.953075],[135.303844,34.953175],[135.303984,34.95331],[135.304341,34.95365],[135.304492,34.953793],[135.304776,34.954074],[135.304926,34.954221],[135.304957,34.954271],[135.304967,34.954313],[135.30495,34.954416],[135.304896,34.954794],[135.304881,34.954856],[135.304822,34.954947],[135.304753,34.9551],[135.304598,34.955475],[135.304537,34.955612],[135.304461,34.955731],[135.304397,34.955835],[135.304387,34.95589],[135.304381,34.955945],[135.304409,34.956051],[135.304411,34.956091],[135.304357,34.95625],[135.304078,34.956498],[135.303938,34.956614],[135.303872,34.956687],[135.303848,34.956749],[135.303849,34.956819],[135.303874,34.956956],[135.303915,34.957028],[135.303969,34.95708],[135.304005,34.957111],[135.304024,34.95717],[135.304003,34.957586],[135.304042,34.957946],[135.30406,34.958089],[135.304063,34.958135],[135.304057,34.958171],[135.304024,34.958263],[135.304018,34.95832],[135.304071,34.958514],[135.304155,34.958763],[135.304172,34.958835],[135.304177,34.958921],[135.304187,34.959277],[135.304213,34.95939],[135.304312,34.959703],[135.304353,34.959863],[135.304379,34.959949],[135.304373,34.960042],[135.304367,34.960119],[135.304322,34.960243],[135.304232,34.960498],[135.304177,34.960629],[135.304142,34.960681],[135.30399,34.96086],[135.304441,34.961363],[135.304522,34.961428],[135.304619,34.961486],[135.304887,34.961625],[135.304977,34.961681],[135.305079,34.961766],[135.305129,34.961818],[135.305159,34.961886],[135.305185,34.961957],[135.305203,34.962128],[135.305215,34.962196],[135.305293,34.962371],[135.305519,34.962294],[135.305798,34.962212],[135.305876,34.962199],[135.306164,34.962171],[135.306232,34.962161],[135.30628,34.962142],[135.306387,34.96204],[135.30655,34.961911],[135.306664,34.961823],[135.306798,34.96174],[135.306907,34.96169],[135.306983,34.961672],[135.307076,34.961652],[135.307095,34.961631],[135.307107,34.961563],[135.307121,34.961096],[135.307128,34.960986],[135.307151,34.960933],[135.30722,34.960846],[135.307427,34.960694],[135.307482,34.960647],[135.307534,34.960576],[135.307603,34.960469],[135.30765,34.960429],[135.307734,34.960383],[135.307931,34.960299],[135.307988,34.960271],[135.308036,34.960229],[135.308158,34.960094],[135.3082,34.960058],[135.308263,34.96003],[135.308379,34.960008],[135.30856,34.959977],[135.308706,34.959931],[135.308811,34.959879],[135.30909,34.959717],[135.3092,34.959665],[135.309309,34.959628],[135.309449,34.9596],[135.309701,34.959563],[135.309914,34.959541],[135.310051,34.959526],[135.310155,34.959507],[135.31029,34.959468],[135.310743,34.959304],[135.3108,34.959279],[135.310856,34.959242],[135.311013,34.959157],[135.311058,34.959144],[135.311104,34.959141],[135.311215,34.959157],[135.311342,34.959174],[135.311481,34.959165],[135.31157,34.959147],[135.311654,34.959113],[135.311723,34.959055],[135.311819,34.958974],[135.311897,34.958946],[135.311975,34.958935]],[[135.311975,34.958935],[135.312054,34.958936],[135.312159,34.958959],[135.312327,34.95903],[135.312523,34.959117],[135.312637,34.959165],[135.312739,34.959201],[135.312931,34.95925],[135.313459,34.959383],[135.314444,34.959654],[135.314692,34.959452],[135.314785,34.95939],[135.315002,34.959264],[135.315105,34.95919],[135.315166,34.959144],[135.315184,34.959111],[135.315201,34.959048],[135.315235,34.958779],[135.315243,34.958605],[135.31524,34.958248],[135.315245,34.958186],[135.315265,34.958103],[135.315285,34.958021],[135.315318,34.957959],[135.315362,34.957887],[135.315482,34.957775],[135.315552,34.957738],[135.315737,34.957649],[135.315775,34.957619],[135.315781,34.957586],[135.315769,34.957516],[135.315716,34.957351],[135.315605,34.957104],[135.315209,34.956152]],[[135.331204,34.928626],[135.327906,34.92631],[135.327554,34.926516],[135.324353,34.92645],[135.324352,34.926358],[135.324325,34.926256],[135.324273,34.926175],[135.324102,34.926077],[135.323972,34.926018],[135.3238,34.925991],[135.323623,34.926],[135.320582,34.927256],[135.320478,34.927144],[135.320403,34.927045],[135.32012,34.926566],[135.31958,34.92507],[135.319362,34.924494],[135.31905,34.92375],[135.318163,34.923708],[135.317649,34.923652],[135.317295,34.923594],[135.317011,34.923526],[135.316594,34.923402],[135.316304,34.923252],[135.315223,34.922588],[135.31511,34.922501],[135.315051,34.922438],[135.31502,34.92237],[135.314918,34.922088],[135.314523,34.921026],[135.31423,34.920094],[135.314208,34.920051],[135.314177,34.920023],[135.313948,34.919908],[135.313656,34.919737],[135.313534,34.919653],[135.313417,34.919569],[135.313278,34.919436],[135.313075,34.919222],[135.312949,34.91906],[135.312843,34.918848],[135.312759,34.918669],[135.31267,34.918414],[135.31249,34.917602],[135.312409,34.917248],[135.312365,34.917001],[135.312374,34.916269],[135.312376,34.916121],[135.312119,34.916089],[135.31201,34.916091],[135.311884,34.916098],[135.311715,34.916129],[135.311536,34.916171],[135.311351,34.916228],[135.311194,34.916281]],[[135.311194,34.916281],[135.311057,34.916357],[135.310573,34.916704],[135.310451,34.916696],[135.310088,34.916656],[135.30965,34.916604],[135.309358,34.916584],[135.309201,34.91659],[135.309094,34.916607],[135.308922,34.916654],[135.308677,34.916721],[135.308619,34.916739],[135.308465,34.916761],[135.308286,34.916779],[135.308055,34.916821],[135.307887,34.916864],[135.307766,34.916904],[135.307602,34.917002],[135.30726,34.917247],[135.307137,34.917348],[135.307071,34.917427],[135.306994,34.917583],[135.306611,34.917641],[135.306403,34.91769],[135.306213,34.917725],[135.306015,34.917776],[135.305007,34.918149],[135.30385,34.918549],[135.303707,34.918582],[135.30352,34.918608],[135.303639,34.918907],[135.303691,34.919091],[135.303737,34.919364],[135.303776,34.91961],[135.303777,34.919776],[135.303774,34.919901],[135.30375,34.920032],[135.303731,34.920107],[135.303702,34.920177],[135.303656,34.920251],[135.303563,34.92034],[135.303435,34.920441],[135.303311,34.920545],[135.303213,34.920635],[135.30314,34.920717],[135.303068,34.920824],[135.302972,34.921009],[135.302967,34.921021]],[[135.302967,34.921021],[135.303086,34.921052],[135.303208,34.921107],[135.30332,34.921165],[135.303379,34.921196],[135.303571,34.921319],[135.303708,34.921407],[135.303862,34.921526],[135.303991,34.921646],[135.304133,34.921805],[135.304417,34.922166],[135.304488,34.922297],[135.304655,34.922683],[135.304715,34.922779],[135.304795,34.92288],[135.305101,34.92321],[135.305163,34.92325],[135.30523,34.923284],[135.305365,34.92332],[135.305473,34.923369],[135.305553,34.923434],[135.305595,34.923488],[135.305611,34.923553],[135.305602,34.923611],[135.305549,34.923843],[135.30553,34.923942],[135.305532,34.924109],[135.305522,34.924236],[135.305495,34.924387],[135.30546,34.924563],[135.305458,34.924616],[135.305476,34.924654],[135.305519,34.924709],[135.305699,34.924877],[135.305727,34.92491],[135.305732,34.924938],[135.305717,34.924973],[135.305635,34.925044],[135.305538,34.925114],[135.305475,34.925181],[135.305407,34.925279],[135.305393,34.92533],[135.305398,34.925374],[135.305438,34.925425],[135.305515,34.925554],[135.30556,34.925641],[135.305602,34.925806],[135.305673,34.925984],[135.305745,34.926136],[135.305825,34.926265],[135.305916,34.926392],[135.305954,34.926432],[135.305972,34.926489],[135.306017,34.926587],[135.306078,34.926678],[135.30612,34.926718],[135.306191,34.926787],[135.306248,34.926863],[135.306289,34.92694],[135.306352,34.927089],[135.306402,34.927178],[135.306503,34.927317],[135.3067,34.927555],[135.306748,34.927621],[135.306793,34.927714],[135.306864,34.92787],[135.306904,34.927938],[135.306996,34.928021],[135.307084,34.928083],[135.307278,34.928209],[135.30736,34.928269],[135.30746,34.928382],[135.307548,34.928476],[135.307613,34.928559],[135.307696,34.928678],[135.307794,34.928853],[135.307899,34.929039],[135.307956,34.929144],[135.307977,34.929203],[135.30798,34.929237],[135.307961,34.929292],[135.307922,34.929321],[135.307868,34.929351],[135.30767,34.929434],[135.307609,34.929467],[135.307587,34.929491],[135.307588,34.929514],[135.307627,34.929546],[135.307734,34.929626],[135.307851,34.929745],[135.307983,34.929908],[135.308038,34.929966],[135.308144,34.930052],[135.308239,34.930151],[135.308317,34.930242],[135.308453,34.930427],[135.308468,34.930475],[135.308469,34.930516],[135.308404,34.930741],[135.308341,34.930969],[135.308301,34.931079],[135.30826,34.931213],[135.308257,34.931304],[135.308275,34.931391],[135.308315,34.93146],[135.308518,34.931628],[135.30883,34.931883],[135.30889,34.931954],[135.308927,34.932],[135.308948,34.932057],[135.308951,34.932101]],[[135.325915,34.934042],[135.326032,34.934006],[135.326093,34.933971],[135.326154,34.933924],[135.326286,34.933813],[135.326552,34.933648],[135.326647,34.933581],[135.326781,34.93347],[135.326907,34.933373],[135.327004,34.933318],[135.327124,34.933276],[135.327717,34.933114],[135.328527,34.932912],[135.328763,34.932852],[135.32885,34.932838],[135.328975,34.932831],[135.329304,34.932808],[135.329452,34.932787],[135.329588,34.932757],[135.329721,34.932709],[135.330107,34.93254],[135.330296,34.932428],[135.330412,34.932384],[135.330633,34.932277],[135.330719,34.932231],[135.330786,34.932159],[135.330815,34.932091],[135.330832,34.93199],[135.330861,34.931684],[135.33087,34.931548],[135.330854,34.93147],[135.330819,34.931393],[135.330649,34.931114],[135.330488,34.930844],[135.330462,34.930758],[135.33042,34.930398],[135.330422,34.930052],[135.330456,34.929836],[135.330476,34.929762],[135.330515,34.929685],[135.33056,34.929612],[135.330627,34.929533],[135.331022,34.929017],[135.331076,34.928924],[135.331197,34.928637],[135.331204,34.928626]],[[135.339397,34.908899],[135.339435,34.909166],[135.33948,34.909365],[135.339517,34.909489],[135.339584,34.909601],[135.339768,34.909769],[135.340122,34.910022],[135.340477,34.910216],[135.341002,34.910451],[135.341054,34.910518],[135.341037,34.910613],[135.341008,34.91069],[135.340915,34.910771],[135.340791,34.910784],[135.340618,34.910746],[135.340426,34.910653],[135.34015,34.910491],[135.339831,34.910259],[135.339651,34.910176],[135.339515,34.910135],[135.33937,34.910131],[135.339218,34.910175],[135.339086,34.910211],[135.338863,34.910368],[135.338702,34.910556],[135.338467,34.910832],[135.338166,34.911104],[135.338015,34.911278],[135.337749,34.911584],[135.337628,34.911736],[135.337508,34.911912],[135.3374,34.912118],[135.337317,34.912374],[135.337265,34.912643],[135.337156,34.913032],[135.337091,34.913142],[135.337028,34.913215],[135.336938,34.913289],[135.336742,34.9134],[135.336651,34.913415],[135.336639,34.913296],[135.336649,34.913205],[135.33677,34.912716],[135.336801,34.912542],[135.33684,34.91233],[135.336926,34.91206],[135.337018,34.91177],[135.337085,34.911518],[135.337104,34.911349],[135.337114,34.911265],[135.337116,34.91121],[135.337076,34.911099],[135.336981,34.911056],[135.336816,34.911014],[135.336632,34.910973],[135.336368,34.910879],[135.336097,34.910792],[135.336008,34.910743],[135.335999,34.910704],[135.336048,34.910661],[135.336477,34.910591],[135.336683,34.910555],[135.336968,34.910569],[135.337249,34.910594],[135.3374,34.910572],[135.337535,34.9105],[135.337652,34.910408],[135.33804,34.909948],[135.338176,34.909823],[135.338352,34.909688],[135.338452,34.909617],[135.338615,34.909472],[135.338757,34.909334],[135.338839,34.909218],[135.338892,34.909115],[135.338933,34.908906],[135.338981,34.908601],[135.339004,34.908388]],[[135.339004,34.908388],[135.338956,34.90836],[135.338841,34.908329],[135.338806,34.908305],[135.338791,34.908268],[135.338824,34.90813],[135.338851,34.908064],[135.338898,34.908013],[135.338993,34.907905],[135.33904,34.90782],[135.339056,34.907766],[135.339064,34.907644],[135.33908,34.907578],[135.339084,34.907516],[135.339078,34.907478],[135.339055,34.907445],[135.339012,34.907381],[135.338995,34.907315],[135.338996,34.90715],[135.338989,34.907002],[135.339,34.906951],[135.339027,34.906885],[135.339052,34.906845],[135.339066,34.906794],[135.339057,34.906672],[135.339061,34.906591],[135.339069,34.906531],[135.339066,34.906481],[135.339013,34.906344],[135.33896,34.90625],[135.338938,34.90616],[135.338946,34.906106],[135.338982,34.90603],[135.339007,34.905957],[135.339027,34.905861],[135.339038,34.905692],[135.339055,34.905567],[135.339121,34.905242],[135.339133,34.905061],[135.33915,34.90492],[135.339147,34.904857],[135.339125,34.904766],[135.339057,34.904525],[135.339024,34.904393],[135.338984,34.904309],[135.338952,34.90424],[135.338906,34.904197],[135.338848,34.904164],[135.338784,34.904138],[135.338759,34.904099],[135.338744,34.904014],[135.33874,34.903815],[135.338762,34.903708],[135.338831,34.903448],[135.338884,34.903322],[135.338929,34.903216],[135.33898,34.903124],[135.338995,34.90306],[135.339018,34.90287],[135.338836,34.902852],[135.33876,34.90284],[135.338671,34.902807],[135.338616,34.902766],[135.338556,34.902746],[135.338486,34.902744],[135.338345,34.902764],[135.338309,34.902761],[135.338277,34.902752],[135.338212,34.902711],[135.338169,34.902706],[135.338091,34.90271],[135.337877,34.902751],[135.337711,34.90277],[135.337631,34.902766],[135.337506,34.902756],[135.337458,34.902762],[135.337235,34.902826],[135.336941,34.902917],[135.33685,34.90294],[135.336763,34.902954],[135.336611,34.902961],[135.336498,34.902941],[135.336363,34.902907],[135.336191,34.902839],[135.336101,34.902802],[135.336027,34.902782],[135.335826,34.902746],[135.335543,34.902705],[135.335348,34.902667],[135.335133,34.902622],[135.335028,34.902611],[135.334775,34.902591],[135.334645,34.90259],[135.334445,34.902601],[135.334256,34.902607],[135.334211,34.902613],[135.334156,34.902623],[135.333892,34.902706],[135.333723,34.902763],[135.33363,34.90278],[135.3336,34.902791],[135.333535,34.902826],[135.333485,34.902841],[135.333415,34.902851],[135.333318,34.902854],[135.333233,34.902847],[135.333168,34.90284],[135.333119,34.902825],[135.333062,34.902791],[135.332963,34.902718],[135.332891,34.902672],[135.332802,34.902626],[135.3326,34.902552],[135.332483,34.902502],[135.332412,34.902459],[135.332343,34.902389],[135.332234,34.902265],[135.33218,34.902223],[135.332126,34.902185],[135.332076,34.902161],[135.332025,34.902135],[135.331976,34.902094],[135.331928,34.902041],[135.331841,34.901945],[135.331756,34.90185],[135.331651,34.901766],[135.331591,34.901696],[135.331564,34.901619],[135.331566,34.901538],[135.331594,34.901366],[135.331653,34.901144],[135.331708,34.900957],[135.331719,34.900896],[135.331714,34.900852],[135.331694,34.900796],[135.331658,34.900747],[135.331596,34.900673],[135.331498,34.900577],[135.331343,34.900451],[135.331187,34.900334],[135.331033,34.90023],[135.330951,34.900181],[135.330643,34.900022],[135.330702,34.899939],[135.330727,34.899867],[135.330744,34.899801],[135.330733,34.89973],[135.330706,34.899658],[135.330569,34.899397],[135.330376,34.89908],[135.330223,34.898798],[135.330031,34.898488],[135.329815,34.89814],[135.32961,34.897823],[135.329251,34.897881],[135.329198,34.897881],[135.329152,34.897872],[135.32898,34.897816],[135.328929,34.897809],[135.3284,34.897832],[135.328319,34.89784],[135.328253,34.897854],[135.32801,34.897929],[135.327927,34.897954],[135.327853,34.897965],[135.327705,34.897972],[135.327603,34.89798],[135.327356,34.898024],[135.327283,34.898028],[135.327033,34.898028],[135.326915,34.898035],[135.326786,34.898056],[135.326647,34.898079],[135.326528,34.898118],[135.326471,34.898145],[135.326427,34.898179],[135.326334,34.898257],[135.326291,34.898285],[135.326225,34.898314],[135.32593,34.898434],[135.3257,34.898524],[135.325624,34.898546],[135.325541,34.898572],[135.325492,34.898591],[135.325436,34.898615],[135.325314,34.8987],[135.325224,34.898751],[135.325176,34.89877],[135.325126,34.898777],[135.325068,34.898779],[135.324948,34.898767],[135.324722,34.898742],[135.324434,34.898703],[135.32431,34.898692],[135.324163,34.898688],[135.323918,34.898692],[135.323784,34.89871],[135.323619,34.898728],[135.323572,34.89874],[135.323463,34.898792],[135.323399,34.898816],[135.323317,34.898824],[135.323146,34.898828],[135.323052,34.898822],[135.322993,34.898817],[135.322946,34.898801],[135.32287,34.898758],[135.322677,34.898631],[135.322595,34.898596],[135.322517,34.898576],[135.322419,34.898557],[135.322346,34.898536],[135.322272,34.898506],[135.322197,34.898493],[135.322086,34.898497],[135.321944,34.898516],[135.321833,34.898535],[135.321691,34.898557],[135.321578,34.898588],[135.321477,34.898633],[135.32134,34.898725],[135.3213,34.898734],[135.321255,34.898728],[135.320303,34.898426]],[[135.320303,34.898426],[135.320277,34.898494],[135.320269,34.898588],[135.320254,34.898884],[135.320274,34.899001],[135.320309,34.899093],[135.320321,34.899142],[135.320322,34.899213]],[[135.320322,34.899213],[135.320294,34.899289],[135.320245,34.899351],[135.320059,34.899509],[135.320018,34.899568],[135.320004,34.899641],[135.320041,34.899865],[135.320028,34.89999],[135.320008,34.900101],[135.319981,34.900162],[135.319858,34.90025],[135.31982,34.900294],[135.319792,34.900347],[135.319772,34.900423],[135.319776,34.900489],[135.319891,34.900739],[135.319983,34.900912],[135.320034,34.901035],[135.320054,34.901106],[135.320065,34.901175],[135.32006,34.901225],[135.319998,34.901325],[135.31997,34.901395],[135.319974,34.901471],[135.320015,34.901583],[135.320128,34.901734],[135.320211,34.901798],[135.32034,34.901866],[135.320526,34.901964],[135.319083,34.909461],[135.317938,34.910119],[135.31783,34.910204],[135.317716,34.910325],[135.31745,34.910521],[135.317158,34.91073],[135.316643,34.911235],[135.316581,34.911303],[135.316519,34.911407],[135.316463,34.911503],[135.316365,34.911591],[135.316337,34.911618],[135.316298,34.911655],[135.316184,34.911831],[135.316117,34.911883],[135.315898,34.911983],[135.315841,34.912025],[135.315627,34.912221],[135.315122,34.91265],[135.31506,34.912746],[135.315004,34.912902],[135.314949,34.913085],[135.314899,34.913218],[135.314843,34.91332],[135.314666,34.913496],[135.314563,34.913591],[135.314023,34.913926],[135.313818,34.914042],[135.313744,34.914048],[135.313674,34.914037],[135.313604,34.913985],[135.313556,34.913969],[135.313449,34.913998],[135.312861,34.914487],[135.312842,34.914549],[135.312779,34.914733],[135.312743,34.914791],[135.312669,34.914869],[135.312553,34.914939],[135.312445,34.914973],[135.312281,34.914999],[135.312197,34.915048],[135.312173,34.915118],[135.312193,34.91541],[135.312186,34.915484],[135.31216,34.915521],[135.312113,34.915544],[135.312021,34.915542],[135.311743,34.915504],[135.311652,34.915508],[135.311543,34.915548],[135.311477,34.915598],[135.311415,34.915657],[135.31126,34.91609],[135.311194,34.916281]],[[135.331204,34.928626],[135.331267,34.92852],[135.331504,34.928153],[135.331587,34.92798],[135.331591,34.927925],[135.331556,34.927575],[135.331555,34.92749],[135.331615,34.927291],[135.331773,34.926931],[135.331833,34.926801],[135.331879,34.926736],[135.33208,34.92654],[135.33241,34.926221],[135.332488,34.926137],[135.332602,34.925962],[135.332723,34.925772],[135.332779,34.925677],[135.332809,34.925581],[135.332825,34.925474],[135.332817,34.925375],[135.332803,34.925294],[135.332761,34.925023],[135.332716,34.924816],[135.33268,34.92464],[135.332588,34.924365],[135.332501,34.924082],[135.33246,34.923906],[135.33243,34.923838],[135.332397,34.923779],[135.332323,34.923679],[135.332146,34.923475],[135.331999,34.923296],[135.331924,34.923226],[135.331834,34.923154],[135.331802,34.923103],[135.331799,34.923045],[135.331799,34.922956],[135.331817,34.922816],[135.331811,34.922745],[135.331781,34.922686],[135.331692,34.922561],[135.331649,34.922475],[135.331638,34.922363],[135.331637,34.92226],[135.331665,34.922169],[135.331696,34.922105],[135.331824,34.921937],[135.331909,34.921812],[135.332053,34.921661],[135.332423,34.92124],[135.332452,34.921191],[135.332469,34.921091],[135.33251,34.920781],[135.332534,34.920558],[135.332572,34.920373],[135.332598,34.920283],[135.33268,34.920084],[135.332725,34.919968],[135.332747,34.919874],[135.332746,34.919798],[135.332747,34.919679],[135.332781,34.919524],[135.332859,34.919322],[135.332948,34.919111],[135.333027,34.918953],[135.333057,34.918873],[135.333082,34.918734],[135.333086,34.918572],[135.333129,34.918138],[135.333129,34.917931],[135.33311,34.917721],[135.333065,34.917438],[135.333034,34.917196],[135.333039,34.917148],[135.333083,34.917102],[135.333287,34.916966],[135.333565,34.916786],[135.333745,34.916653],[135.334062,34.916419],[135.334115,34.916396],[135.334146,34.916397],[135.334176,34.916401],[135.33433,34.916477],[135.334396,34.916505],[135.334451,34.91651],[135.334519,34.916499],[135.334729,34.916448],[135.334883,34.916424],[135.335122,34.916394],[135.335321,34.916372],[135.335433,34.916371],[135.335679,34.916371],[135.335767,34.916363],[135.335881,34.916339],[135.335961,34.916306],[135.336103,34.916238],[135.336166,34.916221],[135.336565,34.91617],[135.336704,34.916145],[135.336896,34.916114],[135.336979,34.916116],[135.337068,34.916145],[135.337275,34.916218],[135.337373,34.916273],[135.337462,34.916342],[135.337625,34.916445],[135.337717,34.916509],[135.3378,34.916546],[135.337922,34.916559],[135.337994,34.916559],[135.33807,34.916537],[135.338144,34.916502],[135.338238,34.916426],[135.338511,34.916198],[135.338677,34.916062],[135.338728,34.916039],[135.33881,34.91604],[135.338874,34.916061],[135.33894,34.916107],[135.339132,34.916239],[135.339275,34.916329],[135.339351,34.916396],[135.339469,34.916534],[135.339544,34.916579],[135.339631,34.916599],[135.339707,34.916595],[135.339783,34.916575],[135.339821,34.916542],[135.339835,34.916529],[135.339887,34.916463],[135.339985,34.916316],[135.340158,34.916052],[135.340262,34.915894],[135.340319,34.915765],[135.340375,34.915629],[135.340406,34.9155],[135.340438,34.915347],[135.340457,34.915263],[135.340541,34.915073],[135.34057,34.91502],[135.34061,34.914985],[135.340656,34.91496],[135.3408,34.914916],[135.340878,34.914871],[135.340926,34.914836],[135.340947,34.91478],[135.340959,34.914732],[135.340961,34.914505],[135.340967,34.914471],[135.341008,34.914376],[135.341026,34.914314],[135.34103,34.914272],[135.341017,34.914211],[135.341009,34.914101],[135.341015,34.914044],[135.341056,34.91387],[135.341079,34.913622],[135.341078,34.91352],[135.34106,34.913456],[135.341032,34.913393],[135.34097,34.913322],[135.34086,34.913242],[135.340848,34.913233],[135.340796,34.913195],[135.340958,34.913008],[135.341186,34.91271],[135.341398,34.912418],[135.341467,34.912313],[135.3415,34.912243],[135.341526,34.912152],[135.341574,34.912054],[135.341611,34.911991],[135.341868,34.911693],[135.341945,34.911599],[135.342019,34.911475],[135.342074,34.911342],[135.342119,34.911222],[135.342135,34.911145],[135.342141,34.911065],[135.34219,34.910393],[135.342185,34.910332],[135.342065,34.909945],[135.341984,34.909633],[135.341935,34.909203],[135.341896,34.909017],[135.341854,34.908886],[135.341817,34.908787],[135.341772,34.908723],[135.34153,34.908392],[135.341406,34.908192],[135.341311,34.908038],[135.341036,34.907937],[135.340772,34.907846],[135.340602,34.907783],[135.340511,34.90775],[135.340441,34.907737],[135.340223,34.907712],[135.340091,34.907686],[135.339855,34.907637],[135.339699,34.907622],[135.339608,34.907628],[135.339519,34.907681],[135.339463,34.907751],[135.339441,34.907827],[135.339434,34.907885],[135.339446,34.907979],[135.339474,34.908084],[135.339483,34.908194],[135.33949,34.9084],[135.339463,34.908516],[135.339435,34.908604],[135.339403,34.908682],[135.3394,34.908736],[135.339397,34.908899]],[[135.331258,34.913997],[135.330937,34.9135],[135.330895,34.91341],[135.330831,34.913257],[135.330702,34.912976],[135.330538,34.912683],[135.330478,34.912609],[135.330355,34.912472],[135.330295,34.912378],[135.330186,34.912024],[135.33013,34.911901],[135.330041,34.911788],[135.329951,34.911692],[135.32955,34.911318],[135.329454,34.911236],[135.329357,34.911182],[135.329222,34.911115],[135.329117,34.911049],[135.329036,34.910964],[135.328933,34.910841],[135.328778,34.910631],[135.328723,34.910567],[135.328678,34.910541],[135.328515,34.910471],[135.328139,34.91033],[135.328032,34.910278],[135.327954,34.910248],[135.32788,34.910244],[135.327773,34.910239],[135.327648,34.910249],[135.327488,34.910287],[135.327209,34.910366],[135.326945,34.91052],[135.326829,34.910573],[135.326719,34.910611],[135.326575,34.910637],[135.325988,34.910248],[135.325873,34.910222],[135.325789,34.910216],[135.325657,34.910233],[135.325549,34.910267],[135.325438,34.910308],[135.325336,34.910383],[135.325258,34.91045],[135.32518,34.910498],[135.325107,34.910517],[135.325022,34.910526],[135.324881,34.910518],[135.324775,34.910508],[135.324529,34.910448],[135.324318,34.910373],[135.324186,34.910332],[135.323892,34.910258],[135.323776,34.910234],[135.323696,34.910226],[135.323534,34.910215],[135.32346,34.910232],[135.323134,34.91032],[135.323047,34.910339],[135.322936,34.910334],[135.322831,34.910303],[135.322551,34.910062],[135.322524,34.90996],[135.322536,34.909861],[135.322643,34.909483],[135.322678,34.909381],[135.323024,34.909467],[135.323169,34.909536],[135.32326,34.909622],[135.323311,34.90973],[135.323444,34.91001],[135.323535,34.910086],[135.32362,34.910108],[135.323731,34.910116],[135.323905,34.910097],[135.323951,34.910074],[135.323981,34.910029],[135.323976,34.909951],[135.32458,34.909946],[135.325173,34.910011],[135.325268,34.910088],[135.325376,34.910119],[135.325502,34.910125],[135.325605,34.910109],[135.326437,34.909755],[135.32649,34.909708],[135.326502,34.909654],[135.326501,34.909553],[135.326501,34.909459],[135.326519,34.909419],[135.326604,34.909366],[135.326843,34.909299],[135.326867,34.909286],[135.3269,34.909233],[135.326901,34.909058],[135.326918,34.909023],[135.326957,34.908982],[135.32696,34.908952],[135.326465,34.908367],[135.326468,34.908325],[135.326501,34.908277],[135.326715,34.908177],[135.326794,34.908174],[135.326864,34.908196],[135.327186,34.908404],[135.327309,34.908503],[135.327696,34.90909],[135.327768,34.909102],[135.328357,34.909027],[135.32842,34.908998],[135.328663,34.908823],[135.328703,34.908745],[135.328718,34.908646],[135.328658,34.90854],[135.328432,34.908299],[135.328425,34.908257],[135.328453,34.908234],[135.328704,34.908165],[135.328927,34.908095],[135.329292,34.907973],[135.329414,34.907918],[135.32951,34.907842],[135.330494,34.907103],[135.330722,34.907138],[135.330979,34.90719],[135.331203,34.907211],[135.331455,34.907226],[135.331603,34.907228],[135.331668,34.907234],[135.331673,34.907268],[135.331649,34.907305],[135.331581,34.907359],[135.331413,34.90741],[135.331201,34.907436],[135.33099,34.907461],[135.330848,34.907478],[135.330723,34.90753],[135.330463,34.907719],[135.329981,34.908001],[135.329928,34.908065],[135.329917,34.908142],[135.329942,34.908199],[135.329979,34.908402],[135.330016,34.908442],[135.330333,34.90854],[135.330659,34.908614],[135.330955,34.90866],[135.331021,34.908682],[135.331115,34.908731],[135.331305,34.908875],[135.331841,34.909357],[135.332385,34.909848],[135.332848,34.910285],[135.332962,34.910356],[135.333764,34.91095],[135.333843,34.911072],[135.333886,34.91118],[135.333963,34.91128],[135.334025,34.911365],[135.334108,34.911446],[135.334253,34.911547],[135.335076,34.9121],[135.335207,34.912169],[135.335321,34.912241],[135.335491,34.912478],[135.335228,34.91286],[135.335048,34.912559],[135.334888,34.912334],[135.334582,34.912037],[135.333762,34.911506],[135.333621,34.911434],[135.333073,34.911168],[135.332934,34.911092],[135.33267,34.910941],[135.332392,34.910737],[135.332169,34.910532],[135.331726,34.910095],[135.330678,34.908996],[135.32993,34.908828],[135.329853,34.908847],[135.329576,34.909087],[135.329384,34.909265],[135.32866,34.909833],[135.328634,34.909882],[135.328649,34.909917],[135.328714,34.909963],[135.328851,34.910023],[135.329118,34.910116],[135.32917,34.910148],[135.329323,34.910249],[135.329428,34.910307],[135.329524,34.910353],[135.329677,34.910394],[135.329831,34.910437],[135.329965,34.910443],[135.330202,34.910431],[135.330309,34.910425],[135.330372,34.910437],[135.330405,34.910459],[135.330435,34.91052],[135.330518,34.910804],[135.330546,34.910921],[135.330598,34.911014],[135.33072,34.911141],[135.330849,34.911233],[135.330942,34.911283],[135.331042,34.911317],[135.331141,34.911353],[135.331369,34.911385],[135.331633,34.911386],[135.331711,34.911407],[135.331762,34.911439],[135.33178,34.911478],[135.331781,34.911524],[135.33174,34.911588],[135.331699,34.911643],[135.331406,34.911949],[135.331258,34.912154],[135.331213,34.912353],[135.331214,34.912481],[135.331248,34.912581],[135.3313,34.912622],[135.331412,34.91268],[135.331533,34.912716],[135.331802,34.912802],[135.331988,34.912854],[135.332003,34.912874],[135.331991,34.912903],[135.331613,34.913019],[135.331483,34.913111],[135.331422,34.913222],[135.331393,34.913338],[135.331394,34.913494],[135.33141,34.91367],[135.331424,34.913741],[135.331471,34.91385],[135.331594,34.914068],[135.331667,34.914214],[135.331727,34.914387],[135.331711,34.914424],[135.331669,34.914427],[135.331608,34.914392],[135.331477,34.914233],[135.331387,34.914137],[135.331258,34.913997]],[[135.333522,34.904883],[135.333575,34.904879],[135.33367,34.904908],[135.333748,34.904973],[135.333841,34.905069],[135.334,34.905243],[135.334135,34.905402],[135.33431,34.905627],[135.33443,34.90578],[135.33454,34.905883],[135.334655,34.90595],[135.33466,34.905971],[135.334607,34.905988],[135.334519,34.905999],[135.334435,34.906002],[135.334341,34.90595],[135.334172,34.9057],[135.334101,34.905644],[135.333936,34.905572],[135.333783,34.905464],[135.333714,34.905377],[135.33362,34.905203],[135.333503,34.905014],[135.333488,34.904914],[135.333522,34.904883]],[[135.339397,34.908899],[135.339377,34.90893],[135.339353,34.908937],[135.339311,34.908906],[135.339169,34.908776],[135.339115,34.908716],[135.339083,34.908654],[135.339054,34.908589],[135.339048,34.908482],[135.339034,34.908422],[135.339004,34.908388]],[[135.320322,34.899213],[135.316796,34.899061],[135.316624,34.899035],[135.316492,34.899002],[135.315373,34.898554],[135.315253,34.898481],[135.315177,34.898404],[135.315083,34.898243],[135.315014,34.898084],[135.314901,34.897827],[135.314828,34.897708],[135.314771,34.897637],[135.314688,34.897564],[135.314324,34.897319],[135.314252,34.897261],[135.314203,34.897197],[135.314156,34.89708],[135.314115,34.896729],[135.314111,34.89654],[135.314114,34.896469],[135.31435,34.895396],[135.314437,34.894722],[135.314559,34.894159],[135.314565,34.894032],[135.314549,34.893906],[135.314487,34.893762],[135.314327,34.893514],[135.314213,34.893373],[135.313857,34.893021],[135.313725,34.892899],[135.313494,34.89267],[135.312073,34.891575],[135.311911,34.891484],[135.311725,34.891413],[135.310321,34.890975]],[[135.310321,34.890975],[135.310104,34.8913],[135.309944,34.891574],[135.309912,34.8917],[135.30987,34.892112],[135.309815,34.892208],[135.309745,34.892292],[135.309064,34.892733],[135.308679,34.892987],[135.308609,34.893047],[135.308557,34.893127],[135.308532,34.893198],[135.308522,34.893272],[135.308505,34.893482],[135.308489,34.893651],[135.308385,34.894398],[135.308232,34.8958],[135.308203,34.895886],[135.308159,34.895964],[135.308083,34.896052],[135.307942,34.896155],[135.307805,34.896254],[135.307584,34.896375],[135.307528,34.896394],[135.306294,34.89686],[135.306193,34.896912],[135.30601,34.896968],[135.305996,34.896972],[135.305797,34.897044],[135.305722,34.897072],[135.305632,34.897115],[135.305512,34.89717],[135.305412,34.897192],[135.305347,34.897246],[135.305219,34.897408],[135.305171,34.89743],[135.305026,34.897472],[135.30492,34.89754],[135.304882,34.897588],[135.304869,34.897621],[135.304882,34.897653],[135.304921,34.897747],[135.304928,34.897796],[135.304922,34.897838],[135.30489,34.897898],[135.30482,34.897997],[135.304727,34.898086],[135.304685,34.898135],[135.304623,34.89823],[135.304575,34.898324],[135.304527,34.898394],[135.304482,34.898464],[135.304394,34.898655],[135.3043,34.898836],[135.30423,34.898976],[135.304134,34.899073],[135.304018,34.899162],[135.303986,34.899489],[135.303941,34.899496],[135.303692,34.899533],[135.30365,34.899525],[135.303498,34.899307],[135.303375,34.899142],[135.303153,34.898878],[135.30309,34.898819],[135.302956,34.898753],[135.302829,34.89869],[135.302653,34.89863],[135.301953,34.898439],[135.301841,34.898436],[135.301718,34.898461],[135.301284,34.898622],[135.301132,34.898658],[135.301002,34.898657],[135.300865,34.898636],[135.300754,34.898584],[135.300642,34.898507],[135.300455,34.898342],[135.30037,34.898249],[135.300301,34.898204],[135.300167,34.898157],[135.300001,34.898119],[135.29987,34.898045],[135.299797,34.897984],[135.299749,34.8979],[135.299739,34.897809],[135.299686,34.89721],[135.299692,34.897143],[135.299702,34.896931],[135.299716,34.89686],[135.299735,34.896828],[135.29977,34.896801],[135.299813,34.896798],[135.300797,34.896774],[135.300965,34.896777],[135.30101,34.89676],[135.301049,34.896731],[135.301081,34.896677],[135.30108,34.896586],[135.301032,34.896285],[135.300974,34.896034],[135.300928,34.895967],[135.300885,34.895912],[135.300809,34.895843],[135.300417,34.895664],[135.300345,34.89563],[135.300322,34.895598],[135.300315,34.895555],[135.300327,34.895482],[135.300323,34.895432],[135.300258,34.895379],[135.300182,34.895352],[135.299885,34.895321],[135.299803,34.895303],[135.299748,34.895277],[135.299613,34.895039],[135.299319,34.894467],[135.299203,34.89418],[135.299121,34.894063],[135.299026,34.893999],[135.298898,34.893944],[135.298774,34.893924],[135.298638,34.893925],[135.298455,34.893976],[135.298377,34.894025],[135.298333,34.894087],[135.298304,34.894173],[135.2983,34.894312],[135.298308,34.894443],[135.29828,34.894577],[135.298249,34.894703],[135.29824,34.894813],[135.298254,34.895015],[135.298255,34.895122],[135.298243,34.89517],[135.298198,34.895245],[135.298186,34.895283],[135.298185,34.895388],[135.298186,34.895461],[135.298174,34.895514],[135.298165,34.895619],[135.298147,34.895737],[135.298133,34.895865],[135.298103,34.89595],[135.2981,34.896025],[135.298096,34.896172],[135.298084,34.896271],[135.298056,34.89637],[135.29802,34.896416],[135.298002,34.896513],[135.297976,34.896605],[135.297928,34.896689],[135.297854,34.896748],[135.297812,34.89677],[135.297793,34.89681],[135.297763,34.896916],[135.297727,34.896932],[135.297679,34.896925],[135.297639,34.896898],[135.297599,34.896762],[135.297606,34.896572],[135.297587,34.896329],[135.297559,34.896009],[135.297558,34.895942],[135.297618,34.895773],[135.29761,34.895685],[135.297567,34.895589],[135.297517,34.895522],[135.297492,34.89543],[135.29741,34.894442],[135.297408,34.893433],[135.297391,34.893339],[135.297371,34.893259],[135.297226,34.892997],[135.297137,34.892912],[135.297066,34.892886],[135.296978,34.89287],[135.296833,34.892875],[135.296638,34.892877],[135.296423,34.892879],[135.296264,34.892899],[135.29607,34.89297],[135.295928,34.893019],[135.295795,34.89305],[135.295616,34.893072],[135.295402,34.893074],[135.295285,34.893088],[135.295165,34.893111],[135.294878,34.893184],[135.294638,34.893255],[135.294273,34.893392],[135.293886,34.893557],[135.293802,34.893619],[135.293622,34.893871],[135.293574,34.893928],[135.293542,34.893998],[135.293536,34.894067],[135.29356,34.89412],[135.293623,34.894219],[135.293706,34.894303],[135.29381,34.894394],[135.29364,34.894569],[135.293577,34.894498],[135.293469,34.8944],[135.293393,34.894339],[135.293233,34.894286],[135.293106,34.894255],[135.292937,34.894235],[135.293004,34.894406],[135.293014,34.894446],[135.293008,34.894516],[135.292962,34.89459],[135.292937,34.894667],[135.292929,34.894785],[135.292941,34.89498],[135.292932,34.895077],[135.29284,34.895387],[135.292779,34.895589],[135.292719,34.895782],[135.292698,34.895882],[135.292689,34.895999],[135.292723,34.896103],[135.292799,34.896237],[135.29282,34.896301],[135.292849,34.896719],[135.292854,34.896883],[135.292839,34.897014],[135.292799,34.897164],[135.292784,34.897234],[135.292787,34.897293],[135.292847,34.897388],[135.292868,34.897471],[135.292882,34.897556],[135.292312,34.89789],[135.292125,34.897371]],[[135.292125,34.897371],[135.29137,34.898771],[135.291086,34.899297],[135.29101,34.899474],[135.290875,34.899906],[135.290836,34.900268],[135.290844,34.900393],[135.29086,34.900518],[135.290891,34.900614],[135.290957,34.900823],[135.290983,34.900963],[135.29096,34.901076],[135.290919,34.901165],[135.290613,34.901755],[135.2904,34.902143],[135.290344,34.902292],[135.290282,34.902462],[135.29002,34.903051],[135.292013,34.904154],[135.29183,34.904405],[135.29171,34.904631],[135.29167,34.904764],[135.291535,34.905144],[135.291532,34.90524],[135.291533,34.905345],[135.291598,34.90633],[135.291613,34.906579],[135.291608,34.906809],[135.291561,34.907332],[135.291448,34.907711],[135.291717,34.907919],[135.291867,34.908074],[135.291998,34.908216],[135.292068,34.908342],[135.292095,34.90844],[135.292088,34.908525],[135.292,34.908679],[135.291901,34.908762],[135.291623,34.908931],[135.291271,34.909056],[135.291138,34.90912],[135.29101,34.909235],[135.290963,34.909323],[135.29091,34.909445],[135.290899,34.909578],[135.290861,34.909819],[135.290782,34.910111],[135.290731,34.910274],[135.290692,34.91044],[135.29068,34.910525],[135.290613,34.911304],[135.290601,34.911375],[135.290583,34.911455],[135.290511,34.911551],[135.29041,34.911705],[135.290227,34.912034],[135.290275,34.912394],[135.290282,34.912543],[135.290286,34.912662],[135.290267,34.91276],[135.290237,34.912884],[135.290175,34.91301],[135.2901,34.913111],[135.290013,34.91318],[135.289652,34.913332],[135.289486,34.913456],[135.289246,34.913769],[135.289103,34.913942],[135.288712,34.914325],[135.287971,34.915294],[135.287966,34.915421],[135.288239,34.917032],[135.2882,34.917143],[135.286503,34.920273],[135.285822,34.921473]],[[135.285822,34.921473],[135.285803,34.921508],[135.285742,34.921553],[135.285338,34.921654],[135.285057,34.921795],[135.284908,34.92191],[135.284735,34.922086],[135.285866,34.92289],[135.286089,34.923116],[135.286299,34.923327],[135.286818,34.923946],[135.286924,34.924116],[135.286995,34.924252],[135.287136,34.924795],[135.2872,34.925073],[135.287226,34.925272],[135.287245,34.925562],[135.287279,34.925689],[135.287323,34.925742],[135.287519,34.925876],[135.287747,34.926005],[135.288008,34.926112],[135.288233,34.926184],[135.288454,34.926253],[135.288598,34.92631],[135.288761,34.92638],[135.288895,34.926463],[135.288987,34.926525],[135.289166,34.926688],[135.289264,34.926763],[135.289386,34.926813],[135.289492,34.926835],[135.289732,34.926871],[135.289954,34.92689],[135.290054,34.92689],[135.290189,34.926875],[135.290475,34.926833],[135.290619,34.926824],[135.290847,34.926817],[135.291004,34.926826],[135.291106,34.92684],[135.291287,34.926883],[135.291518,34.926952],[135.291764,34.927043],[135.292003,34.927145],[135.292036,34.927169],[135.292046,34.927199],[135.292078,34.927393],[135.292097,34.927431],[135.292134,34.927452],[135.292398,34.927546],[135.29243,34.927572],[135.292471,34.927656],[135.292498,34.927721],[135.292517,34.927823],[135.292554,34.927986],[135.292589,34.928082],[135.29263,34.928144],[135.292695,34.928221],[135.292774,34.928273],[135.292843,34.928307],[135.292953,34.928344],[135.293098,34.928371],[135.293384,34.928394],[135.293482,34.928401],[135.29356,34.928412],[135.293755,34.928465],[135.293934,34.9285],[135.294101,34.928523],[135.294227,34.928534],[135.294463,34.928534],[135.294675,34.928517],[135.294817,34.928491],[135.294975,34.928452],[135.295092,34.928415],[135.295355,34.928296],[135.295568,34.928192],[135.295749,34.928093],[135.296069,34.927909],[135.296218,34.927811],[135.296608,34.927517],[135.296928,34.927272],[135.297092,34.927116],[135.29718,34.927033],[135.297288,34.926918],[135.297339,34.92688],[135.297397,34.926858],[135.297747,34.926717],[135.297885,34.926663],[135.29797,34.926614],[135.298119,34.926506],[135.298252,34.926417],[135.298323,34.926364],[135.298378,34.926301],[135.298466,34.926218],[135.298519,34.926184],[135.298561,34.926168],[135.298703,34.926102],[135.298831,34.926043],[135.298905,34.925995],[135.298988,34.92592],[135.299447,34.925491],[135.299722,34.925222],[135.299813,34.925122],[135.299989,34.9249],[135.300209,34.924621],[135.300402,34.92437],[135.300497,34.924238],[135.300589,34.924088],[135.300667,34.923956],[135.300704,34.923862],[135.300726,34.923803],[135.300722,34.923736],[135.300677,34.923624],[135.30067,34.923542],[135.300692,34.923434],[135.300767,34.923335],[135.300865,34.923226],[135.300946,34.923199],[135.301063,34.9232],[135.301137,34.923195],[135.301379,34.923109],[135.301529,34.923028],[135.30168,34.922938],[135.301802,34.922853],[135.301911,34.922749],[135.302131,34.922537],[135.302405,34.922282],[135.302496,34.922182],[135.302551,34.922101],[135.302639,34.921946],[135.302685,34.921842],[135.302709,34.921772],[135.302746,34.921655],[135.302859,34.921265],[135.30292,34.921122],[135.302967,34.921021]],[[135.292125,34.897371],[135.292032,34.897154],[135.291901,34.896948],[135.291585,34.896656],[135.291468,34.896561],[135.29137,34.896514],[135.291169,34.89642],[135.291233,34.894981],[135.291211,34.894584],[135.291166,34.893949],[135.289902,34.893606],[135.289817,34.893567],[135.289759,34.893517],[135.289699,34.893449],[135.289659,34.893374],[135.289672,34.892792],[135.289703,34.892537],[135.289718,34.892106],[135.289702,34.89192],[135.289653,34.891694],[135.289539,34.890739],[135.289501,34.890433],[135.28939,34.890194],[135.289279,34.890034],[135.288966,34.889641],[135.288798,34.889459],[135.288699,34.889375],[135.288659,34.889342],[135.288556,34.889329],[135.288946,34.888682],[135.289131,34.888379],[135.289555,34.8877],[135.289577,34.88761],[135.289581,34.887431],[135.289578,34.887238],[135.289646,34.886415],[135.289653,34.886243],[135.289768,34.885595],[135.289793,34.88526],[135.289892,34.884906],[135.29015,34.884247],[135.290205,34.884086],[135.290278,34.88393],[135.290441,34.883722],[135.290566,34.883574],[135.290594,34.883541],[135.290763,34.883375],[135.290919,34.883239],[135.290998,34.883163],[135.291043,34.883064],[135.291247,34.882058]],[[135.291247,34.882058],[135.291265,34.881379],[135.291246,34.881293],[135.291192,34.881159],[135.29091,34.880878],[135.290816,34.880826],[135.290658,34.880746],[135.290453,34.880671],[135.290144,34.88062],[135.289298,34.880574],[135.287672,34.880414],[135.286204,34.879181],[135.286005,34.879044],[135.285886,34.878924],[135.28578,34.878988]],[[135.28578,34.878988],[135.285707,34.879048],[135.285661,34.879125],[135.28563,34.879226],[135.285549,34.87938],[135.285497,34.879572],[135.285452,34.879674],[135.285376,34.879765],[135.284898,34.880052],[135.284744,34.880182],[135.284575,34.880481],[135.284532,34.880533],[135.284461,34.880558],[135.284283,34.880567],[135.284199,34.880601],[135.283999,34.880769],[135.283856,34.880964],[135.283612,34.881421],[135.283589,34.881512],[135.283577,34.881895],[135.28355,34.881979],[135.283044,34.882167],[135.283046,34.882401],[135.283176,34.882724],[135.283434,34.883019],[135.283468,34.883329],[135.283455,34.883397],[135.283343,34.88347],[135.282715,34.883472],[135.282324,34.883858],[135.282061,34.884223],[135.281719,34.884589],[135.281605,34.884832],[135.281298,34.884864],[135.281094,34.884982],[135.281073,34.88525],[135.280373,34.885799],[135.280367,34.885825],[135.280379,34.885861],[135.280432,34.885909],[135.280576,34.88605],[135.280645,34.88616],[135.280726,34.886291],[135.280773,34.886367],[135.28078,34.88643],[135.28078,34.886544],[135.28077,34.88659],[135.280757,34.886632],[135.280625,34.886777],[135.280568,34.886845],[135.280547,34.88689],[135.280528,34.886968],[135.280483,34.887181],[135.280451,34.887261],[135.280401,34.887363],[135.28038,34.887419],[135.280357,34.887582],[135.280336,34.887682],[135.280302,34.887769],[135.28025,34.887849],[135.280114,34.887995],[135.280058,34.888081],[135.280012,34.888163],[135.279983,34.888254],[135.279951,34.888373],[135.279883,34.888727],[135.279843,34.888901],[135.279802,34.889014],[135.279729,34.889161],[135.279633,34.889323],[135.27957,34.889415],[135.279479,34.889513],[135.279357,34.889641],[135.279225,34.889763],[135.279101,34.889857],[135.278928,34.889958],[135.278761,34.890033],[135.278594,34.890087],[135.278307,34.890156],[135.278086,34.890214],[135.277937,34.890262],[135.277753,34.890344],[135.277526,34.89047],[135.277269,34.890632],[135.277093,34.890758],[135.276864,34.89095],[135.276608,34.891188],[135.276147,34.891617],[135.275787,34.891953],[135.2757,34.892021],[135.275532,34.892136],[135.275441,34.892204],[135.275369,34.892275],[135.275319,34.892335],[135.275133,34.89265],[135.274914,34.893031],[135.274781,34.893274],[135.274771,34.893327],[135.274771,34.893387],[135.274861,34.893613],[135.27487,34.893656],[135.274868,34.89369],[135.27475,34.893981],[135.274669,34.89417],[135.274609,34.894241],[135.274502,34.894344],[135.274474,34.894395],[135.274466,34.894463],[135.274484,34.894587],[135.274522,34.894641],[135.274711,34.894904],[135.274825,34.895243],[135.274834,34.895314],[135.274831,34.895526],[135.274849,34.895569],[135.274887,34.895603],[135.274925,34.895621],[135.275327,34.895701],[135.275442,34.895742],[135.275529,34.895807],[135.275584,34.895857],[135.275609,34.895926],[135.275608,34.895975],[135.275595,34.896016],[135.275499,34.896202],[135.275467,34.896278],[135.275453,34.896383],[135.275456,34.896492],[135.275482,34.896758],[135.275515,34.896885],[135.275597,34.897069],[135.275685,34.897217],[135.275765,34.897325],[135.275911,34.897483],[135.276056,34.897689],[135.276111,34.89782],[135.276144,34.897956],[135.276143,34.898045],[135.276126,34.898103],[135.276105,34.898145],[135.275819,34.898466],[135.275668,34.898677],[135.275619,34.898779],[135.275605,34.898862],[135.275616,34.898944],[135.275638,34.899022],[135.275694,34.899106],[135.275704,34.899166],[135.275697,34.899411],[135.275718,34.899501],[135.275755,34.899555],[135.275861,34.899652],[135.275964,34.899798],[135.276018,34.899917],[135.276064,34.900031],[135.276095,34.900197],[135.27611,34.900335],[135.276116,34.9005],[135.276099,34.900634],[135.276052,34.900789],[135.276051,34.900839],[135.2761,34.900922],[135.276379,34.901104],[135.276453,34.901169],[135.276477,34.901205],[135.276506,34.901404],[135.276549,34.901675],[135.276552,34.90178],[135.276536,34.901896],[135.276491,34.902297],[135.276503,34.902361],[135.276549,34.902424],[135.276632,34.902496],[135.276983,34.902623],[135.27749,34.902896],[135.277599,34.902966],[135.277665,34.903044],[135.277722,34.903119],[135.277786,34.903259],[135.277879,34.903467],[135.277583,34.903633],[135.277413,34.903761],[135.277217,34.903914],[135.277133,34.903993],[135.277083,34.904081],[135.27706,34.904138],[135.277049,34.904318],[135.277059,34.904482],[135.277082,34.904626],[135.277122,34.904697],[135.277368,34.904949],[135.277443,34.905059],[135.277538,34.905238],[135.277665,34.905465],[135.277722,34.905634],[135.277733,34.905687],[135.277727,34.905723],[135.277703,34.905755],[135.277557,34.905919],[135.277512,34.905974],[135.277449,34.906094],[135.277404,34.906162],[135.277352,34.906204],[135.277093,34.90632],[135.277015,34.906363],[135.276945,34.906435],[135.276833,34.906594],[135.276784,34.906669],[135.276744,34.906699],[135.276694,34.906729],[135.276587,34.906792],[135.276493,34.906852],[135.276444,34.906918],[135.276398,34.907016],[135.276377,34.907118],[135.276384,34.907403],[135.276376,34.907678],[135.276362,34.907832],[135.27634,34.907921],[135.276302,34.908006],[135.276276,34.908062],[135.276148,34.908365],[135.276107,34.908502],[135.276057,34.908736],[135.276037,34.908895],[135.276055,34.908986],[135.276089,34.909087],[135.276198,34.909275],[135.276349,34.909582],[135.276389,34.909647],[135.276428,34.909691],[135.276597,34.909846],[135.27682,34.909988],[135.277346,34.91035],[135.277639,34.910547],[135.277688,34.910597],[135.277713,34.910636],[135.277731,34.910717],[135.277732,34.91085],[135.277709,34.910993],[135.277682,34.911119],[135.277647,34.911196],[135.277557,34.911323],[135.277477,34.911393],[135.277284,34.911537],[135.276907,34.911788],[135.27668,34.911917],[135.276483,34.912058],[135.276361,34.912153],[135.276298,34.912222],[135.276155,34.912438],[135.276135,34.912518],[135.27614,34.912639],[135.276166,34.912753],[135.276195,34.912818],[135.276248,34.912887],[135.276291,34.912948],[135.276307,34.913015],[135.276382,34.91324],[135.276414,34.913341],[135.276419,34.913441],[135.276408,34.913514],[135.276332,34.913709],[135.276272,34.913833],[135.276179,34.913973],[135.276088,34.914066],[135.275937,34.914198],[135.275783,34.914307],[135.275739,34.914348],[135.275722,34.914409],[135.27573,34.91453],[135.275745,34.914825],[135.275795,34.915262],[135.275801,34.915745],[135.275809,34.916147],[135.275788,34.916294],[135.275762,34.916467],[135.275743,34.916736],[135.275723,34.916834],[135.275613,34.917175],[135.275614,34.917285],[135.275632,34.917375],[135.275658,34.917541],[135.275664,34.917699],[135.275658,34.917803],[135.275673,34.917898],[135.275754,34.918136],[135.275863,34.918521],[135.276017,34.919074],[135.276044,34.91924],[135.276117,34.919669],[135.276167,34.91991],[135.276221,34.920032],[135.276295,34.920115],[135.276394,34.920195],[135.276468,34.920231],[135.276701,34.920295],[135.276875,34.920321],[135.277449,34.920373],[135.277839,34.92042],[135.27793,34.920455],[135.278,34.920497],[135.278048,34.920543],[135.278112,34.92062],[135.278396,34.920614],[135.278628,34.920591],[135.278742,34.920598],[135.278904,34.920612],[135.279006,34.920632],[135.279155,34.920701],[135.279488,34.920832],[135.279694,34.920908],[135.279949,34.921006],[135.280276,34.921128],[135.280318,34.921036],[135.280358,34.920971],[135.280399,34.920919],[135.280492,34.920837],[135.280529,34.920793],[135.280555,34.920731],[135.280635,34.920611],[135.280837,34.920436],[135.281091,34.920241],[135.281158,34.920218],[135.281191,34.920219],[135.281251,34.920235],[135.281293,34.920231],[135.281331,34.92022],[135.281421,34.920158],[135.281532,34.920101],[135.281755,34.920035],[135.281832,34.91999],[135.281902,34.919912],[135.28208,34.91969],[135.282128,34.919646],[135.282181,34.919625],[135.282269,34.919595],[135.282311,34.919565],[135.282343,34.919497],[135.282342,34.919392],[135.282371,34.918997],[135.282401,34.91895],[135.282484,34.918926],[135.28261,34.918912],[135.28273,34.918924],[135.28283,34.918953],[135.282925,34.919014],[135.282983,34.919054],[135.283221,34.919493],[135.283416,34.91977],[135.283545,34.919921],[135.283733,34.920052],[135.283872,34.920124],[135.284063,34.920195],[135.28431,34.92026],[135.284453,34.920303],[135.284643,34.920406],[135.285009,34.920663],[135.285434,34.920963],[135.285515,34.921054],[135.285663,34.921211],[135.285761,34.921318],[135.285806,34.921397],[135.285822,34.921473]],[[135.310321,34.890975],[135.310218,34.890549],[135.310179,34.89036],[135.310134,34.890172],[135.310081,34.890053],[135.309977,34.889938],[135.309764,34.889747],[135.309469,34.889562],[135.309323,34.889463],[135.309144,34.889388],[135.308416,34.88917],[135.308341,34.889128],[135.308275,34.889067],[135.306633,34.889204],[135.306383,34.889227],[135.306249,34.889199],[135.30604,34.889147],[135.305774,34.889083],[135.305725,34.888982],[135.305698,34.888942],[135.305431,34.888787],[135.305427,34.888757],[135.305497,34.888696],[135.305599,34.888601],[135.305802,34.888485],[135.305857,34.888425],[135.305865,34.888378],[135.305807,34.888318],[135.305648,34.888276],[135.305256,34.888185],[135.305185,34.888159],[135.305151,34.888132],[135.305137,34.888087],[135.305139,34.888042],[135.305258,34.887909],[135.30527,34.887872],[135.305255,34.887824],[135.305193,34.88779],[135.305003,34.887735],[135.304887,34.887697],[135.304783,34.887656],[135.30471,34.887603],[135.30466,34.887523],[135.304661,34.887406],[135.304699,34.887318],[135.304964,34.886992],[135.305088,34.88683],[135.305131,34.886734],[135.305131,34.886657],[135.305092,34.886589],[135.305017,34.886535],[135.304856,34.886475],[135.304608,34.88639],[135.304272,34.88627],[135.304149,34.886238],[135.304041,34.886205],[135.304032,34.885971],[135.304042,34.885874],[135.30406,34.885783],[135.304095,34.885713],[135.304144,34.88565],[135.304203,34.885609],[135.304453,34.885456],[135.304354,34.885425],[135.304239,34.885414],[135.304165,34.885412],[135.304071,34.885429],[135.304028,34.885427],[135.303991,34.885413],[135.303838,34.885312],[135.303799,34.885302],[135.303647,34.885302],[135.303563,34.885286],[135.303481,34.885246],[135.303255,34.885119],[135.303199,34.885328],[135.303185,34.885463],[135.303181,34.885567],[135.303195,34.885652],[135.303218,34.885731],[135.303256,34.885827],[135.301789,34.886013],[135.301733,34.886224],[135.301699,34.886305],[135.301643,34.886344],[135.301534,34.886399],[135.301399,34.886427],[135.301181,34.886418],[135.30085,34.886384],[135.299759,34.886212],[135.298565,34.88673],[135.298423,34.886752],[135.298351,34.886748],[135.298203,34.886712],[135.298168,34.886695],[135.298105,34.886695],[135.298061,34.886714],[135.297971,34.88679],[135.297908,34.886824],[135.297823,34.88685],[135.297726,34.886867],[135.297265,34.886877],[135.297116,34.88689],[135.297034,34.886914],[135.296947,34.886966],[135.296863,34.88705],[135.296795,34.887159],[135.296739,34.887232],[135.296589,34.887371],[135.296464,34.88746],[135.296367,34.887499],[135.296279,34.887508],[135.296267,34.886968],[135.296229,34.886762],[135.296169,34.88657],[135.295934,34.886181],[135.295833,34.886019],[135.295626,34.885747],[135.295455,34.885571],[135.294746,34.884975],[135.294734,34.884913],[135.294773,34.884783],[135.294862,34.88465],[135.294867,34.884602],[135.294838,34.884588],[135.294803,34.884598],[135.294606,34.884705],[135.294421,34.884788],[135.294369,34.884798],[135.294299,34.884789],[135.29424,34.884746],[135.294192,34.884665],[135.29419,34.884493],[135.294195,34.884401],[135.294177,34.884334],[135.294087,34.8841],[135.293997,34.883861],[135.293863,34.883159],[135.293856,34.88304],[135.293872,34.882939],[135.294501,34.882891],[135.294564,34.882847],[135.294589,34.882768],[135.294361,34.882189],[135.294307,34.88206],[135.294243,34.882032],[135.29415,34.882023],[135.294039,34.882028],[135.293698,34.882213],[135.293611,34.882276],[135.293507,34.882301],[135.293303,34.882308],[135.293102,34.882302],[135.291247,34.882058]],[[135.328287,34.892971],[135.327593,34.889589],[135.327498,34.889389],[135.327419,34.889266],[135.327291,34.889151],[135.326489,34.888566],[135.323959,34.886687],[135.3227,34.885734],[135.322632,34.885659],[135.322573,34.885562],[135.322517,34.885442],[135.321727,34.883351],[135.321451,34.882577],[135.321304,34.882123],[135.321276,34.882071],[135.321189,34.881976],[135.321122,34.881921],[135.321005,34.881847],[135.32043,34.881631],[135.320335,34.881612],[135.320183,34.881603],[135.319711,34.881602],[135.319647,34.881592],[135.319616,34.881565],[135.319504,34.880558],[135.319472,34.880502],[135.319422,34.880465],[135.31929,34.880429],[135.318714,34.880389],[135.318501,34.88038],[135.317697,34.880414],[135.317407,34.88039],[135.317239,34.880343],[135.317093,34.880281],[135.316697,34.880002],[135.316564,34.879869],[135.316523,34.879776],[135.316503,34.879668],[135.316561,34.879544],[135.316899,34.879111],[135.316769,34.879047],[135.316374,34.878853],[135.319651,34.872617],[135.319635,34.87255],[135.319641,34.87246],[135.31961,34.87241],[135.31958,34.87237],[135.319473,34.872077],[135.319458,34.871967],[135.319451,34.871861],[135.319483,34.871752],[135.319496,34.871693],[135.319491,34.871592],[135.319494,34.871551],[135.319511,34.87151],[135.319548,34.871458],[135.319615,34.871377],[135.319639,34.871315],[135.31966,34.871253],[135.319662,34.871145],[135.319646,34.871092],[135.319617,34.871058],[135.319576,34.871047],[135.319512,34.871039],[135.319378,34.871075],[135.319297,34.87109],[135.319209,34.871097],[135.319141,34.871101],[135.31904,34.871134],[135.318992,34.871144],[135.318919,34.871146],[135.318847,34.871159],[135.318744,34.871195],[135.318631,34.871256],[135.318576,34.871312],[135.318524,34.871365],[135.318474,34.871478],[135.318445,34.871521],[135.318394,34.871563],[135.318344,34.871594],[135.31828,34.871604],[135.31822,34.871598],[135.318142,34.871568],[135.318058,34.871506],[135.31799,34.87147],[135.317893,34.871438],[135.31746,34.871327],[135.317379,34.871314],[135.317313,34.871322],[135.317271,34.87134],[135.317065,34.871598],[135.316991,34.871657],[135.316837,34.871777],[135.316771,34.871803],[135.316698,34.871815],[135.316605,34.871811],[135.316475,34.871774],[135.316289,34.871723],[135.315978,34.871642],[135.315932,34.871632],[135.315897,34.871641],[135.315884,34.871657],[135.315871,34.871706],[135.315872,34.871872],[135.315869,34.871891],[135.315852,34.871922],[135.315794,34.871976],[135.3157,34.87202],[135.315567,34.872051],[135.31544,34.872062],[135.315324,34.872063],[135.314956,34.87203],[135.3149,34.872016],[135.314861,34.871993],[135.314841,34.871961],[135.31484,34.871904],[135.314882,34.871791],[135.31489,34.871753],[135.314887,34.871702],[135.314843,34.871583],[135.314618,34.871122],[135.314576,34.871053],[135.314533,34.871],[135.314482,34.870956],[135.314341,34.870889],[135.314247,34.870847],[135.314169,34.870795],[135.31408,34.870727],[135.313991,34.870635],[135.313921,34.870573],[135.313831,34.870512],[135.313623,34.870394],[135.313541,34.870346],[135.313472,34.870284],[135.313423,34.87022],[135.313391,34.87017],[135.313371,34.870081],[135.313364,34.870012],[135.313379,34.869979],[135.313403,34.869968],[135.313699,34.870009],[135.3138,34.870015],[135.313927,34.869999],[135.314039,34.86997],[135.314085,34.869942],[135.314117,34.869899],[135.314129,34.869868],[135.314123,34.869835],[135.314094,34.869798],[135.314047,34.869773],[135.313979,34.869735],[135.31384,34.86968],[135.313751,34.869648],[135.313662,34.869626],[135.313539,34.869628],[135.313482,34.869628],[135.313425,34.869616],[135.31334,34.869588],[135.313274,34.869579],[135.313209,34.869581],[135.313137,34.869591],[135.313028,34.86964],[135.312985,34.869651],[135.312922,34.86966],[135.312833,34.869665],[135.312761,34.869687],[135.312669,34.869725],[135.312571,34.869799],[135.312369,34.86988],[135.312038,34.870028],[135.311925,34.870077],[135.311851,34.870088],[135.311807,34.87009],[135.31177,34.870071],[135.311754,34.870038],[135.311761,34.869974],[135.311815,34.869728],[135.311822,34.869652],[135.3118,34.869513],[135.311793,34.869443],[135.311811,34.869344],[135.311813,34.86929],[135.311772,34.869197],[135.311766,34.869148],[135.311773,34.869078],[135.311798,34.868916],[135.311817,34.868874],[135.311845,34.86885],[135.311882,34.868835],[135.311937,34.868829],[135.311991,34.868831],[135.312016,34.868818],[135.312027,34.868787],[135.312022,34.86873],[135.31199,34.868638],[135.311962,34.868533],[135.311916,34.868453],[135.3119,34.868433],[135.311848,34.868401],[135.311747,34.868352],[135.311633,34.868313],[135.311529,34.868294],[135.311426,34.86828],[135.311306,34.868284],[135.311208,34.868301],[135.310953,34.868364],[135.310895,34.868373],[135.310839,34.868365],[135.310765,34.868342],[135.31037,34.868208],[135.310232,34.868127],[135.31011,34.868043],[135.310061,34.867978],[135.310053,34.867926],[135.31006,34.867878],[135.310111,34.867766],[135.310201,34.867629],[135.310592,34.867117],[135.31068,34.867013],[135.310866,34.86684],[135.310923,34.866774],[135.310957,34.866716],[135.310969,34.866669],[135.310953,34.866376],[135.310924,34.866203],[135.310844,34.865908],[135.310721,34.865562],[135.3106,34.86526],[135.3104,34.864906],[135.310324,34.864741],[135.310272,34.864557],[135.310251,34.86441],[135.31025,34.864342],[135.31027,34.864294],[135.310315,34.864256],[135.310383,34.864235],[135.310504,34.864234],[135.310811,34.864246],[135.310877,34.864235],[135.310924,34.864206],[135.31095,34.864173],[135.31095,34.864136],[135.310937,34.864095],[135.310901,34.864057],[135.310837,34.863998],[135.310649,34.863896],[135.310595,34.863839],[135.310561,34.863758],[135.310536,34.863593],[135.310506,34.863494],[135.310442,34.863289],[135.310416,34.863128],[135.310355,34.862788],[135.310308,34.862586],[135.310253,34.86241],[135.310189,34.862253],[135.310131,34.862118],[135.310111,34.861976],[135.310097,34.861798],[135.310109,34.861706],[135.310146,34.861606],[135.310212,34.861488],[135.310285,34.861398],[135.310325,34.861333],[135.310357,34.861255],[135.310372,34.861162],[135.310363,34.861097],[135.310337,34.860999],[135.310258,34.860771],[135.310231,34.860615],[135.310229,34.860495],[135.310251,34.860411],[135.310299,34.860341],[135.310381,34.860273],[135.310891,34.859803],[135.310932,34.859743],[135.310956,34.859683],[135.311033,34.859544],[135.311145,34.859387],[135.31118,34.859319],[135.311222,34.859213],[135.311259,34.859077],[135.311286,34.85885],[135.311312,34.858745],[135.311346,34.858687],[135.311413,34.858623],[135.311519,34.858543],[135.312193,34.858051]],[[135.312193,34.858051],[135.311461,34.857661],[135.310548,34.857127],[135.309178,34.856203],[135.307915,34.85551],[135.306342,34.854837],[135.306046,34.854767],[135.305656,34.854729],[135.305198,34.854686],[135.304354,34.854674],[135.30318,34.854689],[135.302973,34.854691],[135.302722,34.854636],[135.301332,34.854101],[135.301181,34.854056],[135.300942,34.854057],[135.300605,34.854179],[135.300268,34.854363],[135.299988,34.854598],[135.299747,34.854921],[135.299614,34.855273],[135.299561,34.855646],[135.299587,34.855975],[135.29971,34.856253],[135.30001,34.856716],[135.300225,34.856934],[135.300721,34.857435],[135.301282,34.857862],[135.301951,34.858721],[135.302022,34.858906],[135.302004,34.859],[135.301917,34.859088],[135.300823,34.859413],[135.300591,34.85944],[135.296893,34.858751],[135.296679,34.858727],[135.296523,34.858749],[135.296043,34.859032],[135.295762,34.859179],[135.295575,34.859253],[135.295306,34.859296],[135.294593,34.859284],[135.293927,34.859201],[135.29367,34.859203],[135.293432,34.859246],[135.293169,34.859342],[135.293045,34.859462],[135.292922,34.859659],[135.2929,34.859902],[135.292965,34.860155],[135.293137,34.860382],[135.293689,34.860838],[135.293791,34.861018],[135.293831,34.861219],[135.293802,34.861375],[135.293716,34.86152],[135.292944,34.861255],[135.292781,34.861225],[135.292968,34.861765],[135.292924,34.861982],[135.292865,34.862313],[135.292759,34.862605],[135.292548,34.863019],[135.292134,34.863417],[135.291982,34.863535],[135.291888,34.863637],[135.291856,34.863703],[135.291827,34.863863],[135.291782,34.863969],[135.291783,34.864278],[135.291809,34.864411],[135.291803,34.864555],[135.291729,34.864801],[135.291709,34.864948],[135.291737,34.865011],[135.29182,34.865076],[135.292018,34.86518],[135.292122,34.865247],[135.292186,34.865506],[135.292136,34.86574],[135.291924,34.866028],[135.291709,34.866332],[135.291272,34.866646],[135.291182,34.86667],[135.291081,34.866655],[135.290998,34.86657],[135.290884,34.866393],[135.29082,34.866355],[135.290714,34.866405],[135.290598,34.866537],[135.290502,34.866709],[135.290393,34.867021],[135.290273,34.867468],[135.29024,34.867518],[135.289832,34.867875],[135.289802,34.867945],[135.289795,34.868037],[135.289821,34.868116],[135.290016,34.86845],[135.290031,34.86852],[135.290013,34.868608],[135.289967,34.868687],[135.289878,34.86876],[135.28981,34.868792],[135.289651,34.868812],[135.289012,34.868862],[135.288893,34.868935],[135.288729,34.869013],[135.288171,34.869222],[135.287878,34.869587],[135.287708,34.869861],[135.28763,34.870171],[135.287534,34.870419],[135.287486,34.870517],[135.287348,34.870592],[135.287084,34.870687],[135.286921,34.870778],[135.28681,34.870892],[135.2867,34.871064],[135.286685,34.871199],[135.286697,34.87133],[135.286522,34.871514],[135.286509,34.87162],[135.286585,34.872016],[135.286613,34.872297],[135.286587,34.872401],[135.286484,34.872594],[135.286364,34.872779],[135.286258,34.873026],[135.286111,34.873333],[135.286038,34.873426],[135.285958,34.873562],[135.285795,34.873915],[135.285754,34.874181],[135.285735,34.874371],[135.285753,34.874513],[135.28585,34.874877],[135.285836,34.875091],[135.285794,34.875207],[135.285689,34.875658],[135.285693,34.875753],[135.285771,34.875856],[135.285672,34.876068],[135.28526,34.876588],[135.285176,34.876859],[135.285166,34.876951],[135.285357,34.877671],[135.285387,34.877878],[135.285293,34.878145],[135.285699,34.878622],[135.285694,34.878828],[135.28578,34.878988]],[[135.320303,34.898426],[135.320231,34.898408],[135.320226,34.898257],[135.320229,34.898071],[135.320257,34.897904],[135.321075,34.897933],[135.321131,34.89792],[135.32118,34.897898],[135.321301,34.897728],[135.321372,34.897665],[135.32142,34.89764],[135.321528,34.897627],[135.321744,34.897631],[135.321899,34.89762],[135.322101,34.897584],[135.322279,34.897555],[135.322431,34.897509],[135.322569,34.897461],[135.322628,34.89743],[135.322691,34.897398],[135.322738,34.897389],[135.322803,34.897388],[135.323201,34.897411],[135.323405,34.897413],[135.323476,34.897406],[135.323553,34.89737],[135.323642,34.897305],[135.323703,34.897246],[135.323773,34.897136],[135.323908,34.896851],[135.323979,34.896663],[135.324045,34.896529],[135.324172,34.896317],[135.324213,34.896224],[135.324221,34.896184],[135.324223,34.896152],[135.324202,34.896122],[135.324136,34.89608],[135.323977,34.896012],[135.323848,34.895954],[135.323806,34.895923],[135.323794,34.895871],[135.323784,34.895626],[135.323789,34.89555],[135.323804,34.895498],[135.323871,34.895362],[135.323883,34.895295],[135.323876,34.895211],[135.32386,34.895137],[135.323839,34.895061],[135.323798,34.89497],[135.323752,34.894891],[135.323674,34.894806],[135.323569,34.894679],[135.32347,34.894582],[135.323364,34.894489],[135.32323,34.894365],[135.323203,34.894327],[135.323199,34.894285],[135.323212,34.894253],[135.323247,34.894212],[135.323509,34.894014],[135.323756,34.893862],[135.323813,34.893843],[135.323858,34.893843],[135.32393,34.893873],[135.324151,34.893973],[135.324282,34.894024],[135.324398,34.894061],[135.324428,34.894059],[135.324469,34.894053],[135.324534,34.894014],[135.32477,34.893882],[135.32484,34.893861],[135.324954,34.893832],[135.325118,34.893792],[135.325218,34.893769],[135.325324,34.893726],[135.325929,34.893502],[135.326018,34.893474],[135.326118,34.893458],[135.326271,34.893448],[135.326478,34.893436],[135.326591,34.893443],[135.326705,34.893456],[135.326762,34.893454],[135.326821,34.893441],[135.327239,34.893296],[135.327438,34.893248],[135.327558,34.893217],[135.327686,34.893164],[135.328028,34.893024],[135.32812,34.892988],[135.328185,34.892975],[135.328287,34.892971]],[[135.360803,34.863785],[135.360604,34.8635],[135.360496,34.863377],[135.360219,34.863087],[135.360137,34.862984],[135.36007,34.862925],[135.359859,34.862808],[135.359749,34.862723],[135.359702,34.862651],[135.359592,34.862366],[135.359569,34.862241],[135.359579,34.862122],[135.359619,34.861977],[135.359671,34.861845],[135.359779,34.861727],[135.35989,34.861623],[135.360114,34.861513],[135.360193,34.861475],[135.360241,34.861435],[135.360293,34.86134],[135.360386,34.861113],[135.360503,34.860864],[135.360544,34.86076],[135.360551,34.860679],[135.360523,34.860573],[135.3605,34.86044],[135.360505,34.860356],[135.36056,34.860136],[135.360573,34.860035],[135.360558,34.859936],[135.360508,34.859776],[135.360456,34.859654],[135.360396,34.859571],[135.360321,34.859516],[135.360187,34.859456],[135.359519,34.859247],[135.359345,34.859207],[135.359117,34.859126],[135.358564,34.85896],[135.358476,34.858956],[135.358385,34.858991],[135.35816,34.859156],[135.358033,34.85924],[135.357903,34.859318],[135.357151,34.859622],[135.357032,34.859705],[135.356858,34.859775],[135.356664,34.859843],[135.356439,34.859911],[135.355746,34.860065],[135.355597,34.860097],[135.355485,34.860109],[135.354911,34.860163],[135.354679,34.860165],[135.354497,34.860151],[135.354342,34.860122],[135.354144,34.860075],[135.354048,34.860043],[135.35401,34.860008],[135.353996,34.85996],[135.354054,34.859485],[135.354086,34.859258],[135.354138,34.858997],[135.354173,34.858852],[135.354236,34.858713],[135.354367,34.858523],[135.354423,34.858454],[135.354573,34.858305],[135.354713,34.858214],[135.354893,34.858114],[135.355137,34.85798],[135.355888,34.857599],[135.356246,34.857431],[135.356558,34.857296],[135.356688,34.857237],[135.356765,34.857219],[135.356872,34.857214],[135.358386,34.857283],[135.358543,34.857282],[135.358738,34.857254],[135.359048,34.85718],[135.359281,34.857055],[135.359331,34.857009],[135.35937,34.856955],[135.359375,34.85689],[135.359357,34.856802],[135.35933,34.856747],[135.359306,34.856708],[135.35926,34.856682],[135.359161,34.856656],[135.358923,34.856619],[135.358642,34.856598],[135.358465,34.856586],[135.358255,34.856588],[135.358018,34.856612],[135.35702,34.85692],[135.356935,34.856939],[135.356801,34.856991],[135.356745,34.856996],[135.356681,34.856973],[135.356523,34.856857],[135.356461,34.856813],[135.3564,34.856781],[135.356333,34.856757],[135.356229,34.856751],[135.356119,34.856768],[135.35598,34.856794],[135.355863,34.856813],[135.35578,34.856807],[135.355716,34.856785],[135.355647,34.856728],[135.355539,34.856614],[135.355208,34.856192],[135.355104,34.856059],[135.355036,34.855996],[135.354956,34.855942],[135.354881,34.855905],[135.354801,34.855892],[135.354619,34.855885],[135.354512,34.855888],[135.354425,34.855915],[135.354324,34.855947],[135.354151,34.856019],[135.353871,34.856173],[135.353765,34.856228],[135.353652,34.856352],[135.353555,34.856498],[135.3535,34.856606],[135.353147,34.857411],[135.353101,34.85752],[135.353024,34.857579],[135.352947,34.857624],[135.352835,34.857645],[135.352918,34.858347],[135.352938,34.858686],[135.352972,34.8587],[135.353174,34.858751],[135.35321,34.858766],[135.353275,34.858815],[135.35331,34.858903],[135.353333,34.859001],[135.353379,34.859133],[135.35342,34.859294],[135.353396,34.859435],[135.35335,34.859552],[135.353296,34.859637],[135.353203,34.859722],[135.35309,34.859778],[135.352967,34.859803],[135.352766,34.859781],[135.352489,34.859725],[135.352301,34.859695],[135.352053,34.859728],[135.3518,34.859803],[135.351579,34.859907],[135.351337,34.860067],[135.351152,34.860266],[135.351092,34.860295],[135.351041,34.860299],[135.35096,34.860268],[135.350852,34.860198],[135.350743,34.860065],[135.350673,34.859918],[135.350592,34.859545],[135.350612,34.859464],[135.35065,34.859411],[135.352005,34.858389],[135.352017,34.858329],[135.351986,34.858273],[135.351919,34.858215],[135.351657,34.85808],[135.351382,34.857956],[135.351322,34.857953],[135.351254,34.857978],[135.351025,34.858145],[135.350762,34.858267],[135.350587,34.858287],[135.350433,34.858277],[135.350278,34.858236],[135.350122,34.858172],[135.349937,34.858086],[135.349751,34.857933],[135.349564,34.857688],[135.349405,34.857391],[135.34933,34.857216],[135.34923,34.857097],[135.349084,34.856993],[135.348878,34.856928],[135.348644,34.856849],[135.348533,34.856847],[135.348463,34.856863],[135.348379,34.856901],[135.348291,34.856945],[135.348171,34.856982],[135.348131,34.85702],[135.348109,34.85707],[135.348159,34.85731],[135.348234,34.858172],[135.348182,34.858556],[135.348159,34.858621],[135.348098,34.858663],[135.348003,34.858663],[135.347577,34.858559],[135.347529,34.858563],[135.347458,34.858576],[135.347399,34.858603],[135.347328,34.858656],[135.347096,34.858805],[135.347042,34.858841],[135.346968,34.858965],[135.346939,34.85906],[135.346901,34.859579],[135.346863,34.859757],[135.346856,34.859835],[135.346867,34.859903],[135.346899,34.85996],[135.347318,34.860166],[135.34745,34.86019],[135.347553,34.860186],[135.347773,34.860136],[135.347882,34.860086],[135.347936,34.860028],[135.347995,34.85992],[135.348073,34.85978],[135.348172,34.859696],[135.348276,34.859646],[135.348493,34.859572],[135.349075,34.859366],[135.349752,34.859109],[135.349931,34.85905],[135.350036,34.859045],[135.350106,34.859056],[135.350162,34.859114],[135.350173,34.859204],[135.350152,34.85935],[135.350146,34.859518],[135.350156,34.859673],[135.350199,34.859832],[135.350283,34.860043],[135.35038,34.860255],[135.350535,34.86051],[135.350742,34.860755],[135.350816,34.860852],[135.350843,34.860917],[135.350844,34.860972],[135.350714,34.861156],[135.350642,34.861244],[135.350548,34.861292],[135.350366,34.861329],[135.350248,34.861357],[135.35015,34.861382],[135.350044,34.861437],[135.349919,34.861546],[135.349748,34.861679],[135.3497,34.861706],[135.349647,34.86172],[135.349565,34.861717],[135.349467,34.861731],[135.349328,34.861787],[135.349151,34.861884],[135.349017,34.861966],[135.348728,34.86208],[135.348437,34.862243],[135.348258,34.862332],[135.348152,34.862387],[135.348015,34.86253],[135.347933,34.862571],[135.347851,34.862585],[135.347782,34.862572],[135.347703,34.862505],[135.347576,34.862326],[135.347492,34.862192],[135.347422,34.862105],[135.347351,34.862051],[135.347286,34.862021],[135.347213,34.862083],[135.347184,34.862386],[135.347173,34.862542],[135.347017,34.86331],[135.346988,34.863621],[135.346955,34.863751],[135.346891,34.863883],[135.346568,34.864413],[135.346314,34.864733],[135.346091,34.864977],[135.345855,34.8652],[135.34564,34.865354],[135.344903,34.865871],[135.342488,34.865164],[135.341371,34.86488],[135.341253,34.864628],[135.341177,34.864416],[135.341166,34.864023],[135.341307,34.863196],[135.340162,34.863106],[135.33974,34.863423],[135.339552,34.863512],[135.339365,34.863568],[135.33917,34.863588],[135.33899,34.863576],[135.33883,34.863537],[135.338559,34.863465],[135.338399,34.863429],[135.33827,34.863422],[135.338118,34.863443],[135.337873,34.863506],[135.33717,34.863763],[135.336815,34.863894],[135.336065,34.864143],[135.335802,34.864201],[135.335591,34.864201],[135.335419,34.864179],[135.335295,34.864156],[135.335041,34.864077],[135.33464,34.864001],[135.334526,34.863986],[135.334464,34.864],[135.334208,34.86417],[135.334107,34.864255],[135.333,34.865005],[135.332783,34.86514],[135.332726,34.865171],[135.332596,34.865144],[135.332483,34.865124],[135.332305,34.865112],[135.332166,34.865099],[135.332068,34.8651],[135.331921,34.865128],[135.331729,34.865174],[135.331566,34.865239],[135.331419,34.865315],[135.331148,34.865523],[135.327128,34.865559],[135.320669,34.865664],[135.319848,34.865313],[135.319636,34.865237],[135.319256,34.865135],[135.31857,34.864962],[135.318176,34.864902],[135.317895,34.86488],[135.31741,34.864872],[135.317264,34.864858],[135.317129,34.864809],[135.316925,34.864689],[135.316727,34.864573],[135.316536,34.864425],[135.316497,34.864354],[135.316485,34.864306],[135.316502,34.86424],[135.316581,34.864131],[135.316675,34.864047],[135.316766,34.864007],[135.316915,34.863967],[135.317105,34.863995],[135.317256,34.864007],[135.318412,34.864103],[135.31869,34.864155],[135.318802,34.864174],[135.31902,34.864193],[135.319432,34.864189],[135.319727,34.864145],[135.319898,34.864135],[135.320028,34.864141],[135.320221,34.864161],[135.320586,34.8642],[135.320761,34.864237],[135.32086,34.864251],[135.321013,34.864253],[135.321081,34.864266],[135.321168,34.864302],[135.321282,34.864373],[135.322238,34.864898],[135.322487,34.86498],[135.32275,34.865017],[135.322877,34.86501],[135.323081,34.864993],[135.324106,34.864717],[135.324745,34.864568],[135.325416,34.864554],[135.325687,34.864538],[135.325844,34.864552],[135.325952,34.864576],[135.326365,34.864678],[135.326458,34.864667],[135.326534,34.864636],[135.326883,34.864419],[135.327158,34.864308],[135.327354,34.864238],[135.328134,34.864077],[135.328232,34.864061],[135.328363,34.864012],[135.328586,34.863879],[135.328658,34.863837],[135.328738,34.863803],[135.32916,34.863736],[135.329489,34.863657],[135.330054,34.863525],[135.332425,34.862937],[135.333398,34.862644],[135.333646,34.862538],[135.333769,34.862453],[135.333852,34.862383],[135.333946,34.862274],[135.334137,34.861968],[135.333106,34.862046],[135.332779,34.86209],[135.33249,34.862154],[135.330917,34.862572],[135.330198,34.862931],[135.329533,34.863253],[135.329413,34.863311],[135.329308,34.863345],[135.328424,34.863457],[135.328211,34.863485],[135.328116,34.863506],[135.325835,34.864283],[135.323981,34.864194],[135.322853,34.864803],[135.322747,34.864818],[135.322645,34.86481],[135.322517,34.864781],[135.322304,34.864726],[135.322215,34.864694],[135.322149,34.864654],[135.322074,34.864577],[135.322001,34.864476],[135.321888,34.864349],[135.32182,34.8643],[135.321766,34.864268],[135.321733,34.864265],[135.321686,34.864273],[135.321602,34.864319],[135.32155,34.864338],[135.321486,34.864342],[135.321414,34.864332],[135.32136,34.864302],[135.321329,34.864266],[135.321296,34.864196],[135.321226,34.863942],[135.321172,34.863807],[135.321144,34.86374],[135.321085,34.863685],[135.320991,34.863629],[135.320911,34.863597],[135.320826,34.863587],[135.320746,34.863593],[135.320596,34.863627],[135.32055,34.863629],[135.320507,34.863622],[135.320441,34.863595],[135.320387,34.863586],[135.320318,34.863585],[135.32019,34.863577],[135.320041,34.863566],[135.319928,34.86354],[135.31983,34.863497],[135.319713,34.863426],[135.319584,34.863338],[135.319422,34.863174],[135.319346,34.863088],[135.319296,34.863058],[135.319259,34.863047],[135.319209,34.863046],[135.319095,34.863065],[135.319045,34.863074],[135.318981,34.863076],[135.318905,34.863066],[135.318842,34.863062],[135.318692,34.863053],[135.318558,34.863034],[135.318402,34.863011],[135.318121,34.862949],[135.318066,34.862937],[135.317832,34.86296],[135.317659,34.86298],[135.317564,34.862977],[135.317278,34.86294],[135.317182,34.862938],[135.316885,34.862925],[135.316782,34.862902],[135.316488,34.862871],[135.316367,34.862833],[135.316286,34.8628],[135.316172,34.862744],[135.316009,34.862649],[135.315751,34.862524],[135.315624,34.862463],[135.315267,34.862351],[135.315131,34.862331],[135.315061,34.862335],[135.314962,34.862357],[135.314871,34.86236],[135.314779,34.862343],[135.314691,34.862304],[135.314631,34.86226],[135.314513,34.862149],[135.314397,34.86202],[135.314138,34.861655],[135.314073,34.861581],[135.314006,34.861516],[135.313969,34.861465],[135.313726,34.861214],[135.313645,34.861161],[135.313479,34.86109],[135.313376,34.861042],[135.313305,34.86097],[135.313257,34.860895],[135.313184,34.860666],[135.313183,34.860594],[135.313268,34.860327],[135.313588,34.859045],[135.313778,34.858283]],[[135.313778,34.858283],[135.313557,34.858352],[135.313162,34.858374],[135.31282,34.858323],[135.312471,34.858199],[135.312193,34.858051]],[[135.328287,34.892971],[135.329166,34.89297],[135.329285,34.892981],[135.329714,34.893043],[135.329853,34.893037],[135.329937,34.893016],[135.330001,34.892982],[135.330052,34.892933],[135.330323,34.892556],[135.330375,34.892509],[135.330472,34.892452],[135.330785,34.892351],[135.331189,34.89219],[135.331335,34.892122],[135.33153,34.892019],[135.331669,34.891943],[135.331811,34.891851],[135.331954,34.891758],[135.332114,34.891942],[135.332232,34.892071],[135.332307,34.892171],[135.332368,34.892302],[135.332434,34.892457],[135.332507,34.892635],[135.332548,34.892711],[135.332595,34.892749],[135.332647,34.892762],[135.332777,34.89277],[135.333073,34.892756],[135.333226,34.892748],[135.33335,34.892758],[135.333446,34.892777],[135.333521,34.892822],[135.333561,34.892873],[135.333584,34.892938],[135.333651,34.893192],[135.33369,34.893356],[135.333728,34.893419],[135.333762,34.893453],[135.33378,34.893459],[135.333821,34.893454],[135.333909,34.893429],[135.334047,34.893352],[135.334205,34.89326],[135.334575,34.893033],[135.334668,34.892964],[135.334734,34.892894],[135.334775,34.892827],[135.334799,34.892743],[135.334882,34.892501],[135.334916,34.892428],[135.33497,34.892338],[135.335045,34.892223],[135.335112,34.892139],[135.33518,34.892074],[135.335246,34.892026],[135.335328,34.89199],[135.335461,34.891947],[135.335829,34.891798],[135.335943,34.891727],[135.336052,34.891645],[135.336161,34.891561],[135.336222,34.891497],[135.336283,34.891421],[135.336341,34.891335],[135.336366,34.891265],[135.336375,34.8912],[135.336393,34.891107],[135.336541,34.890817],[135.336624,34.890653],[135.336686,34.890573],[135.33673,34.890531],[135.336869,34.89044],[135.336949,34.890393],[135.337017,34.890332],[135.337062,34.890288],[135.337093,34.890209],[135.337176,34.889921],[135.337189,34.889858],[135.33719,34.889788],[135.337191,34.889558],[135.337147,34.889377],[135.336807,34.889143],[135.336646,34.88903],[135.336559,34.88894],[135.336528,34.888885],[135.336496,34.888779],[135.336498,34.888648],[135.33651,34.888293],[135.336525,34.887848],[135.336514,34.887767],[135.336373,34.887415],[135.336341,34.887338],[135.336344,34.88726],[135.336375,34.887168],[135.336415,34.887102],[135.336713,34.886837],[135.337284,34.886318],[135.337382,34.886234],[135.337414,34.886181],[135.337426,34.886129],[135.337382,34.885692],[135.33738,34.885567],[135.337397,34.885408],[135.337402,34.88533],[135.337387,34.885223],[135.337312,34.884751],[135.337287,34.884569],[135.337277,34.884409],[135.337303,34.884203],[135.337345,34.883962],[135.337432,34.883564],[135.337466,34.883406],[135.337478,34.883272],[135.337479,34.883166],[135.337472,34.883009],[135.337456,34.882862],[135.337461,34.882773],[135.337536,34.882407],[135.337575,34.882251],[135.337631,34.88206],[135.337746,34.881882],[135.337814,34.881797],[135.337938,34.881676],[135.33808,34.881564],[135.338138,34.881478],[135.338187,34.881365],[135.338297,34.881146],[135.338415,34.880934],[135.338731,34.880361],[135.338856,34.880136],[135.338935,34.879989],[135.338974,34.879932],[135.339016,34.879887],[135.33927,34.879653],[135.3393,34.879617],[135.339307,34.87958],[135.339292,34.879502],[135.339245,34.879272],[135.339183,34.879037],[135.339154,34.878934],[135.339014,34.878611],[135.338994,34.878516],[135.338902,34.877904],[135.338873,34.877769],[135.338875,34.877707],[135.338915,34.87752],[135.338923,34.877411],[135.338912,34.877123],[135.338865,34.876403],[135.33883,34.875782],[135.338828,34.87564],[135.338848,34.875572],[135.338882,34.875515],[135.339104,34.875266],[135.339153,34.875256],[135.339583,34.8753],[135.339694,34.875303],[135.339793,34.875291],[135.340054,34.875233],[135.340415,34.875178],[135.340531,34.875169],[135.340656,34.875178],[135.341049,34.875217],[135.341222,34.875225],[135.341329,34.875214],[135.341502,34.875201],[135.341736,34.875206],[135.342056,34.875211],[135.342233,34.875192],[135.342511,34.875141],[135.342768,34.87509],[135.342976,34.875043],[135.343167,34.874987],[135.343533,34.874867],[135.343625,34.874819],[135.34369,34.874776],[135.343746,34.874719],[135.343807,34.874652],[135.343879,34.874538],[135.343991,34.874375],[135.344057,34.874302],[135.344127,34.874232],[135.344202,34.874171],[135.344281,34.874117],[135.344371,34.87407],[135.344509,34.874012],[135.344632,34.873969],[135.344749,34.873921],[135.344846,34.873871],[135.34493,34.873816],[135.345003,34.873747],[135.345065,34.873657],[135.345114,34.873563],[135.345192,34.873399],[135.345232,34.873267],[135.345243,34.873213],[135.345238,34.873151],[135.345193,34.872997],[135.345192,34.872892],[135.345273,34.872665],[135.345432,34.872277],[135.345477,34.87222],[135.345523,34.872182],[135.345585,34.872153],[135.345655,34.872137],[135.345768,34.872112],[135.345825,34.872081],[135.345879,34.872028],[135.345895,34.871983],[135.34591,34.871806],[135.345935,34.871721],[135.345988,34.871634],[135.346206,34.871382],[135.346335,34.871243],[135.346405,34.87119],[135.346487,34.87115],[135.346681,34.871056],[135.346791,34.870997],[135.346862,34.87095],[135.346944,34.870883],[135.347138,34.870731],[135.347471,34.870457],[135.347598,34.870341],[135.347691,34.870233],[135.347849,34.870039],[135.347915,34.869901],[135.348048,34.869655],[135.348108,34.869582],[135.348233,34.869446],[135.348354,34.86931],[135.348491,34.869153],[135.348537,34.869071],[135.348582,34.868952],[135.34861,34.868831],[135.348626,34.868708],[135.348619,34.868628],[135.348592,34.868552],[135.348458,34.868262],[135.348419,34.868185],[135.348413,34.868135],[135.348415,34.868048],[135.34846,34.867827],[135.34847,34.867694],[135.348474,34.867542],[135.348466,34.867244],[135.348488,34.867126],[135.348505,34.866992],[135.348492,34.866895],[135.348465,34.866792],[135.348401,34.866582],[135.348393,34.866457],[135.348395,34.866358],[135.348411,34.866235],[135.34848,34.866031],[135.348512,34.865961],[135.348555,34.865902],[135.348607,34.865856],[135.348671,34.865826],[135.348814,34.865779],[135.348913,34.865728],[135.349073,34.865625],[135.34926,34.865509],[135.349388,34.865407],[135.349547,34.865261],[135.349622,34.865193],[135.349678,34.865163],[135.349772,34.865125],[135.34988,34.865083],[135.349976,34.865029],[135.350072,34.864973],[135.350121,34.864922],[135.350162,34.864866],[135.350184,34.864786],[135.350206,34.864687],[135.350238,34.864529],[135.350269,34.864468],[135.350318,34.86441],[135.350353,34.864378],[135.350414,34.864359],[135.350669,34.864323],[135.351132,34.864269],[135.351355,34.864253],[135.351586,34.864244],[135.351838,34.864249],[135.352002,34.864256],[135.352117,34.864268],[135.35222,34.864289],[135.352288,34.864304],[135.352387,34.864346],[135.352503,34.864407],[135.352552,34.864438],[135.352617,34.864492],[135.352662,34.864514],[135.352742,34.86454],[135.352986,34.864587],[135.353309,34.864652],[135.353363,34.864655],[135.353411,34.864647],[135.353481,34.864622],[135.35359,34.864556],[135.353651,34.864541],[135.353725,34.864539],[135.353835,34.864554],[135.354098,34.864603],[135.354341,34.864646],[135.354523,34.864767],[135.354624,34.86482],[135.354731,34.864872],[135.354832,34.864904],[135.354936,34.86492],[135.355044,34.864915],[135.355184,34.86488],[135.355344,34.864849],[135.355423,34.864846],[135.355497,34.864858],[135.355606,34.864893],[135.355764,34.864958],[135.355932,34.865003],[135.35604,34.865048],[135.356246,34.865149],[135.356431,34.865218],[135.356524,34.865248],[135.356584,34.865249],[135.356648,34.865236],[135.356759,34.865195],[135.356864,34.865125],[135.35726,34.864909],[135.357369,34.86486],[135.357442,34.864849],[135.35753,34.86483],[135.357604,34.864799],[135.357695,34.864749],[135.357791,34.86469],[135.357881,34.864636],[135.357942,34.86461],[135.358009,34.864601],[135.358101,34.86461],[135.358232,34.86462],[135.358322,34.864619],[135.358452,34.864594],[135.358888,34.864519],[135.359037,34.864494],[135.359134,34.864469],[135.359294,34.864428],[135.359476,34.864395],[135.359627,34.864369],[135.359776,34.864338],[135.360156,34.864237],[135.360261,34.864202],[135.360359,34.864149],[135.360453,34.86409],[135.360803,34.863785]],[[135.330791,34.801874],[135.327975,34.801897],[135.327862,34.801909],[135.327081,34.802198],[135.326288,34.802521],[135.325723,34.802696],[135.325284,34.802804],[135.324392,34.802932],[135.324038,34.802913],[135.323824,34.802866],[135.323334,34.802644],[135.322736,34.802281],[135.320057,34.804705],[135.319852,34.804932],[135.319682,34.805159],[135.319526,34.805518],[135.319439,34.805747],[135.31931,34.806154],[135.31925,34.806449],[135.31922,34.806708],[135.319181,34.806807],[135.319089,34.806885],[135.318976,34.806919],[135.318729,34.80697],[135.318537,34.807027],[135.318344,34.807105],[135.318122,34.807271],[135.318082,34.807258],[135.317742,34.807596],[135.317542,34.80787],[135.31746,34.80805],[135.317413,34.80823],[135.317401,34.808392],[135.317431,34.80866]],[[135.317431,34.80866],[135.31934,34.808395],[135.319475,34.808405],[135.319715,34.808462],[135.321712,34.809063],[135.322502,34.809371],[135.323437,34.809792],[135.324655,34.810374],[135.325072,34.810574],[135.325427,34.810654],[135.327294,34.810836],[135.327599,34.810837],[135.327863,34.810827],[135.328246,34.810742],[135.32852,34.810748],[135.32883,34.810753],[135.329156,34.810919],[135.329405,34.811018]],[[135.313175,34.793613],[135.31276,34.793381],[135.312227,34.793228],[135.311541,34.793004],[135.310612,34.792756],[135.310141,34.792611],[135.309697,34.792473],[135.309407,34.792414],[135.30925,34.792381]],[[135.30925,34.792381],[135.309229,34.792494],[135.309181,34.79259],[135.309084,34.792718],[135.308914,34.792866],[135.308788,34.792952],[135.30863,34.793076],[135.308525,34.793118],[135.307991,34.793301],[135.307859,34.793331],[135.307484,34.793383],[135.306955,34.7934],[135.30677,34.79346],[135.306638,34.793545],[135.304768,34.795494],[135.304717,34.795556],[135.304172,34.796257],[135.303853,34.796656],[135.3038,34.796763],[135.303767,34.7969],[135.303769,34.797043],[135.303794,34.797177],[135.303858,34.797381],[135.3039,34.797498],[135.303881,34.797599],[135.30382,34.797727],[135.303763,34.797853],[135.303526,34.798182],[135.303463,34.798306],[135.303415,34.798572],[135.303408,34.798689],[135.303416,34.798753],[135.303448,34.798848],[135.303455,34.798926],[135.303446,34.798996],[135.303389,34.799075],[135.303357,34.799238],[135.303251,34.799443],[135.303204,34.799516],[135.303075,34.799653],[135.303059,34.799692],[135.303026,34.799782],[135.302969,34.799886],[135.302779,34.800131],[135.302756,34.80019],[135.302747,34.800277],[135.302388,34.800646],[135.302292,34.800704],[135.302057,34.800952],[135.302,34.80102],[135.301961,34.801135],[135.301898,34.801408],[135.301936,34.801719],[135.301855,34.802041],[135.301849,34.802128],[135.301891,34.802243],[135.301997,34.802331],[135.302178,34.802405],[135.302535,34.802347],[135.302892,34.802319],[135.303082,34.802317],[135.303264,34.802341],[135.303689,34.802319],[135.303978,34.802335],[135.304405,34.802451],[135.304764,34.802605],[135.305269,34.802914],[135.306165,34.803521],[135.306631,34.803445],[135.306875,34.803443],[135.307111,34.80351],[135.307523,34.803651],[135.307752,34.803756],[135.308219,34.804053],[135.308402,34.804145],[135.308761,34.804305],[135.309593,34.80465],[135.310166,34.804846],[135.310334,34.804926],[135.310456,34.805025],[135.310625,34.805143],[135.310801,34.805223],[135.311132,34.805298],[135.312078,34.805411],[135.312221,34.80546],[135.312394,34.805542],[135.312554,34.805604],[135.312746,34.805655],[135.313458,34.806065],[135.313606,34.806211],[135.314918,34.807469],[135.315554,34.807636],[135.315697,34.807724],[135.31613,34.808365],[135.316245,34.808437],[135.316889,34.808693],[135.317044,34.808714],[135.317431,34.80866]],[[135.345718,34.782605],[135.345049,34.782276],[135.344846,34.782199],[135.34468,34.782157],[135.344442,34.782144],[135.344117,34.782161],[135.343765,34.782196],[135.343611,34.782197],[135.343456,34.782164],[135.343242,34.782088],[135.343069,34.782026],[135.342838,34.781989],[135.342547,34.781991],[135.342239,34.781994],[135.341188,34.782078],[135.340739,34.782126],[135.340124,34.782229],[135.339402,34.782362],[135.338123,34.782634],[135.338135,34.782441],[135.338104,34.782304],[135.338001,34.782109],[135.337877,34.782184],[135.337677,34.782278],[135.337482,34.782329],[135.337357,34.782335],[135.337262,34.782301],[135.337226,34.782204],[135.337231,34.78213],[135.337329,34.781973],[135.337394,34.781914],[135.337446,34.781792],[135.33744,34.781665]],[[135.33744,34.781665],[135.337254,34.781718],[135.336942,34.781706],[135.3368,34.781711],[135.336711,34.78173],[135.336529,34.781816],[135.336432,34.781853],[135.336258,34.781888],[135.336147,34.781885],[135.335768,34.781833],[135.335661,34.781827],[135.335447,34.781854],[135.335371,34.781855],[135.335277,34.781808],[135.335214,34.781731],[135.335088,34.78148],[135.335008,34.781419],[135.334851,34.781376],[135.334615,34.781367],[135.334393,34.781405],[135.334153,34.78147],[135.334055,34.781515],[135.333954,34.781618],[135.333694,34.781834],[135.333618,34.781871],[135.333374,34.781954],[135.333286,34.782002],[135.333238,34.782065],[135.333132,34.782358],[135.332746,34.782464],[135.33252,34.782555],[135.33223,34.782513],[135.33202,34.782522],[135.331487,34.782626],[135.331087,34.782717],[135.33093,34.782656],[135.33074,34.782567],[135.330243,34.782391],[135.329681,34.7823],[135.3296,34.782257],[135.329489,34.782258],[135.329231,34.782297],[135.329082,34.782303],[135.328908,34.782294],[135.328654,34.782311],[135.328409,34.782346],[135.328262,34.78234],[135.32809,34.782095],[135.327852,34.781924],[135.327677,34.781826],[135.327606,34.781808],[135.327369,34.781766],[135.327243,34.781701],[135.327104,34.781573],[135.326977,34.781398],[135.326929,34.781104],[135.326825,34.780828],[135.326534,34.780723],[135.326445,34.780698],[135.326374,34.780695],[135.326294,34.780725],[135.325301,34.781498],[135.325155,34.781617],[135.325067,34.781728],[135.324754,34.782181],[135.324641,34.782439],[135.324581,34.782568],[135.324458,34.782738],[135.324269,34.78296],[135.324177,34.783086],[135.323864,34.783579],[135.323808,34.783701],[135.323709,34.78397],[135.32364,34.78418],[135.323602,34.784279],[135.323489,34.784574],[135.323379,34.784768],[135.323247,34.78493],[135.32296,34.785228],[135.322794,34.785358],[135.322622,34.785451],[135.322411,34.785541],[135.321924,34.785704],[135.321444,34.787378],[135.321357,34.787503],[135.321168,34.787643],[135.320824,34.787802],[135.320769,34.78782],[135.320568,34.787883],[135.320278,34.787908],[135.320004,34.787897],[135.319668,34.78783],[135.319403,34.78772],[135.319294,34.787701],[135.319118,34.787702],[135.318167,34.78777],[135.317859,34.787847],[135.317599,34.787934],[135.317315,34.788037],[135.317031,34.788109],[135.316599,34.78822],[135.316121,34.788294],[135.315631,34.788368],[135.315437,34.788364],[135.315224,34.788306],[135.315012,34.788268],[135.314787,34.78827],[135.314376,34.788348],[135.314044,34.788446],[135.313676,34.788584],[135.31344,34.788691],[135.313264,34.788761],[135.313066,34.788894],[135.312788,34.789022],[135.312378,34.78913],[135.31125,34.78927],[135.311091,34.789266],[135.310963,34.789168],[135.310697,34.788709],[135.310521,34.788611],[135.309286,34.788553],[135.308815,34.788488],[135.30695,34.788883],[135.306177,34.788882],[135.305305,34.788756],[135.305184,34.788726],[135.305073,34.788621],[135.304686,34.788647],[135.30451,34.788587],[135.304241,34.788354],[135.303961,34.788083],[135.303497,34.78779],[135.303064,34.787793],[135.302107,34.787869],[135.301515,34.788011],[135.301282,34.788153],[135.301135,34.788272],[135.301015,34.788439],[135.301006,34.788539],[135.301031,34.788629],[135.301313,34.788932],[135.301606,34.789335],[135.301821,34.789595],[135.301948,34.789729],[135.302241,34.789999],[135.302532,34.79024],[135.302656,34.790332],[135.302905,34.790464],[135.303144,34.790608],[135.303212,34.790641],[135.303476,34.790699],[135.303581,34.790729],[135.303766,34.790814],[135.303987,34.790896],[135.30411,34.790965],[135.304192,34.791035],[135.304292,34.791137],[135.30435,34.791176],[135.3045,34.791231],[135.304551,34.791258],[135.304651,34.791375],[135.304729,34.791419],[135.304874,34.791478],[135.305609,34.791649],[135.305928,34.791666],[135.306598,34.791908],[135.306782,34.79201],[135.306884,34.792034],[135.307158,34.79209],[135.307277,34.792128],[135.307479,34.79223],[135.307598,34.792257],[135.307825,34.792277],[135.308039,34.792321],[135.308124,34.792337],[135.308359,34.792349],[135.308512,34.792367],[135.308743,34.79241],[135.308946,34.792406],[135.30916,34.792393],[135.30925,34.792381]],[[135.341901,34.779007],[135.341861,34.779125],[135.341862,34.779221],[135.341895,34.779319],[135.341931,34.779426],[135.341934,34.779505],[135.341886,34.779564],[135.341643,34.779743],[135.341551,34.779843],[135.341283,34.78019],[135.341213,34.780257],[135.341111,34.780287],[135.340897,34.780319],[135.340671,34.780368],[135.339925,34.780621],[135.339049,34.780909],[135.33861,34.781111],[135.33834,34.781238],[135.337988,34.781438],[135.337754,34.781561],[135.337501,34.781648],[135.33744,34.781665]],[[135.352246,34.821122],[135.352077,34.82119],[135.351972,34.82123],[135.351881,34.821299],[135.351749,34.821438],[135.351733,34.821482],[135.351731,34.82157],[135.351742,34.821668],[135.351766,34.821779],[135.351784,34.821853],[135.351788,34.821951],[135.351774,34.822088],[135.351763,34.822209],[135.351724,34.822288],[135.351629,34.822364]],[[135.351629,34.822364],[135.351666,34.822388],[135.35171,34.822396],[135.352123,34.822474],[135.35234,34.822541],[135.352472,34.822613],[135.353293,34.823072],[135.353628,34.82322],[135.353743,34.823295],[135.353866,34.823391],[135.354817,34.82425],[135.355113,34.824549],[135.355712,34.825052],[135.355987,34.825312],[135.356136,34.825403],[135.356272,34.825449],[135.356505,34.825478],[135.356802,34.825481],[135.357028,34.825468],[135.357349,34.825439]],[[135.357349,34.825439],[135.357362,34.825127],[135.357345,34.825002],[135.357292,34.824891],[135.357211,34.824791],[135.357145,34.824686],[135.357076,34.824586],[135.356995,34.824509],[135.356883,34.824413],[135.356827,34.82436],[135.356767,34.824294],[135.356686,34.824192],[135.356639,34.824113],[135.356523,34.823862]],[[135.342143,34.836421],[135.342138,34.836355],[135.342132,34.836235],[135.342117,34.836149],[135.342095,34.836061],[135.342066,34.836018],[135.341999,34.835956],[135.341886,34.835816],[135.341782,34.835664],[135.341752,34.835612],[135.341724,34.835541],[135.341713,34.835447],[135.341731,34.835405],[135.341772,34.835364],[135.341866,34.835344],[135.341949,34.835344],[135.342093,34.835334],[135.342187,34.835308],[135.342267,34.83527],[135.342344,34.83519],[135.342452,34.835038],[135.342602,34.834794],[135.342671,34.83467],[135.342725,34.834548],[135.342784,34.83442],[135.342819,34.834384],[135.342877,34.834356],[135.342965,34.834326],[135.343256,34.83424],[135.343301,34.834205],[135.343354,34.834139],[135.343426,34.833714],[135.343489,34.833493],[135.343599,34.833062],[135.343619,34.83301],[135.343856,34.832678],[135.343935,34.832606],[135.344023,34.832551],[135.344124,34.832504],[135.344287,34.832461],[135.344511,34.83241],[135.34463,34.832377],[135.344697,34.832341],[135.344748,34.832278],[135.344788,34.832194],[135.34481,34.83208],[135.344816,34.831971],[135.344797,34.831651],[135.344796,34.831549],[135.344814,34.831503],[135.344865,34.831436],[135.344914,34.831395],[135.344971,34.831369],[135.34506,34.831351],[135.345349,34.831345],[135.345467,34.831351],[135.345523,34.831367],[135.345564,34.831394],[135.345621,34.831436],[135.345742,34.831547],[135.345785,34.831572],[135.345849,34.831594],[135.345895,34.831594],[135.346062,34.83155],[135.346149,34.831509],[135.3462,34.831464],[135.346234,34.831411],[135.346294,34.831268],[135.346327,34.831217],[135.346365,34.831181],[135.346445,34.831138],[135.34664,34.831051],[135.346705,34.831004],[135.346758,34.830942],[135.346794,34.830874],[135.346856,34.830741],[135.346906,34.83066],[135.346944,34.830618],[135.346989,34.830583],[135.347065,34.830548],[135.347156,34.830504],[135.347212,34.830457],[135.347248,34.830404],[135.347272,34.830317],[135.347279,34.830217],[135.34727,34.830109],[135.347237,34.829929],[135.347207,34.829831],[135.347108,34.829583],[135.347076,34.829497],[135.347066,34.829376],[135.347058,34.829277],[135.347063,34.829123],[135.347073,34.829041],[135.347088,34.828973],[135.347137,34.828823],[135.347161,34.828734],[135.347171,34.828646],[135.347179,34.828556],[135.347194,34.828516],[135.347223,34.828462],[135.347363,34.828223],[135.347389,34.828162],[135.347464,34.827982],[135.347524,34.827878],[135.3478,34.827396],[135.347988,34.827032],[135.348026,34.826945],[135.348047,34.826883],[135.348096,34.826715],[135.348127,34.826522],[135.348134,34.826439],[135.348129,34.826352],[135.34811,34.826282],[135.348058,34.826161],[135.348015,34.825983],[135.347977,34.825837],[135.347958,34.825642],[135.347959,34.825588],[135.347967,34.825554],[135.347991,34.825522],[135.348044,34.825453],[135.348095,34.825352],[135.348174,34.82522],[135.348261,34.82504],[135.34833,34.824874],[135.348365,34.82479],[135.348419,34.824647],[135.348448,34.82458],[135.348578,34.824203],[135.348625,34.824077],[135.34877,34.823846],[135.349098,34.82351],[135.349158,34.823393],[135.349214,34.823298],[135.349219,34.82317],[135.349192,34.822895],[135.349132,34.822774],[135.349107,34.822696],[135.349113,34.822638],[135.349234,34.822399]],[[135.349234,34.822399],[135.349243,34.82236],[135.349246,34.82229],[135.349224,34.821983],[135.349204,34.821917],[135.349149,34.821814],[135.349126,34.82171],[135.349132,34.821389],[135.349158,34.821299],[135.34921,34.821219],[135.349291,34.821135],[135.349412,34.821051],[135.349502,34.821015],[135.349689,34.820985],[135.350317,34.821004],[135.350413,34.820994],[135.350431,34.820979],[135.350428,34.82093],[135.350397,34.820876],[135.350299,34.82076],[135.350123,34.820636],[135.349924,34.820525],[135.350157,34.820346],[135.350133,34.819323],[135.350153,34.819165],[135.350209,34.818798]],[[135.334356,34.81827],[135.334286,34.818324],[135.334165,34.818419],[135.333947,34.818648],[135.333801,34.818854],[135.333675,34.81914],[135.33328,34.819867],[135.333157,34.820118],[135.333099,34.820337],[135.332989,34.820406],[135.332929,34.82048],[135.332843,34.820653],[135.332736,34.820784],[135.332555,34.820785],[135.332392,34.820854],[135.332257,34.82096],[135.332231,34.821088],[135.332561,34.822089],[135.332429,34.822405],[135.332232,34.822647],[135.331611,34.823169],[135.331535,34.823267],[135.331508,34.823346],[135.331537,34.823436],[135.33168,34.823674],[135.331658,34.823735],[135.331596,34.823802],[135.330624,34.824294],[135.330367,34.824408],[135.330001,34.824614],[135.329785,34.824814],[135.329651,34.824969],[135.329675,34.825074],[135.32968,34.825137],[135.32964,34.825213],[135.32938,34.825511],[135.329264,34.825696],[135.32918,34.825872],[135.32911,34.82612],[135.329057,34.826222],[135.328994,34.826297],[135.328913,34.826343],[135.328845,34.826366],[135.328713,34.826378],[135.328422,34.826355],[135.328298,34.82634],[135.328213,34.826353],[135.328052,34.826425],[135.327957,34.826451],[135.327836,34.826439],[135.327749,34.826386],[135.327698,34.826324],[135.327625,34.826138],[135.327589,34.826051],[135.327455,34.825856],[135.32723,34.825563],[135.327183,34.825484],[135.327105,34.825264],[135.327054,34.825194],[135.326978,34.825145],[135.326861,34.825104],[135.326699,34.825055],[135.326608,34.825002],[135.32593,34.825324],[135.325471,34.825521],[135.32513,34.82564],[135.324661,34.82571],[135.323682,34.826022],[135.323401,34.826153],[135.323201,34.826305],[135.323124,34.826444],[135.323516,34.826842],[135.32399,34.827448],[135.32435,34.827785],[135.32473,34.828196],[135.324872,34.828443],[135.32504,34.828769],[135.325273,34.829661],[135.325259,34.829891],[135.325201,34.830107],[135.32502,34.830436],[135.324961,34.830582],[135.32495,34.830693],[135.324999,34.831981],[135.324906,34.832359],[135.324812,34.832713],[135.324722,34.833344],[135.324687,34.83349],[135.324517,34.833812],[135.324223,34.834313],[135.323995,34.834622],[135.323687,34.834967],[135.323355,34.835283],[135.323143,34.835436],[135.322934,34.835549]],[[135.322934,34.835549],[135.323176,34.835781],[135.323306,34.835903],[135.323472,34.83606],[135.323602,34.836168],[135.323879,34.836326],[135.324117,34.836453],[135.324281,34.836523],[135.324413,34.836558],[135.324566,34.836566],[135.324734,34.836552],[135.324854,34.836514],[135.32506,34.836405],[135.325191,34.836313],[135.325309,34.836219],[135.325345,34.836174],[135.325397,34.836074],[135.325468,34.835998],[135.325556,34.83592],[135.325671,34.835856],[135.325831,34.835803],[135.325939,34.835776],[135.326053,34.835779],[135.32624,34.835801],[135.326438,34.835846],[135.326622,34.835873],[135.326806,34.835872],[135.326958,34.83584],[135.327084,34.835777],[135.327545,34.835583],[135.327625,34.83554],[135.32771,34.835472],[135.327742,34.835416],[135.327806,34.835271],[135.327883,34.83513],[135.327993,34.834982],[135.328179,34.834735],[135.328417,34.834498],[135.328699,34.834294],[135.328912,34.834183],[135.329044,34.834131],[135.329542,34.834005],[135.329698,34.83397],[135.330105,34.833866],[135.330295,34.8338],[135.330437,34.833754],[135.330542,34.833691],[135.330614,34.833622],[135.330849,34.8333],[135.330903,34.833413],[135.330922,34.833572],[135.330914,34.833722],[135.330886,34.833855],[135.330854,34.833979],[135.330775,34.834232],[135.330761,34.834318],[135.330774,34.834389],[135.330822,34.834456],[135.330951,34.834597],[135.330986,34.834672],[135.330991,34.834749],[135.330962,34.834967],[135.334561,34.841677],[135.33459,34.841749],[135.334608,34.841857],[135.334609,34.841982],[135.334602,34.842063],[135.334588,34.842186],[135.334559,34.842328],[135.334564,34.842608],[135.334652,34.842547],[135.334778,34.842527],[135.335468,34.842882],[135.335825,34.843044],[135.336089,34.843141],[135.33628,34.843184],[135.336427,34.843201],[135.336553,34.843188],[135.336748,34.843141],[135.336947,34.843076],[135.33708,34.843028],[135.337322,34.842934],[135.337604,34.84279],[135.338062,34.842548],[135.33801,34.842487],[135.337936,34.842439],[135.337607,34.842295],[135.337482,34.84222],[135.337419,34.842153],[135.337351,34.842056],[135.33729,34.841929],[135.337228,34.841811],[135.337219,34.841739],[135.337238,34.841655],[135.337269,34.841573],[135.337318,34.841464],[135.337393,34.841347],[135.337532,34.841141],[135.337565,34.841034],[135.337575,34.840951],[135.337574,34.840868],[135.337545,34.840782],[135.337499,34.840708],[135.337409,34.840627],[135.337302,34.840558],[135.337194,34.840506],[135.33695,34.840428],[135.336854,34.840385],[135.336786,34.840316],[135.336738,34.840244],[135.336712,34.840179],[135.336928,34.840073],[135.337079,34.840016],[135.337405,34.839947],[135.337711,34.839864],[135.337907,34.839793],[135.338147,34.839675],[135.338554,34.839394],[135.338779,34.839223],[135.33916,34.838943],[135.33976,34.838553],[135.340483,34.838028],[135.340649,34.837869],[135.341794,34.836535],[135.342143,34.836421]],[[135.357707,34.840702],[135.35771,34.840737],[135.357706,34.840758],[135.357642,34.84086],[135.357577,34.840913],[135.357517,34.840947],[135.357388,34.841015],[135.357301,34.841035],[135.35711,34.841072],[135.357049,34.841083],[135.356987,34.841079],[135.35694,34.84106],[135.356751,34.840968],[135.356668,34.840938],[135.356587,34.840939],[135.356479,34.840964],[135.356396,34.841011],[135.355884,34.841291],[135.355448,34.841513],[135.355268,34.84165],[135.355098,34.841811],[135.354923,34.84194],[135.354822,34.842048],[135.354756,34.842152],[135.354494,34.842452],[135.354278,34.842789],[135.35425,34.842867],[135.354225,34.842992],[135.354255,34.84332],[135.354239,34.843363],[135.354203,34.843391],[135.354286,34.843574],[135.354398,34.843781],[135.354581,34.84406],[135.354795,34.844345],[135.354875,34.844413],[135.355013,34.8445],[135.355489,34.844766],[135.355833,34.844935],[135.35611,34.845146],[135.356313,34.845281],[135.356514,34.845378],[135.357212,34.845746],[135.35753,34.845895],[135.357872,34.846025],[135.358052,34.846069],[135.358274,34.846099],[135.358567,34.84612],[135.358754,34.846104],[135.358856,34.846061],[135.358945,34.846],[135.359078,34.845889],[135.359149,34.8458],[135.359212,34.845641],[135.359287,34.845688],[135.359403,34.845743],[135.359621,34.845784],[135.360058,34.845814],[135.360208,34.84584],[135.360311,34.845882],[135.360547,34.846038],[135.360807,34.846164],[135.36106,34.846246],[135.361256,34.846276],[135.361468,34.846276],[135.361647,34.846267],[135.361796,34.846231],[135.361919,34.846188],[135.362012,34.846176],[135.362136,34.8462],[135.362294,34.846223],[135.36241,34.846222],[135.362588,34.846189],[135.362896,34.846062],[135.363091,34.845948],[135.363272,34.845781],[135.363595,34.845527],[135.363985,34.845295],[135.364323,34.845182],[135.364442,34.845156],[135.36457,34.84513],[135.364687,34.845135],[135.364819,34.845155],[135.364974,34.845199],[135.365398,34.84534],[135.36571,34.845425],[135.365843,34.84548],[135.365981,34.845577],[135.366201,34.845783],[135.366419,34.845983],[135.366639,34.846171],[135.366808,34.846366],[135.367086,34.84664]],[[135.367086,34.84664],[135.367237,34.846621],[135.367315,34.846599],[135.367365,34.846575],[135.36746,34.846509],[135.367527,34.846483],[135.368179,34.846348],[135.368286,34.846314],[135.368381,34.846284],[135.368469,34.846234],[135.368844,34.846053],[135.368932,34.846011],[135.368997,34.84596],[135.369042,34.845944],[135.36917,34.845943]],[[135.362756,34.822343],[135.362483,34.822402],[135.362394,34.822442],[135.3623,34.822495],[135.362216,34.822566],[135.362035,34.822744],[135.361958,34.822811],[135.361821,34.822904],[135.361652,34.823016],[135.361621,34.823048],[135.361609,34.823072],[135.361605,34.82312],[135.361589,34.823186],[135.361553,34.823264],[135.361496,34.823345],[135.361374,34.823452],[135.361238,34.823582],[135.361069,34.823702],[135.360995,34.823766],[135.360966,34.823803],[135.360945,34.823843],[135.360933,34.823913],[135.360922,34.823993],[135.360892,34.824067],[135.360884,34.824126],[135.360862,34.824158],[135.360836,34.824184],[135.360783,34.824203],[135.360728,34.824223],[135.360701,34.824241],[135.36066,34.824284],[135.360639,34.824304],[135.360598,34.824324],[135.360497,34.824361],[135.360436,34.824397],[135.360403,34.824436],[135.36029,34.824581],[135.360252,34.824644],[135.36022,34.824741],[135.360214,34.824831],[135.360213,34.824949],[135.360199,34.824993],[135.360163,34.825037],[135.360123,34.825107],[135.360097,34.825155],[135.360045,34.825209],[135.360004,34.825247],[135.359961,34.825303],[135.359895,34.825408],[135.359862,34.825466],[135.359834,34.825568],[135.359809,34.825613],[135.359763,34.825644],[135.359686,34.825658],[135.359577,34.825667],[135.35944,34.825659],[135.359331,34.825652],[135.359222,34.825655],[135.359151,34.825666],[135.359101,34.825682],[135.358995,34.825779],[135.358945,34.825821],[135.358882,34.825939],[135.358849,34.825995],[135.358801,34.826041],[135.35875,34.826068],[135.358671,34.82608],[135.358637,34.826095],[135.358577,34.826139],[135.358553,34.826159],[135.358502,34.826176],[135.358459,34.826192],[135.358435,34.826218],[135.358403,34.826277],[135.358369,34.826312],[135.358343,34.826328],[135.358277,34.826336],[135.358188,34.826347],[135.358127,34.826368],[135.358089,34.82639],[135.358017,34.82647],[135.357861,34.826694],[135.357813,34.826755],[135.357701,34.826881],[135.357585,34.827005],[135.357489,34.827094],[135.357335,34.827195],[135.357145,34.82729],[135.356982,34.827393],[135.356932,34.827397],[135.356927,34.827335],[135.356934,34.827283],[135.356969,34.827184],[135.357013,34.827097],[135.357099,34.826933],[135.357182,34.826852],[135.357396,34.826705],[135.357457,34.826644],[135.357489,34.826583],[135.357505,34.826508],[135.357505,34.826412],[135.357441,34.826048],[135.357354,34.825629],[135.357349,34.825439]],[[135.351629,34.822364],[135.351584,34.822297],[135.351512,34.822245],[135.351438,34.822207],[135.351319,34.822172],[135.351155,34.822127],[135.350975,34.822073],[135.350593,34.822009],[135.350454,34.822008],[135.349635,34.822076],[135.349575,34.822174],[135.349478,34.822269],[135.349388,34.822336],[135.349234,34.822399]],[[135.342143,34.836421],[135.342288,34.83682],[135.342445,34.837306],[135.342557,34.837671],[135.342645,34.837878],[135.342787,34.838098],[135.342917,34.838237],[135.343153,34.838482],[135.343455,34.838695],[135.343737,34.838849],[135.344014,34.838952],[135.344214,34.838994],[135.34449,34.839019],[135.344949,34.839033],[135.345315,34.839038],[135.347378,34.839103],[135.34733,34.839293],[135.347332,34.839426],[135.347372,34.839582],[135.347438,34.839768],[135.347545,34.839935],[135.347684,34.840051],[135.347846,34.840128],[135.348116,34.84021],[135.348545,34.840281],[135.348812,34.840357],[135.348993,34.840418],[135.34912,34.840478],[135.349211,34.840567],[135.349336,34.840699],[135.349456,34.840776],[135.349604,34.840834],[135.349766,34.84086],[135.350172,34.840839],[135.350314,34.840865],[135.350443,34.840899],[135.350678,34.841058],[135.350802,34.841135],[135.350989,34.8412],[135.351251,34.841256],[135.351431,34.841267],[135.351733,34.841243],[135.3521,34.841171],[135.352235,34.841117],[135.352613,34.840922],[135.352778,34.840885],[135.352883,34.840881],[135.352978,34.840892],[135.353067,34.840944],[135.353124,34.840994],[135.353187,34.841064],[135.353207,34.841177],[135.35324,34.841882],[135.353265,34.842154],[135.353283,34.842277],[135.353319,34.842337],[135.353969,34.841931],[135.354348,34.841697],[135.354628,34.841511],[135.356206,34.840502],[135.356454,34.840346],[135.3566,34.840245],[135.356712,34.840135],[135.356801,34.840039],[135.356895,34.839917],[135.356941,34.839786],[135.356964,34.839568],[135.357012,34.839116],[135.357022,34.838933],[135.357068,34.838769],[135.357214,34.838518],[135.35733,34.838384],[135.357675,34.838029],[135.357859,34.837761],[135.358004,34.837483],[135.358099,34.837219],[135.358204,34.836872],[135.358251,34.836743],[135.358298,34.836639],[135.358442,34.836437],[135.358706,34.836069],[135.358868,34.835837],[135.358905,34.835754],[135.358972,34.835505],[135.359047,34.835344],[135.359262,34.834916],[135.359356,34.834754],[135.359422,34.834607],[135.35945,34.834519],[135.359477,34.834344],[135.359491,34.834274],[135.35953,34.834186],[135.359749,34.833883],[135.359802,34.833764],[135.359867,34.833646],[135.359982,34.833436],[135.360135,34.833203],[135.360208,34.833077],[135.360289,34.832977],[135.360339,34.832931],[135.360562,34.832719],[135.360604,34.832671],[135.360621,34.832634],[135.360617,34.832555],[135.360612,34.832431],[135.360628,34.83232],[135.360647,34.832172],[135.360647,34.832124],[135.360627,34.832087],[135.360569,34.832057],[135.360344,34.831937],[135.360255,34.831888],[135.360196,34.831825],[135.360152,34.831744],[135.360134,34.831649],[135.3601,34.831579],[135.360031,34.83149],[135.359888,34.831288],[135.359839,34.831166],[135.359837,34.83102],[135.359842,34.830869],[135.359879,34.830755],[135.359975,34.830599],[135.360021,34.830547],[135.360086,34.830494],[135.360109,34.830457],[135.360104,34.830384],[135.360112,34.830343],[135.360133,34.830276],[135.360142,34.830224],[135.360124,34.830069],[135.360134,34.829985],[135.360158,34.82994],[135.360212,34.829858],[135.360335,34.829695],[135.360405,34.829623],[135.360508,34.829536],[135.360813,34.829336],[135.360948,34.829183],[135.36099,34.829116],[135.361048,34.828994],[135.361079,34.828916],[135.361128,34.828852],[135.36121,34.828785],[135.361365,34.828699],[135.361706,34.82852],[135.361771,34.828474],[135.361824,34.828419],[135.361856,34.828363],[135.361922,34.828108]],[[135.38942,34.835128],[135.389555,34.835009],[135.389574,34.834992],[135.389602,34.834951],[135.389607,34.834908],[135.389587,34.834869],[135.389479,34.834762],[135.38943,34.834708],[135.389398,34.834632],[135.389382,34.834555],[135.389364,34.834162],[135.389626,34.834113],[135.389666,34.834157],[135.389733,34.834225],[135.389789,34.834323],[135.389788,34.834385],[135.389766,34.834456],[135.389731,34.834597],[135.389722,34.834649],[135.389731,34.834713],[135.389761,34.834802],[135.389871,34.83504],[135.390042,34.835439],[135.390079,34.835481],[135.390148,34.835532],[135.390424,34.835718],[135.390892,34.83603],[135.391068,34.835865],[135.391148,34.835875],[135.391271,34.835934],[135.391191,34.836015],[135.391399,34.836178],[135.39141,34.836206],[135.391363,34.836375],[135.391394,34.836396],[135.391445,34.836403],[135.391531,34.836354],[135.39153,34.836271],[135.391624,34.836274],[135.391627,34.836175],[135.391828,34.836198],[135.391897,34.836294],[135.391879,34.836414],[135.392223,34.836444],[135.392234,34.836322],[135.392492,34.836296],[135.392803,34.836265],[135.393202,34.836256],[135.39326,34.836133],[135.393618,34.836125]],[[135.379939,34.840793],[135.381104,34.841232],[135.383726,34.842131],[135.383817,34.84215],[135.383908,34.842141],[135.38395,34.84211],[135.384082,34.841957],[135.384154,34.841907],[135.384221,34.841875],[135.384433,34.841783],[135.384524,34.841727],[135.384574,34.841694],[135.38465,34.841611],[135.384703,34.841576],[135.385176,34.841403],[135.385262,34.841379],[135.385346,34.841366],[135.385525,34.841344],[135.385581,34.841325],[135.385628,34.841295],[135.385672,34.841232],[135.385877,34.840918],[135.385943,34.840846],[135.386101,34.840738],[135.386207,34.840691],[135.386302,34.840667],[135.386717,34.840607],[135.386834,34.840583],[135.386957,34.840561],[135.387162,34.840505],[135.387306,34.840459],[135.387623,34.840299],[135.387728,34.840232],[135.387777,34.840184],[135.387853,34.840092],[135.387964,34.839949],[135.388033,34.839845],[135.388165,34.839531]],[[135.396815,34.838863],[135.396802,34.838975],[135.396729,34.839107],[135.396638,34.839252],[135.396579,34.839314],[135.396494,34.839367],[135.396279,34.839449],[135.395944,34.839557],[135.395933,34.839561],[135.395679,34.839547],[135.395617,34.839559],[135.395563,34.839596],[135.395299,34.839823],[135.395251,34.839855],[135.395075,34.839941],[135.394944,34.840179],[135.39455,34.840712],[135.394516,34.840771],[135.39451,34.840811],[135.394545,34.840858],[135.395039,34.841403],[135.395122,34.841338],[135.39546,34.840774],[135.396021,34.84046],[135.396534,34.840167],[135.396604,34.840077],[135.396734,34.839782],[135.396831,34.839523],[135.396988,34.839127]],[[135.360803,34.863785],[135.360816,34.863804],[135.361022,34.864011],[135.361119,34.864084],[135.361223,34.864115],[135.361316,34.86412],[135.361387,34.864111],[135.361425,34.864098],[135.361963,34.86392],[135.362084,34.863842],[135.362158,34.863774],[135.362207,34.863692],[135.362234,34.863597],[135.362247,34.863503],[135.362227,34.863357],[135.36217,34.862904],[135.362193,34.862751],[135.36223,34.862598],[135.36229,34.862495],[135.36237,34.862403],[135.36248,34.862314],[135.362681,34.862169],[135.362823,34.862097],[135.362967,34.861952],[135.36309,34.86186],[135.363218,34.861806],[135.36341,34.861769],[135.36357,34.861759],[135.363734,34.86175],[135.363838,34.86174],[135.36393,34.861716],[135.364024,34.861674],[135.364129,34.861608],[135.364394,34.861406],[135.36472,34.861171],[135.364878,34.861061],[135.36539,34.860794],[135.365529,34.860977],[135.365621,34.861097],[135.365691,34.861144],[135.365777,34.861177],[135.365853,34.861182],[135.365971,34.861181],[135.36614,34.861154],[135.366218,34.861152],[135.366278,34.861159],[135.366357,34.861169],[135.366408,34.861175],[135.36647,34.861168],[135.366638,34.861112],[135.366682,34.861115],[135.366753,34.861132],[135.367048,34.861257],[135.367143,34.861273],[135.367237,34.861272],[135.367794,34.861232],[135.367957,34.861199],[135.368031,34.861181],[135.36807,34.861165],[135.368123,34.861131],[135.368425,34.860867],[135.368586,34.860735],[135.368627,34.86071],[135.368694,34.860687],[135.368899,34.860616],[135.368975,34.860575],[135.36905,34.860521],[135.369107,34.860462],[135.369142,34.860437],[135.369247,34.860392],[135.369302,34.860348],[135.369382,34.860287],[135.369435,34.860267],[135.369624,34.860198],[135.369753,34.860136],[135.369828,34.860092],[135.369881,34.860048],[135.369931,34.859987],[135.37009,34.859745],[135.370126,34.859663],[135.370128,34.859617],[135.370114,34.859583],[135.370072,34.859486],[135.370064,34.859421],[135.370077,34.859339],[135.370191,34.859048],[135.370214,34.858994],[135.370292,34.858845],[135.370369,34.858717],[135.370442,34.858643],[135.370644,34.858442],[135.370855,34.858274],[135.370933,34.858217],[135.370992,34.858148],[135.371084,34.858044],[135.371139,34.857969],[135.371213,34.857906],[135.371466,34.857785],[135.371683,34.857699],[135.372033,34.857611],[135.372301,34.85755],[135.372401,34.857515],[135.372466,34.857435],[135.3725,34.857366],[135.372539,34.857259],[135.372577,34.857206],[135.372624,34.857176],[135.372735,34.857146],[135.372794,34.857113],[135.372825,34.85707],[135.372855,34.856933],[135.372878,34.856897],[135.372925,34.856878],[135.373025,34.856846],[135.373112,34.856809],[135.373209,34.856694],[135.373275,34.85657],[135.373277,34.856417],[135.373269,34.856298],[135.373216,34.856165],[135.373381,34.856072],[135.373491,34.856036],[135.373634,34.856044],[135.373777,34.856098],[135.373896,34.856172],[135.373981,34.856276],[135.37404,34.856314],[135.374215,34.856378],[135.374374,34.856419],[135.374461,34.856421],[135.374532,34.856401],[135.374633,34.85628],[135.374693,34.856254],[135.374732,34.85625],[135.374789,34.856271],[135.374819,34.856295],[135.374853,34.856314],[135.374874,34.856314],[135.374905,34.856297],[135.374952,34.856256],[135.374748,34.855765],[135.374651,34.855522],[135.374612,34.855386],[135.374611,34.855285],[135.374624,34.855194],[135.374657,34.855069],[135.374682,34.85496],[135.374682,34.854907],[135.374664,34.854843],[135.374626,34.854804],[135.374557,34.854734],[135.374455,34.854668],[135.374316,34.854586],[135.374187,34.854517],[135.373851,34.85435],[135.373552,34.854213],[135.373192,34.854013],[135.372617,34.854215],[135.372183,34.854362],[135.37197,34.854426],[135.371801,34.854491],[135.371573,34.854583],[135.371428,34.854631],[135.370933,34.854751],[135.370479,34.854877],[135.370326,34.854921],[135.370163,34.854984],[135.369768,34.855148],[135.369597,34.854369],[135.369483,34.853851],[135.369336,34.853291],[135.369321,34.853237],[135.369304,34.853217],[135.369227,34.853175],[135.36917,34.853125],[135.36911,34.85307],[135.369073,34.85305],[135.368981,34.853001],[135.368933,34.85296],[135.368838,34.852835],[135.368749,34.852691],[135.368711,34.852646],[135.36866,34.852614],[135.368477,34.85251],[135.368376,34.852424],[135.368298,34.852335],[135.36822,34.852208],[135.368091,34.851971],[135.368044,34.851845],[135.368025,34.851762],[135.367975,34.851549],[135.367932,34.851266],[135.368398,34.85105],[135.36864,34.850949],[135.36881,34.850858],[135.369126,34.850683],[135.369251,34.850625],[135.369417,34.850484],[135.369597,34.850308],[135.369741,34.850141],[135.370053,34.849787],[135.370211,34.849606],[135.37028,34.849538],[135.370328,34.84951],[135.370388,34.849487],[135.370445,34.849472],[135.370496,34.849463],[135.370544,34.849461],[135.370608,34.849462]],[[135.370608,34.849462],[135.370255,34.849322],[135.370192,34.849294],[135.370145,34.849252],[135.37012,34.849212],[135.370117,34.849167],[135.37013,34.849093],[135.370265,34.84857],[135.37025,34.848436],[135.370231,34.848381],[135.37013,34.84818],[135.370087,34.848165],[135.369929,34.848146],[135.369829,34.848141],[135.369615,34.848165],[135.369558,34.848176],[135.369336,34.848212],[135.36931,34.848211],[135.369289,34.8482],[135.369292,34.848159],[135.369318,34.848071],[135.369333,34.847941],[135.369307,34.847828],[135.369285,34.847786],[135.369197,34.847708],[135.369159,34.847682],[135.369013,34.847562],[135.368858,34.84747],[135.368736,34.847407],[135.368684,34.84736],[135.368648,34.847305],[135.368614,34.84722],[135.368609,34.847125],[135.368608,34.846998],[135.368636,34.846917],[135.368706,34.846812],[135.368877,34.84667],[135.36899,34.846586],[135.369131,34.846529],[135.369223,34.846504],[135.369301,34.846494],[135.369491,34.846515],[135.369585,34.846513],[135.369625,34.846508],[135.36965,34.846492],[135.36966,34.846463],[135.369651,34.84643],[135.369602,34.846385],[135.369512,34.846357],[135.369425,34.846353],[135.36926,34.84637],[135.368861,34.846464],[135.368785,34.846476],[135.368674,34.846464],[135.368443,34.846421],[135.368354,34.846419],[135.36827,34.846427],[135.368083,34.846469],[135.367845,34.846529],[135.367351,34.846662],[135.367249,34.846684],[135.367172,34.846684],[135.367086,34.84664]],[[135.322934,34.835549],[135.322803,34.83562],[135.322218,34.835826],[135.321689,34.836017],[135.321379,34.836171],[135.321094,34.836334],[135.320838,34.836546],[135.320763,34.836745],[135.320771,34.836954],[135.320882,34.837746],[135.320968,34.838533],[135.320935,34.838936],[135.32084,34.839518],[135.320714,34.839971],[135.320561,34.840246],[135.320458,34.840369],[135.320327,34.840429],[135.320026,34.840517],[135.319836,34.840614],[135.319477,34.840879],[135.319178,34.841135],[135.319043,34.84133],[135.318939,34.8416],[135.318865,34.841805],[135.318704,34.8421],[135.318575,34.842318],[135.318533,34.84249],[135.318387,34.843385],[135.318334,34.843489],[135.318269,34.84358],[135.318067,34.843753],[135.317831,34.843935],[135.317673,34.844175],[135.31723,34.845046],[135.317128,34.845158],[135.316886,34.845351],[135.316387,34.845872],[135.316331,34.846026],[135.316363,34.846482],[135.316326,34.846668],[135.316232,34.846838],[135.316085,34.846972],[135.315008,34.84754],[135.314446,34.847884],[135.314128,34.848216],[135.313793,34.848669],[135.313693,34.848882],[135.313691,34.84906],[135.313791,34.849361],[135.314034,34.849778],[135.314656,34.850643],[135.315051,34.851151],[135.315482,34.851684],[135.315944,34.852162],[135.316056,34.85231],[135.316119,34.852524],[135.316124,34.852911],[135.316058,34.853299],[135.315834,34.853932],[135.315503,34.854505],[135.315422,34.854733],[135.315418,34.854956],[135.315525,34.855825],[135.31555,34.85604],[135.315546,34.856257],[135.315415,34.856555],[135.314516,34.857809],[135.314268,34.858044],[135.313903,34.858243],[135.313778,34.858283]],[[135.404856,34.844109],[135.405773,34.84401],[135.405864,34.844001],[135.406289,34.843934],[135.406448,34.843884],[135.406547,34.843837],[135.406678,34.843751],[135.406746,34.843689],[135.406881,34.843516],[135.406973,34.843379],[135.407016,34.843294],[135.407058,34.843154],[135.4071,34.843091],[135.407164,34.843037],[135.407601,34.842727],[135.407758,34.842628],[135.407908,34.842545],[135.407971,34.842517],[135.408028,34.842491],[135.408153,34.842461],[135.408343,34.842441],[135.408565,34.842431],[135.408663,34.842434],[135.408759,34.842442],[135.408908,34.842477],[135.409009,34.842487]],[[135.395031,34.838756],[135.395028,34.838821],[135.394572,34.838846],[135.394464,34.838735],[135.394094,34.838897],[135.393749,34.838897],[135.393733,34.83912],[135.39349,34.839122],[135.39348,34.838979],[135.393319,34.83898],[135.393323,34.838889],[135.393271,34.83889],[135.393268,34.83875],[135.393329,34.838752],[135.393343,34.838437],[135.393254,34.838308],[135.393174,34.838352],[135.393138,34.838385],[135.39312,34.838427],[135.39307,34.838758],[135.393046,34.838927],[135.393026,34.83901],[135.392973,34.839094],[135.392903,34.839179],[135.392737,34.839212],[135.392699,34.839479],[135.392523,34.839496],[135.392359,34.839521],[135.392343,34.839419],[135.39233,34.839337],[135.392259,34.83905],[135.392609,34.838768],[135.392578,34.838595],[135.392532,34.838498],[135.392599,34.838426],[135.392551,34.838351],[135.392399,34.838491],[135.392047,34.838401],[135.392022,34.838257],[135.391853,34.838423],[135.391871,34.838185],[135.392175,34.83817],[135.392209,34.83805],[135.39222,34.837949]],[[135.370608,34.849462],[135.370694,34.84949],[135.370854,34.849569],[135.370964,34.849624],[135.371115,34.849709],[135.371243,34.849771],[135.37139,34.849816],[135.371494,34.849831],[135.372038,34.849841],[135.372711,34.849857],[135.372973,34.849853],[135.373112,34.849843],[135.373733,34.849756],[135.374144,34.849672],[135.374217,34.84964],[135.37497,34.849199],[135.375179,34.849057],[135.375444,34.848857],[135.375573,34.848773],[135.375903,34.848575],[135.376088,34.848421],[135.376486,34.848125],[135.376631,34.848048],[135.37691,34.847919],[135.376987,34.848132],[135.377062,34.848232],[135.377182,34.848298],[135.377275,34.84833],[135.377419,34.848351],[135.377839,34.848348],[135.377899,34.848332],[135.377936,34.848298],[135.377971,34.848262],[135.378138,34.847618],[135.378175,34.847584],[135.378227,34.847579],[135.378265,34.847584],[135.378295,34.847612],[135.378378,34.84775],[135.378498,34.848051],[135.378635,34.848417],[135.378814,34.848794],[135.378895,34.84893],[135.378975,34.84903],[135.379176,34.849214],[135.379444,34.849484],[135.379524,34.849545],[135.379737,34.8497],[135.379776,34.849738],[135.379818,34.849774],[135.379842,34.849824],[135.379842,34.849869],[135.379833,34.849957],[135.37981,34.850148],[135.379838,34.850179],[135.379884,34.850205],[135.380021,34.850254],[135.380066,34.850222],[135.380098,34.850176],[135.38015,34.850054],[135.380194,34.850003],[135.380255,34.84995],[135.380272,34.849904],[135.380341,34.849779],[135.380411,34.849672],[135.380445,34.849585],[135.380446,34.849473],[135.380464,34.849268],[135.38047,34.849215],[135.380497,34.84916],[135.380583,34.8491],[135.380698,34.849017],[135.380776,34.848935],[135.380837,34.848829],[135.380942,34.848647],[135.381004,34.848488],[135.381043,34.848402],[135.381065,34.848353],[135.381109,34.848307],[135.381358,34.848069],[135.381471,34.847964],[135.381608,34.847873],[135.381729,34.847811],[135.381844,34.847769],[135.382029,34.84772],[135.382195,34.847696],[135.382542,34.847633],[135.382668,34.84761],[135.382774,34.847576],[135.382867,34.847529],[135.382984,34.847459],[135.383175,34.847333],[135.383242,34.847302],[135.383318,34.847285],[135.383775,34.847239],[135.383908,34.847218],[135.383965,34.847197],[135.384021,34.84716],[135.384062,34.847094],[135.384152,34.846892],[135.384191,34.84679],[135.384223,34.846677],[135.384245,34.846644],[135.384281,34.846611],[135.384358,34.846576],[135.384584,34.846511],[135.384651,34.846479],[135.384715,34.846434],[135.384841,34.846305],[135.384941,34.846225],[135.385049,34.846147],[135.385185,34.846045],[135.385265,34.845946],[135.385321,34.845866],[135.38534,34.845807],[135.385332,34.845727],[135.385045,34.8444],[135.38531,34.844464],[135.38554,34.844501],[135.385964,34.844565],[135.386106,34.844578],[135.386195,34.844571],[135.386259,34.844554],[135.38632,34.844525],[135.386649,34.844203],[135.386862,34.844036],[135.386953,34.843976],[135.387093,34.843909],[135.387231,34.843849],[135.387382,34.843811],[135.387545,34.843785],[135.387708,34.843778],[135.387917,34.843777],[135.388165,34.843793],[135.388296,34.843808],[135.388455,34.843833],[135.388714,34.843879],[135.388793,34.84388],[135.388887,34.843867],[135.388983,34.843842],[135.38919,34.843765],[135.389326,34.843701],[135.38937,34.84369],[135.389454,34.843679],[135.389871,34.843676],[135.389965,34.843669],[135.390415,34.843594],[135.39086,34.843518],[135.390961,34.843491],[135.391067,34.843451],[135.391222,34.843372],[135.392338,34.842658],[135.392497,34.842572],[135.392632,34.842522],[135.39277,34.842484],[135.392926,34.842458],[135.393054,34.842445],[135.393188,34.842448],[135.393277,34.842463],[135.393389,34.842495],[135.393509,34.842541],[135.393675,34.842619],[135.393867,34.842729],[135.393961,34.842807],[135.394131,34.843006],[135.394221,34.843083],[135.394323,34.843142],[135.39441,34.843179],[135.394521,34.843214],[135.394826,34.843295],[135.394962,34.843321],[135.395098,34.843357],[135.395372,34.843454],[135.395718,34.843579],[135.395919,34.843657],[135.396125,34.843749],[135.396292,34.843823],[135.396511,34.843938],[135.396671,34.844036],[135.397077,34.844344],[135.39716,34.8444],[135.397267,34.844456],[135.397853,34.844723],[135.398085,34.844829],[135.398403,34.844971],[135.398609,34.845065],[135.398655,34.845083],[135.398745,34.845123],[135.399007,34.84519],[135.399472,34.845307],[135.399598,34.845325],[135.399696,34.845332],[135.399808,34.845327],[135.399943,34.845289],[135.400001,34.845275],[135.40005,34.845279],[135.400067,34.845296],[135.400257,34.845577],[135.400287,34.845605],[135.400325,34.845618],[135.400375,34.845623],[135.400454,34.845607],[135.400549,34.845576]]],"bbox":[135.274466,34.772051,135.413221,34.962371]}
